SET session_replication_role = replica;

--
-- PostgreSQL database dump
--

-- Dumped from database version 15.8
-- Dumped by pg_dump version 15.8

SET statement_timeout = 0;
SET lock_timeout = 0;
SET idle_in_transaction_session_timeout = 0;
SET client_encoding = 'UTF8';
SET standard_conforming_strings = on;
SELECT pg_catalog.set_config('search_path', '', false);
SET check_function_bodies = false;
SET xmloption = content;
SET client_min_messages = warning;
SET row_security = off;

--
-- Data for Name: audit_log_entries; Type: TABLE DATA; Schema: auth; Owner: supabase_auth_admin
--

COPY "auth"."audit_log_entries" ("instance_id", "id", "payload", "created_at", "ip_address") FROM stdin;
00000000-0000-0000-0000-000000000000	c75d1686-cb7e-4a38-9bab-a4992b9244fe	{"action":"user_confirmation_requested","actor_id":"042aeca7-3524-4219-bfab-70cc20c5ef50","actor_username":"a01741300@tec.mx","actor_via_sso":false,"log_type":"user","traits":{"provider":"email"}}	2025-04-03 04:06:32.497189+00	
00000000-0000-0000-0000-000000000000	b32e9982-7a4c-4651-aa69-74a9aa05ace4	{"action":"user_confirmation_requested","actor_id":"0389c6c9-da35-4cce-b72a-bef52dbbb044","actor_username":"rikytellez04@gmail.com","actor_via_sso":false,"log_type":"user","traits":{"provider":"email"}}	2025-04-03 04:37:07.024608+00	
00000000-0000-0000-0000-000000000000	5fd98b4e-482b-4a5a-8831-ed75ac0df22a	{"action":"user_confirmation_requested","actor_id":"593dd4d3-a8d6-44f1-98bb-137d838d3f7d","actor_username":"rikytellez04@hotmail.com","actor_via_sso":false,"log_type":"user","traits":{"provider":"email"}}	2025-04-03 04:47:56.174506+00	
00000000-0000-0000-0000-000000000000	b362f263-5661-4c84-a927-0c7594aa404b	{"action":"user_deleted","actor_id":"00000000-0000-0000-0000-000000000000","actor_username":"service_role","actor_via_sso":false,"log_type":"team","traits":{"user_email":"a01741300@tec.mx","user_id":"042aeca7-3524-4219-bfab-70cc20c5ef50","user_phone":""}}	2025-04-03 06:21:48.521342+00	
00000000-0000-0000-0000-000000000000	c5eb5207-38e9-47b6-abf5-efee6860c06f	{"action":"user_deleted","actor_id":"00000000-0000-0000-0000-000000000000","actor_username":"service_role","actor_via_sso":false,"log_type":"team","traits":{"user_email":"rikytellez04@hotmail.com","user_id":"593dd4d3-a8d6-44f1-98bb-137d838d3f7d","user_phone":""}}	2025-04-03 06:21:48.559606+00	
00000000-0000-0000-0000-000000000000	f8591825-b2ef-4747-87d5-b56d05deac3f	{"action":"user_deleted","actor_id":"00000000-0000-0000-0000-000000000000","actor_username":"service_role","actor_via_sso":false,"log_type":"team","traits":{"user_email":"rikytellez04@gmail.com","user_id":"0389c6c9-da35-4cce-b72a-bef52dbbb044","user_phone":""}}	2025-04-03 06:21:48.564313+00	
00000000-0000-0000-0000-000000000000	add5eb79-e8b3-4a59-9713-8185dba363b2	{"action":"user_signedup","actor_id":"ecdca837-6a64-41a9-9642-196ffac92612","actor_username":"rikytellez04@gmail.com","actor_via_sso":false,"log_type":"team","traits":{"provider":"email"}}	2025-04-03 06:22:53.614762+00	
00000000-0000-0000-0000-000000000000	253ff4fc-5e57-4e7c-8619-1cf9d5dbfc2b	{"action":"login","actor_id":"ecdca837-6a64-41a9-9642-196ffac92612","actor_username":"rikytellez04@gmail.com","actor_via_sso":false,"log_type":"account","traits":{"provider":"email"}}	2025-04-03 06:22:53.61993+00	
00000000-0000-0000-0000-000000000000	b494e27a-c46f-4e34-b107-5359469280f0	{"action":"user_signedup","actor_id":"b981070a-9f76-4c13-b052-55b208d3ffaa","actor_username":"a01741300@tec.mx","actor_via_sso":false,"log_type":"team","traits":{"provider":"email"}}	2025-04-03 06:23:39.26224+00	
00000000-0000-0000-0000-000000000000	2e017b41-8ddc-442c-9e91-32d808727238	{"action":"login","actor_id":"b981070a-9f76-4c13-b052-55b208d3ffaa","actor_username":"a01741300@tec.mx","actor_via_sso":false,"log_type":"account","traits":{"provider":"email"}}	2025-04-03 06:23:39.266357+00	
00000000-0000-0000-0000-000000000000	4c6f39b0-4ca0-42ca-b036-f555c37dd93e	{"action":"login","actor_id":"b981070a-9f76-4c13-b052-55b208d3ffaa","actor_username":"a01741300@tec.mx","actor_via_sso":false,"log_type":"account","traits":{"provider":"email"}}	2025-04-03 06:24:50.575594+00	
00000000-0000-0000-0000-000000000000	2af37236-742a-4941-b3de-a4eaa071f143	{"action":"user_signedup","actor_id":"31f3a821-66c2-42eb-8def-2880197e8a7d","actor_username":"rikytellez04@hotmail.com","actor_via_sso":false,"log_type":"team","traits":{"provider":"email"}}	2025-04-03 06:26:33.260369+00	
00000000-0000-0000-0000-000000000000	0956fabd-21d7-4a02-a357-58cda0a0b813	{"action":"login","actor_id":"31f3a821-66c2-42eb-8def-2880197e8a7d","actor_username":"rikytellez04@hotmail.com","actor_via_sso":false,"log_type":"account","traits":{"provider":"email"}}	2025-04-03 06:26:33.265544+00	
00000000-0000-0000-0000-000000000000	e612b44d-d01a-4407-b581-d7f4950d6d3a	{"action":"user_repeated_signup","actor_id":"b981070a-9f76-4c13-b052-55b208d3ffaa","actor_username":"a01741300@tec.mx","actor_via_sso":false,"log_type":"user","traits":{"provider":"email"}}	2025-04-03 06:27:53.820946+00	
00000000-0000-0000-0000-000000000000	b9827fd7-5d82-4dab-b3ea-1271a659d01e	{"action":"user_deleted","actor_id":"00000000-0000-0000-0000-000000000000","actor_username":"service_role","actor_via_sso":false,"log_type":"team","traits":{"user_email":"a01741300@tec.mx","user_id":"b981070a-9f76-4c13-b052-55b208d3ffaa","user_phone":""}}	2025-04-03 06:28:54.005874+00	
00000000-0000-0000-0000-000000000000	da0c59cc-3558-4dc2-af00-1cc7d59df9d9	{"action":"user_signedup","actor_id":"986949c4-8f1b-4005-9aa1-5e6e36eebc0c","actor_username":"a01741300@tec.mx","actor_via_sso":false,"log_type":"team","traits":{"provider":"email"}}	2025-04-03 06:28:58.338308+00	
00000000-0000-0000-0000-000000000000	c35539b0-7f40-43c6-a190-dd56d101436d	{"action":"login","actor_id":"986949c4-8f1b-4005-9aa1-5e6e36eebc0c","actor_username":"a01741300@tec.mx","actor_via_sso":false,"log_type":"account","traits":{"provider":"email"}}	2025-04-03 06:28:58.341586+00	
00000000-0000-0000-0000-000000000000	5d23bc82-511e-4d25-8db7-d8eca7c597e5	{"action":"user_deleted","actor_id":"00000000-0000-0000-0000-000000000000","actor_username":"service_role","actor_via_sso":false,"log_type":"team","traits":{"user_email":"a01741300@tec.mx","user_id":"986949c4-8f1b-4005-9aa1-5e6e36eebc0c","user_phone":""}}	2025-04-03 06:34:43.59754+00	
00000000-0000-0000-0000-000000000000	3f44a216-52b5-45d1-8680-d483d04bde8c	{"action":"user_signedup","actor_id":"88cb4e0c-a606-468d-a1c8-50b46aa9f9da","actor_username":"a01741300@tec.mx","actor_via_sso":false,"log_type":"team","traits":{"provider":"email"}}	2025-04-03 06:34:48.649261+00	
00000000-0000-0000-0000-000000000000	fb7d54a4-65dc-4224-ab0d-4da7f87c8124	{"action":"login","actor_id":"88cb4e0c-a606-468d-a1c8-50b46aa9f9da","actor_username":"a01741300@tec.mx","actor_via_sso":false,"log_type":"account","traits":{"provider":"email"}}	2025-04-03 06:34:48.65305+00	
00000000-0000-0000-0000-000000000000	a18e74d6-cfd6-43e0-8f68-2536228aa015	{"action":"user_deleted","actor_id":"00000000-0000-0000-0000-000000000000","actor_username":"service_role","actor_via_sso":false,"log_type":"team","traits":{"user_email":"a01741300@tec.mx","user_id":"88cb4e0c-a606-468d-a1c8-50b46aa9f9da","user_phone":""}}	2025-04-03 06:39:54.645343+00	
00000000-0000-0000-0000-000000000000	43c10734-7474-40b4-a7ec-0b8966ff1194	{"action":"user_signedup","actor_id":"fea613dd-011e-46a7-b4fa-dc17494fbb2a","actor_username":"a01741300@tec.mx","actor_via_sso":false,"log_type":"team","traits":{"provider":"email"}}	2025-04-03 06:39:59.60605+00	
00000000-0000-0000-0000-000000000000	c2931d7b-b9d2-407e-99dc-f84c6c716a68	{"action":"login","actor_id":"fea613dd-011e-46a7-b4fa-dc17494fbb2a","actor_username":"a01741300@tec.mx","actor_via_sso":false,"log_type":"account","traits":{"provider":"email"}}	2025-04-03 06:39:59.610611+00	
00000000-0000-0000-0000-000000000000	8b1c9e20-fd77-4ee0-b1dd-dc5364355377	{"action":"user_deleted","actor_id":"00000000-0000-0000-0000-000000000000","actor_username":"service_role","actor_via_sso":false,"log_type":"team","traits":{"user_email":"a01741300@tec.mx","user_id":"fea613dd-011e-46a7-b4fa-dc17494fbb2a","user_phone":""}}	2025-04-03 06:43:19.638028+00	
00000000-0000-0000-0000-000000000000	41333d3c-c9e7-4ca2-a710-30b57d8715f8	{"action":"user_signedup","actor_id":"26f241fd-ca79-4886-a909-3a10e5daadee","actor_username":"a01741300@tec.mx","actor_via_sso":false,"log_type":"team","traits":{"provider":"email"}}	2025-04-03 06:43:23.150103+00	
00000000-0000-0000-0000-000000000000	61f0c141-9bb8-4b02-b140-7abadefe28c2	{"action":"login","actor_id":"26f241fd-ca79-4886-a909-3a10e5daadee","actor_username":"a01741300@tec.mx","actor_via_sso":false,"log_type":"account","traits":{"provider":"email"}}	2025-04-03 06:43:23.15374+00	
00000000-0000-0000-0000-000000000000	800d0baa-543f-43bd-92fd-ff6ce7bff806	{"action":"user_deleted","actor_id":"00000000-0000-0000-0000-000000000000","actor_username":"service_role","actor_via_sso":false,"log_type":"team","traits":{"user_email":"a01741300@tec.mx","user_id":"26f241fd-ca79-4886-a909-3a10e5daadee","user_phone":""}}	2025-04-03 07:23:12.715895+00	
00000000-0000-0000-0000-000000000000	e540ecbb-a55f-4772-961d-cbc43aad5113	{"action":"user_signedup","actor_id":"5d031a01-2757-45e5-9f94-777f3a239609","actor_username":"a01741300@tec.mx","actor_via_sso":false,"log_type":"team","traits":{"provider":"email"}}	2025-04-03 07:23:16.564357+00	
00000000-0000-0000-0000-000000000000	7177fefc-a740-4010-a703-6bd6dda34329	{"action":"login","actor_id":"5d031a01-2757-45e5-9f94-777f3a239609","actor_username":"a01741300@tec.mx","actor_via_sso":false,"log_type":"account","traits":{"provider":"email"}}	2025-04-03 07:23:16.568778+00	
00000000-0000-0000-0000-000000000000	56734715-c83e-4b7f-9419-f528b999d778	{"action":"user_deleted","actor_id":"00000000-0000-0000-0000-000000000000","actor_username":"service_role","actor_via_sso":false,"log_type":"team","traits":{"user_email":"a01741300@tec.mx","user_id":"5d031a01-2757-45e5-9f94-777f3a239609","user_phone":""}}	2025-04-03 07:25:57.560678+00	
00000000-0000-0000-0000-000000000000	eb1ca5a6-b47f-4c12-aa44-7255c4eaf155	{"action":"user_signedup","actor_id":"7478c90f-4de7-494d-ae79-fc28756dc4ab","actor_username":"a01741300@tec.mx","actor_via_sso":false,"log_type":"team","traits":{"provider":"email"}}	2025-04-03 07:26:01.056394+00	
00000000-0000-0000-0000-000000000000	ad0dbb05-5ded-4859-8ebb-baddb590f3b5	{"action":"login","actor_id":"7478c90f-4de7-494d-ae79-fc28756dc4ab","actor_username":"a01741300@tec.mx","actor_via_sso":false,"log_type":"account","traits":{"provider":"email"}}	2025-04-03 07:26:01.060638+00	
00000000-0000-0000-0000-000000000000	43cd375e-5560-4cd5-8055-114290d07d24	{"action":"token_refreshed","actor_id":"7478c90f-4de7-494d-ae79-fc28756dc4ab","actor_username":"a01741300@tec.mx","actor_via_sso":false,"log_type":"token"}	2025-04-03 08:42:16.644039+00	
00000000-0000-0000-0000-000000000000	164e4837-9bed-48be-a83b-8ab657fe2dc0	{"action":"token_revoked","actor_id":"7478c90f-4de7-494d-ae79-fc28756dc4ab","actor_username":"a01741300@tec.mx","actor_via_sso":false,"log_type":"token"}	2025-04-03 08:42:16.646738+00	
00000000-0000-0000-0000-000000000000	0b15107e-7983-48e5-9ad1-a00793130e5f	{"action":"login","actor_id":"7478c90f-4de7-494d-ae79-fc28756dc4ab","actor_username":"a01741300@tec.mx","actor_via_sso":false,"log_type":"account","traits":{"provider":"email"}}	2025-04-03 08:43:31.544933+00	
00000000-0000-0000-0000-000000000000	98ced393-7f1b-48bc-b81f-679e8b56394a	{"action":"login","actor_id":"7478c90f-4de7-494d-ae79-fc28756dc4ab","actor_username":"a01741300@tec.mx","actor_via_sso":false,"log_type":"account","traits":{"provider":"email"}}	2025-04-03 08:43:34.050686+00	
00000000-0000-0000-0000-000000000000	6247238d-9b51-4556-adb9-8657b8f952d3	{"action":"login","actor_id":"ecdca837-6a64-41a9-9642-196ffac92612","actor_username":"rikytellez04@gmail.com","actor_via_sso":false,"log_type":"account","traits":{"provider":"email"}}	2025-04-03 08:49:18.616948+00	
00000000-0000-0000-0000-000000000000	a353d1f1-9ff4-45b2-bd04-0679b6d10efc	{"action":"login","actor_id":"7478c90f-4de7-494d-ae79-fc28756dc4ab","actor_username":"a01741300@tec.mx","actor_via_sso":false,"log_type":"account","traits":{"provider":"email"}}	2025-04-03 08:51:35.476391+00	
00000000-0000-0000-0000-000000000000	08de81cd-411d-4b92-bb33-766543a22426	{"action":"token_refreshed","actor_id":"7478c90f-4de7-494d-ae79-fc28756dc4ab","actor_username":"a01741300@tec.mx","actor_via_sso":false,"log_type":"token"}	2025-04-03 19:43:34.309185+00	
00000000-0000-0000-0000-000000000000	bab53e74-80d8-41b3-aeec-691b6139ec8b	{"action":"token_revoked","actor_id":"7478c90f-4de7-494d-ae79-fc28756dc4ab","actor_username":"a01741300@tec.mx","actor_via_sso":false,"log_type":"token"}	2025-04-03 19:43:34.320664+00	
00000000-0000-0000-0000-000000000000	a371c961-a3e2-4c5f-96bd-ea46af867138	{"action":"login","actor_id":"7478c90f-4de7-494d-ae79-fc28756dc4ab","actor_username":"a01741300@tec.mx","actor_via_sso":false,"log_type":"account","traits":{"provider":"email"}}	2025-04-03 19:46:14.090242+00	
00000000-0000-0000-0000-000000000000	3616af29-1cbb-4fe0-b5b3-43bb05fb1b08	{"action":"user_signedup","actor_id":"b47428a9-2529-4a4a-b02f-5c42648e88a9","actor_username":"a@gmail.com","actor_via_sso":false,"log_type":"team","traits":{"provider":"email"}}	2025-04-03 19:47:21.356969+00	
00000000-0000-0000-0000-000000000000	aac74e1f-8b85-40f8-b756-2caddafb4b45	{"action":"login","actor_id":"b47428a9-2529-4a4a-b02f-5c42648e88a9","actor_username":"a@gmail.com","actor_via_sso":false,"log_type":"account","traits":{"provider":"email"}}	2025-04-03 19:47:21.367932+00	
00000000-0000-0000-0000-000000000000	f767aaff-b1b5-4614-ba78-46994999ac13	{"action":"token_refreshed","actor_id":"b47428a9-2529-4a4a-b02f-5c42648e88a9","actor_username":"a@gmail.com","actor_via_sso":false,"log_type":"token"}	2025-04-03 21:56:20.650668+00	
00000000-0000-0000-0000-000000000000	fd58f4d0-b452-419a-9bca-38457c9e92c9	{"action":"token_revoked","actor_id":"b47428a9-2529-4a4a-b02f-5c42648e88a9","actor_username":"a@gmail.com","actor_via_sso":false,"log_type":"token"}	2025-04-03 21:56:20.659448+00	
00000000-0000-0000-0000-000000000000	9b61ce06-cc4d-489a-8cf5-d9d5afe6ebce	{"action":"user_signedup","actor_id":"00000000-0000-0000-0000-000000000000","actor_username":"service_role","actor_via_sso":false,"log_type":"team","traits":{"user_email":"jorgebcarriles@outlook.com","user_id":"c0534a2b-cecc-444e-99a4-acb9f7eca6de","user_phone":""}}	2025-04-03 22:04:30.433202+00	
00000000-0000-0000-0000-000000000000	45069b80-716a-42cd-a940-7ecb18cd1959	{"action":"user_recovery_requested","actor_id":"7478c90f-4de7-494d-ae79-fc28756dc4ab","actor_username":"a01741300@tec.mx","actor_via_sso":false,"log_type":"user"}	2025-04-03 22:39:40.885915+00	
00000000-0000-0000-0000-000000000000	7cb0e2f2-24d7-416b-88ca-2ce390dfa01a	{"action":"login","actor_id":"7478c90f-4de7-494d-ae79-fc28756dc4ab","actor_username":"a01741300@tec.mx","actor_via_sso":false,"log_type":"account"}	2025-04-03 22:40:25.187676+00	
00000000-0000-0000-0000-000000000000	4e8e87fe-a8c0-4c90-a5df-6aa5319985f6	{"action":"token_refreshed","actor_id":"b47428a9-2529-4a4a-b02f-5c42648e88a9","actor_username":"a@gmail.com","actor_via_sso":false,"log_type":"token"}	2025-04-03 22:55:03.186907+00	
00000000-0000-0000-0000-000000000000	31a46590-c960-479c-8d2a-0e46be7d5594	{"action":"token_revoked","actor_id":"b47428a9-2529-4a4a-b02f-5c42648e88a9","actor_username":"a@gmail.com","actor_via_sso":false,"log_type":"token"}	2025-04-03 22:55:03.190199+00	
00000000-0000-0000-0000-000000000000	c9a8100e-392b-497a-8539-f7253be39b48	{"action":"user_recovery_requested","actor_id":"7478c90f-4de7-494d-ae79-fc28756dc4ab","actor_username":"a01741300@tec.mx","actor_via_sso":false,"log_type":"user"}	2025-04-03 23:31:33.020485+00	
00000000-0000-0000-0000-000000000000	06f46466-7556-418d-bb23-796e643666ef	{"action":"login","actor_id":"7478c90f-4de7-494d-ae79-fc28756dc4ab","actor_username":"a01741300@tec.mx","actor_via_sso":false,"log_type":"account"}	2025-04-03 23:31:41.962501+00	
00000000-0000-0000-0000-000000000000	34e3dd31-6267-4a5e-a486-b261efd5b125	{"action":"user_updated_password","actor_id":"7478c90f-4de7-494d-ae79-fc28756dc4ab","actor_username":"a01741300@tec.mx","actor_via_sso":false,"log_type":"user"}	2025-04-03 23:31:57.014314+00	
00000000-0000-0000-0000-000000000000	c1ce095c-0231-4cd7-afe6-f9f43b9e4150	{"action":"user_modified","actor_id":"7478c90f-4de7-494d-ae79-fc28756dc4ab","actor_username":"a01741300@tec.mx","actor_via_sso":false,"log_type":"user"}	2025-04-03 23:31:57.015048+00	
00000000-0000-0000-0000-000000000000	f8cf986a-a831-4bad-9278-4e5193b6b61e	{"action":"login","actor_id":"7478c90f-4de7-494d-ae79-fc28756dc4ab","actor_username":"a01741300@tec.mx","actor_via_sso":false,"log_type":"account","traits":{"provider":"email"}}	2025-04-03 23:34:07.034992+00	
00000000-0000-0000-0000-000000000000	8de43633-3162-48d7-ae1f-5db915189ca7	{"action":"user_recovery_requested","actor_id":"ecdca837-6a64-41a9-9642-196ffac92612","actor_username":"rikytellez04@gmail.com","actor_via_sso":false,"log_type":"user"}	2025-04-03 23:35:16.644692+00	
00000000-0000-0000-0000-000000000000	baae1964-c25b-420e-9a94-e5dae47685f1	{"action":"login","actor_id":"ecdca837-6a64-41a9-9642-196ffac92612","actor_username":"rikytellez04@gmail.com","actor_via_sso":false,"log_type":"account"}	2025-04-03 23:35:30.814522+00	
00000000-0000-0000-0000-000000000000	9502a413-9431-40ba-81bc-587c4e8e80b3	{"action":"user_updated_password","actor_id":"ecdca837-6a64-41a9-9642-196ffac92612","actor_username":"rikytellez04@gmail.com","actor_via_sso":false,"log_type":"user"}	2025-04-03 23:35:42.957094+00	
00000000-0000-0000-0000-000000000000	2763061c-032c-4587-abea-9fd2fd2b0f39	{"action":"user_modified","actor_id":"ecdca837-6a64-41a9-9642-196ffac92612","actor_username":"rikytellez04@gmail.com","actor_via_sso":false,"log_type":"user"}	2025-04-03 23:35:42.957739+00	
00000000-0000-0000-0000-000000000000	188ab088-ffc3-459f-bc6f-2fe34bd66f46	{"action":"login","actor_id":"ecdca837-6a64-41a9-9642-196ffac92612","actor_username":"rikytellez04@gmail.com","actor_via_sso":false,"log_type":"account","traits":{"provider":"email"}}	2025-04-03 23:36:09.869837+00	
00000000-0000-0000-0000-000000000000	61895b8f-12c8-4e54-a04d-bde9fc4fdbc5	{"action":"user_recovery_requested","actor_id":"c0534a2b-cecc-444e-99a4-acb9f7eca6de","actor_username":"jorgebcarriles@outlook.com","actor_via_sso":false,"log_type":"user"}	2025-04-04 00:04:23.457085+00	
00000000-0000-0000-0000-000000000000	ff701b4c-8e4e-4b2f-876c-36eb65a1d115	{"action":"user_signedup","actor_id":"00000000-0000-0000-0000-000000000000","actor_username":"service_role","actor_via_sso":false,"log_type":"team","traits":{"user_email":"a01198676@tec.mx","user_id":"564b41de-e4a1-4e56-bff7-c0681abc0718","user_phone":""}}	2025-04-04 00:05:14.080689+00	
00000000-0000-0000-0000-000000000000	5df44f54-2cd5-41fa-aefe-54baa022e250	{"action":"user_recovery_requested","actor_id":"564b41de-e4a1-4e56-bff7-c0681abc0718","actor_username":"a01198676@tec.mx","actor_via_sso":false,"log_type":"user"}	2025-04-04 00:05:21.503164+00	
00000000-0000-0000-0000-000000000000	e7de6bed-3594-47f4-bb41-b4a3300157ba	{"action":"login","actor_id":"564b41de-e4a1-4e56-bff7-c0681abc0718","actor_username":"a01198676@tec.mx","actor_via_sso":false,"log_type":"account"}	2025-04-04 00:05:38.969911+00	
00000000-0000-0000-0000-000000000000	fbe794b3-69c7-4fe1-bd2d-007511d446ad	{"action":"token_refreshed","actor_id":"36abc818-b3a6-440f-933a-79ff41fe5b67","actor_username":"a01722728@tec.mx","actor_via_sso":false,"log_type":"token"}	2025-05-14 18:46:19.717858+00	
00000000-0000-0000-0000-000000000000	6b204b7c-5d50-4fe7-9f10-4a12cc14d196	{"action":"user_recovery_requested","actor_id":"564b41de-e4a1-4e56-bff7-c0681abc0718","actor_username":"a01198676@tec.mx","actor_via_sso":false,"log_type":"user"}	2025-04-04 00:06:43.820736+00	
00000000-0000-0000-0000-000000000000	a811e689-f0ea-4c3d-9eab-b0f4448621b0	{"action":"login","actor_id":"564b41de-e4a1-4e56-bff7-c0681abc0718","actor_username":"a01198676@tec.mx","actor_via_sso":false,"log_type":"account"}	2025-04-04 00:07:02.965594+00	
00000000-0000-0000-0000-000000000000	803050f2-cef1-44c3-8081-7fc385ab905b	{"action":"user_signedup","actor_id":"5314bfcf-8401-457f-b7a7-2221ea64777c","actor_username":"a01198327@tec.mx","actor_via_sso":false,"log_type":"team","traits":{"provider":"email"}}	2025-04-04 00:22:35.986903+00	
00000000-0000-0000-0000-000000000000	a1592fe2-5fee-4eeb-92a9-661fea3508ea	{"action":"login","actor_id":"5314bfcf-8401-457f-b7a7-2221ea64777c","actor_username":"a01198327@tec.mx","actor_via_sso":false,"log_type":"account","traits":{"provider":"email"}}	2025-04-04 00:22:35.997684+00	
00000000-0000-0000-0000-000000000000	e15cfec7-75cf-4316-9e3b-0a3bb47a816e	{"action":"user_recovery_requested","actor_id":"564b41de-e4a1-4e56-bff7-c0681abc0718","actor_username":"a01198676@tec.mx","actor_via_sso":false,"log_type":"user"}	2025-04-04 00:29:04.174029+00	
00000000-0000-0000-0000-000000000000	d178669a-f480-4abb-b778-150474d56dee	{"action":"login","actor_id":"564b41de-e4a1-4e56-bff7-c0681abc0718","actor_username":"a01198676@tec.mx","actor_via_sso":false,"log_type":"account"}	2025-04-04 00:29:14.800589+00	
00000000-0000-0000-0000-000000000000	6510fdc8-0d5b-403b-b024-9b2fd13cd895	{"action":"user_updated_password","actor_id":"564b41de-e4a1-4e56-bff7-c0681abc0718","actor_username":"a01198676@tec.mx","actor_via_sso":false,"log_type":"user"}	2025-04-04 00:29:32.500146+00	
00000000-0000-0000-0000-000000000000	660a6f03-4e90-4bd3-9767-bb6c291e03e6	{"action":"user_modified","actor_id":"564b41de-e4a1-4e56-bff7-c0681abc0718","actor_username":"a01198676@tec.mx","actor_via_sso":false,"log_type":"user"}	2025-04-04 00:29:32.500781+00	
00000000-0000-0000-0000-000000000000	6370568f-3868-47b8-aa18-62a491b2f910	{"action":"login","actor_id":"564b41de-e4a1-4e56-bff7-c0681abc0718","actor_username":"a01198676@tec.mx","actor_via_sso":false,"log_type":"account","traits":{"provider":"email"}}	2025-04-04 00:30:29.008602+00	
00000000-0000-0000-0000-000000000000	997df01f-bb32-4ced-96d8-6742e6fccaaa	{"action":"token_refreshed","actor_id":"564b41de-e4a1-4e56-bff7-c0681abc0718","actor_username":"a01198676@tec.mx","actor_via_sso":false,"log_type":"token"}	2025-04-04 04:32:33.660388+00	
00000000-0000-0000-0000-000000000000	4e580d50-64ed-48a5-ad2d-7e6ed9db0dd2	{"action":"token_revoked","actor_id":"564b41de-e4a1-4e56-bff7-c0681abc0718","actor_username":"a01198676@tec.mx","actor_via_sso":false,"log_type":"token"}	2025-04-04 04:32:33.661923+00	
00000000-0000-0000-0000-000000000000	a2572c9c-a4aa-4db9-9085-4f88dd7ca41f	{"action":"token_refreshed","actor_id":"564b41de-e4a1-4e56-bff7-c0681abc0718","actor_username":"a01198676@tec.mx","actor_via_sso":false,"log_type":"token"}	2025-04-04 05:30:35.45293+00	
00000000-0000-0000-0000-000000000000	2aeadb9c-aee4-4191-93bb-42b5e9602b2f	{"action":"token_revoked","actor_id":"564b41de-e4a1-4e56-bff7-c0681abc0718","actor_username":"a01198676@tec.mx","actor_via_sso":false,"log_type":"token"}	2025-04-04 05:30:35.45549+00	
00000000-0000-0000-0000-000000000000	1cb5922e-309f-41ab-9d0a-24c31f4b9c1f	{"action":"token_refreshed","actor_id":"564b41de-e4a1-4e56-bff7-c0681abc0718","actor_username":"a01198676@tec.mx","actor_via_sso":false,"log_type":"token"}	2025-04-04 06:31:05.260935+00	
00000000-0000-0000-0000-000000000000	2d3812a6-7f14-435f-af92-d126501fa5c3	{"action":"token_revoked","actor_id":"564b41de-e4a1-4e56-bff7-c0681abc0718","actor_username":"a01198676@tec.mx","actor_via_sso":false,"log_type":"token"}	2025-04-04 06:31:05.263757+00	
00000000-0000-0000-0000-000000000000	ba674179-fd35-4245-ba31-60e52162dbe1	{"action":"token_refreshed","actor_id":"564b41de-e4a1-4e56-bff7-c0681abc0718","actor_username":"a01198676@tec.mx","actor_via_sso":false,"log_type":"token"}	2025-04-04 08:03:10.159802+00	
00000000-0000-0000-0000-000000000000	76f38012-2517-4549-8a4a-8d71140486a7	{"action":"token_revoked","actor_id":"564b41de-e4a1-4e56-bff7-c0681abc0718","actor_username":"a01198676@tec.mx","actor_via_sso":false,"log_type":"token"}	2025-04-04 08:03:10.167694+00	
00000000-0000-0000-0000-000000000000	95ac79cc-4c1b-4e8e-89b2-3749f6d8de22	{"action":"login","actor_id":"564b41de-e4a1-4e56-bff7-c0681abc0718","actor_username":"a01198676@tec.mx","actor_via_sso":false,"log_type":"account","traits":{"provider":"email"}}	2025-04-04 08:03:29.665294+00	
00000000-0000-0000-0000-000000000000	14cef959-0a7a-40b6-b979-ab7deb938b3f	{"action":"login","actor_id":"564b41de-e4a1-4e56-bff7-c0681abc0718","actor_username":"a01198676@tec.mx","actor_via_sso":false,"log_type":"account","traits":{"provider":"email"}}	2025-04-04 08:37:41.628575+00	
00000000-0000-0000-0000-000000000000	aabe043c-a90c-48ec-9fa3-26866e340e32	{"action":"token_refreshed","actor_id":"564b41de-e4a1-4e56-bff7-c0681abc0718","actor_username":"a01198676@tec.mx","actor_via_sso":false,"log_type":"token"}	2025-04-04 09:36:23.547169+00	
00000000-0000-0000-0000-000000000000	6b7cb9b6-6701-4a53-bc5f-4f9f23619b77	{"action":"token_revoked","actor_id":"564b41de-e4a1-4e56-bff7-c0681abc0718","actor_username":"a01198676@tec.mx","actor_via_sso":false,"log_type":"token"}	2025-04-04 09:36:23.557976+00	
00000000-0000-0000-0000-000000000000	c97366bc-5e13-4c17-a0da-78bcda79b939	{"action":"token_refreshed","actor_id":"5314bfcf-8401-457f-b7a7-2221ea64777c","actor_username":"a01198327@tec.mx","actor_via_sso":false,"log_type":"token"}	2025-04-04 19:39:09.994673+00	
00000000-0000-0000-0000-000000000000	34c5d1e2-c378-4e57-9d1f-877a55a8fcc7	{"action":"token_revoked","actor_id":"5314bfcf-8401-457f-b7a7-2221ea64777c","actor_username":"a01198327@tec.mx","actor_via_sso":false,"log_type":"token"}	2025-04-04 19:39:10.010284+00	
00000000-0000-0000-0000-000000000000	420af974-2e8e-43a7-8f67-6d40b5a1f19b	{"action":"login","actor_id":"7478c90f-4de7-494d-ae79-fc28756dc4ab","actor_username":"a01741300@tec.mx","actor_via_sso":false,"log_type":"account","traits":{"provider":"email"}}	2025-04-04 19:40:52.558839+00	
00000000-0000-0000-0000-000000000000	c1c16333-a0a3-4394-94bc-b44968fb60f2	{"action":"token_refreshed","actor_id":"7478c90f-4de7-494d-ae79-fc28756dc4ab","actor_username":"a01741300@tec.mx","actor_via_sso":false,"log_type":"token"}	2025-04-04 21:00:30.556439+00	
00000000-0000-0000-0000-000000000000	67bc2cea-339a-4382-b908-4f9214640a81	{"action":"token_revoked","actor_id":"7478c90f-4de7-494d-ae79-fc28756dc4ab","actor_username":"a01741300@tec.mx","actor_via_sso":false,"log_type":"token"}	2025-04-04 21:00:30.563022+00	
00000000-0000-0000-0000-000000000000	7640ab66-8265-4cd8-9f93-5db6a6fe9a5c	{"action":"user_signedup","actor_id":"9950b2e9-632f-42ff-b259-726ede4e408f","actor_username":"emirpuente31@gmail.com","actor_via_sso":false,"log_type":"team","traits":{"provider":"email"}}	2025-04-04 21:08:41.012862+00	
00000000-0000-0000-0000-000000000000	82b68d98-be54-43d7-9069-3e899dcd7e6a	{"action":"login","actor_id":"9950b2e9-632f-42ff-b259-726ede4e408f","actor_username":"emirpuente31@gmail.com","actor_via_sso":false,"log_type":"account","traits":{"provider":"email"}}	2025-04-04 21:08:41.020592+00	
00000000-0000-0000-0000-000000000000	b58dbee3-191d-436f-bd29-44cb463ead69	{"action":"user_signedup","actor_id":"17be3a68-8d97-4557-85e8-8e8cc9ecbc13","actor_username":"davidminirey04@gmail.com","actor_via_sso":false,"log_type":"team","traits":{"provider":"email"}}	2025-04-04 21:09:21.549173+00	
00000000-0000-0000-0000-000000000000	344de839-efd5-48af-a6d6-a8c819e7fa09	{"action":"login","actor_id":"17be3a68-8d97-4557-85e8-8e8cc9ecbc13","actor_username":"davidminirey04@gmail.com","actor_via_sso":false,"log_type":"account","traits":{"provider":"email"}}	2025-04-04 21:09:21.555611+00	
00000000-0000-0000-0000-000000000000	8348105f-0bf9-43dc-81a9-16795e2e43bf	{"action":"user_recovery_requested","actor_id":"9950b2e9-632f-42ff-b259-726ede4e408f","actor_username":"emirpuente31@gmail.com","actor_via_sso":false,"log_type":"user"}	2025-04-04 21:09:34.383108+00	
00000000-0000-0000-0000-000000000000	61507e66-b1fa-4a7f-bfd0-7762ee6bba8f	{"action":"login","actor_id":"9950b2e9-632f-42ff-b259-726ede4e408f","actor_username":"emirpuente31@gmail.com","actor_via_sso":false,"log_type":"account"}	2025-04-04 21:09:45.901653+00	
00000000-0000-0000-0000-000000000000	7ad30f5a-3193-46c7-8953-335c2f35a478	{"action":"user_updated_password","actor_id":"9950b2e9-632f-42ff-b259-726ede4e408f","actor_username":"emirpuente31@gmail.com","actor_via_sso":false,"log_type":"user"}	2025-04-04 21:09:55.68458+00	
00000000-0000-0000-0000-000000000000	ee5e66d0-7e38-4903-ae07-f29558faab09	{"action":"user_modified","actor_id":"9950b2e9-632f-42ff-b259-726ede4e408f","actor_username":"emirpuente31@gmail.com","actor_via_sso":false,"log_type":"user"}	2025-04-04 21:09:55.685249+00	
00000000-0000-0000-0000-000000000000	3df9aeeb-8819-4fc9-b688-b6904ffbb7c6	{"action":"login","actor_id":"9950b2e9-632f-42ff-b259-726ede4e408f","actor_username":"emirpuente31@gmail.com","actor_via_sso":false,"log_type":"account","traits":{"provider":"email"}}	2025-04-04 21:10:08.112406+00	
00000000-0000-0000-0000-000000000000	f74faffc-bad3-490e-87b9-865404894360	{"action":"user_signedup","actor_id":"dee4835c-764c-40fb-bf0b-3bff8a0457d4","actor_username":"naranjilandia2004@gmail.com","actor_via_sso":false,"log_type":"team","traits":{"provider":"email"}}	2025-04-04 22:40:28.568288+00	
00000000-0000-0000-0000-000000000000	34c45e86-d1ee-4396-96fc-fa4c5684c572	{"action":"login","actor_id":"dee4835c-764c-40fb-bf0b-3bff8a0457d4","actor_username":"naranjilandia2004@gmail.com","actor_via_sso":false,"log_type":"account","traits":{"provider":"email"}}	2025-04-04 22:40:28.576449+00	
00000000-0000-0000-0000-000000000000	57067153-b7a1-47b2-b5e9-0170006ff7dc	{"action":"user_recovery_requested","actor_id":"dee4835c-764c-40fb-bf0b-3bff8a0457d4","actor_username":"naranjilandia2004@gmail.com","actor_via_sso":false,"log_type":"user"}	2025-04-04 22:41:40.453881+00	
00000000-0000-0000-0000-000000000000	21486830-2d2b-407f-b798-692dfa7e917a	{"action":"login","actor_id":"dee4835c-764c-40fb-bf0b-3bff8a0457d4","actor_username":"naranjilandia2004@gmail.com","actor_via_sso":false,"log_type":"account"}	2025-04-04 22:41:50.10037+00	
00000000-0000-0000-0000-000000000000	108715f8-68d8-4b21-bf8b-89c8ea0465d7	{"action":"user_updated_password","actor_id":"dee4835c-764c-40fb-bf0b-3bff8a0457d4","actor_username":"naranjilandia2004@gmail.com","actor_via_sso":false,"log_type":"user"}	2025-04-04 22:41:58.115974+00	
00000000-0000-0000-0000-000000000000	e337389f-1e8c-4ea1-be70-096723fa9ed2	{"action":"user_modified","actor_id":"dee4835c-764c-40fb-bf0b-3bff8a0457d4","actor_username":"naranjilandia2004@gmail.com","actor_via_sso":false,"log_type":"user"}	2025-04-04 22:41:58.116612+00	
00000000-0000-0000-0000-000000000000	5421e526-8b61-442c-828e-7a7efe8d90e7	{"action":"login","actor_id":"dee4835c-764c-40fb-bf0b-3bff8a0457d4","actor_username":"naranjilandia2004@gmail.com","actor_via_sso":false,"log_type":"account","traits":{"provider":"email"}}	2025-04-04 22:42:21.386496+00	
00000000-0000-0000-0000-000000000000	9f40b0e9-77db-4064-a723-1d0fdc4d6ed1	{"action":"user_signedup","actor_id":"ff98b050-236d-4a28-8aea-567f03b9f3c3","actor_username":"rantonion2004@outlook.com","actor_via_sso":false,"log_type":"team","traits":{"provider":"email"}}	2025-04-04 22:56:53.286409+00	
00000000-0000-0000-0000-000000000000	4cee22fb-d9bc-4a7e-adfa-914ce24e24ee	{"action":"login","actor_id":"ff98b050-236d-4a28-8aea-567f03b9f3c3","actor_username":"rantonion2004@outlook.com","actor_via_sso":false,"log_type":"account","traits":{"provider":"email"}}	2025-04-04 22:56:53.292922+00	
00000000-0000-0000-0000-000000000000	3b689a01-3138-4496-aab8-1f6ad0d43094	{"action":"user_recovery_requested","actor_id":"ff98b050-236d-4a28-8aea-567f03b9f3c3","actor_username":"rantonion2004@outlook.com","actor_via_sso":false,"log_type":"user"}	2025-04-04 22:57:10.692553+00	
00000000-0000-0000-0000-000000000000	374213e0-d393-4781-9cae-dabd49072fbb	{"action":"login","actor_id":"ff98b050-236d-4a28-8aea-567f03b9f3c3","actor_username":"rantonion2004@outlook.com","actor_via_sso":false,"log_type":"account"}	2025-04-04 22:57:17.532965+00	
00000000-0000-0000-0000-000000000000	e073cb15-8143-4554-80da-df0d3d27fe06	{"action":"user_updated_password","actor_id":"ff98b050-236d-4a28-8aea-567f03b9f3c3","actor_username":"rantonion2004@outlook.com","actor_via_sso":false,"log_type":"user"}	2025-04-04 22:57:24.942502+00	
00000000-0000-0000-0000-000000000000	0cba860e-dd41-4ff5-9bcc-2a9bfb17659f	{"action":"user_modified","actor_id":"ff98b050-236d-4a28-8aea-567f03b9f3c3","actor_username":"rantonion2004@outlook.com","actor_via_sso":false,"log_type":"user"}	2025-04-04 22:57:24.943168+00	
00000000-0000-0000-0000-000000000000	73045bcb-efac-447e-a202-88391b7fd4e2	{"action":"login","actor_id":"ff98b050-236d-4a28-8aea-567f03b9f3c3","actor_username":"rantonion2004@outlook.com","actor_via_sso":false,"log_type":"account","traits":{"provider":"email"}}	2025-04-04 22:57:33.036438+00	
00000000-0000-0000-0000-000000000000	0eb26e90-158b-4b7e-90d5-23e3d1873ec1	{"action":"user_signedup","actor_id":"9d6ddaee-5f7c-4cef-8705-6db6a8d11109","actor_username":"yi@gmail.com","actor_via_sso":false,"log_type":"team","traits":{"provider":"email"}}	2025-04-04 23:08:43.131961+00	
00000000-0000-0000-0000-000000000000	e6bde056-05d4-465e-992d-6a43af3881cc	{"action":"login","actor_id":"9d6ddaee-5f7c-4cef-8705-6db6a8d11109","actor_username":"yi@gmail.com","actor_via_sso":false,"log_type":"account","traits":{"provider":"email"}}	2025-04-04 23:08:43.137876+00	
00000000-0000-0000-0000-000000000000	d9e2a5e2-3c11-4afa-a60a-8bf662728986	{"action":"user_signedup","actor_id":"c3886a9b-c360-4fec-b16d-058747789ee2","actor_username":"xnhs@gmail.com","actor_via_sso":false,"log_type":"team","traits":{"provider":"email"}}	2025-04-04 23:16:23.822249+00	
00000000-0000-0000-0000-000000000000	89406a64-9a0a-4ed5-ac5b-e02caa36b0be	{"action":"login","actor_id":"c3886a9b-c360-4fec-b16d-058747789ee2","actor_username":"xnhs@gmail.com","actor_via_sso":false,"log_type":"account","traits":{"provider":"email"}}	2025-04-04 23:16:23.827872+00	
00000000-0000-0000-0000-000000000000	08bd4685-32a1-46a0-9610-d31088581938	{"action":"login","actor_id":"7478c90f-4de7-494d-ae79-fc28756dc4ab","actor_username":"a01741300@tec.mx","actor_via_sso":false,"log_type":"account","traits":{"provider":"email"}}	2025-04-04 23:22:14.013286+00	
00000000-0000-0000-0000-000000000000	6501b390-af27-48b6-86ef-a749961d52bd	{"action":"token_refreshed","actor_id":"9950b2e9-632f-42ff-b259-726ede4e408f","actor_username":"emirpuente31@gmail.com","actor_via_sso":false,"log_type":"token"}	2025-04-04 23:29:28.546586+00	
00000000-0000-0000-0000-000000000000	6d6f6c00-c4d6-49bc-b547-902e098812d4	{"action":"token_revoked","actor_id":"9950b2e9-632f-42ff-b259-726ede4e408f","actor_username":"emirpuente31@gmail.com","actor_via_sso":false,"log_type":"token"}	2025-04-04 23:29:28.548997+00	
00000000-0000-0000-0000-000000000000	d5a81883-1de1-4552-b93d-771ae2ac642c	{"action":"token_refreshed","actor_id":"ff98b050-236d-4a28-8aea-567f03b9f3c3","actor_username":"rantonion2004@outlook.com","actor_via_sso":false,"log_type":"token"}	2025-04-05 00:04:46.016084+00	
00000000-0000-0000-0000-000000000000	d59bbf53-1856-4d6c-ac48-2884c5e159ec	{"action":"token_revoked","actor_id":"ff98b050-236d-4a28-8aea-567f03b9f3c3","actor_username":"rantonion2004@outlook.com","actor_via_sso":false,"log_type":"token"}	2025-04-05 00:04:46.019266+00	
00000000-0000-0000-0000-000000000000	27b950ae-66ef-445c-904c-6405ab1957ea	{"action":"token_refreshed","actor_id":"ff98b050-236d-4a28-8aea-567f03b9f3c3","actor_username":"rantonion2004@outlook.com","actor_via_sso":false,"log_type":"token"}	2025-04-07 06:04:40.691424+00	
00000000-0000-0000-0000-000000000000	b418442e-181c-405d-a8e9-d28ddb454dc9	{"action":"token_revoked","actor_id":"ff98b050-236d-4a28-8aea-567f03b9f3c3","actor_username":"rantonion2004@outlook.com","actor_via_sso":false,"log_type":"token"}	2025-04-07 06:04:40.710096+00	
00000000-0000-0000-0000-000000000000	4591ed2d-6f59-4a03-a7d1-ae999b62dfd9	{"action":"login","actor_id":"ff98b050-236d-4a28-8aea-567f03b9f3c3","actor_username":"rantonion2004@outlook.com","actor_via_sso":false,"log_type":"account","traits":{"provider":"email"}}	2025-04-07 06:04:46.998153+00	
00000000-0000-0000-0000-000000000000	1ffaac1c-da42-44ab-a451-a6b283b6532b	{"action":"login","actor_id":"ff98b050-236d-4a28-8aea-567f03b9f3c3","actor_username":"rantonion2004@outlook.com","actor_via_sso":false,"log_type":"account","traits":{"provider":"email"}}	2025-04-07 06:11:17.100531+00	
00000000-0000-0000-0000-000000000000	27eec326-a6e4-4fd5-94d1-02d866614def	{"action":"login","actor_id":"ff98b050-236d-4a28-8aea-567f03b9f3c3","actor_username":"rantonion2004@outlook.com","actor_via_sso":false,"log_type":"account","traits":{"provider":"email"}}	2025-04-07 06:18:07.780797+00	
00000000-0000-0000-0000-000000000000	e92ef345-bb7d-43f3-b23b-90157a29f5f6	{"action":"token_refreshed","actor_id":"ff98b050-236d-4a28-8aea-567f03b9f3c3","actor_username":"rantonion2004@outlook.com","actor_via_sso":false,"log_type":"token"}	2025-04-07 07:53:26.856028+00	
00000000-0000-0000-0000-000000000000	cd487661-fb09-4e36-adc0-cfe5a91e18d6	{"action":"token_revoked","actor_id":"ff98b050-236d-4a28-8aea-567f03b9f3c3","actor_username":"rantonion2004@outlook.com","actor_via_sso":false,"log_type":"token"}	2025-04-07 07:53:26.868723+00	
00000000-0000-0000-0000-000000000000	85b09b5c-af87-4b21-a766-29492bcf1f96	{"action":"token_refreshed","actor_id":"7478c90f-4de7-494d-ae79-fc28756dc4ab","actor_username":"a01741300@tec.mx","actor_via_sso":false,"log_type":"token"}	2025-04-07 19:38:49.185528+00	
00000000-0000-0000-0000-000000000000	406c2d4d-cdd7-48f9-a9be-bfa93ab572fd	{"action":"token_revoked","actor_id":"7478c90f-4de7-494d-ae79-fc28756dc4ab","actor_username":"a01741300@tec.mx","actor_via_sso":false,"log_type":"token"}	2025-04-07 19:38:49.199816+00	
00000000-0000-0000-0000-000000000000	065f051f-e7af-4b3f-b11a-8b0046b1bd8b	{"action":"token_refreshed","actor_id":"564b41de-e4a1-4e56-bff7-c0681abc0718","actor_username":"a01198676@tec.mx","actor_via_sso":false,"log_type":"token"}	2025-04-07 19:48:17.527526+00	
00000000-0000-0000-0000-000000000000	db223e03-9f00-4294-948d-ff5ad97355d3	{"action":"token_revoked","actor_id":"564b41de-e4a1-4e56-bff7-c0681abc0718","actor_username":"a01198676@tec.mx","actor_via_sso":false,"log_type":"token"}	2025-04-07 19:48:17.528466+00	
00000000-0000-0000-0000-000000000000	03f651c2-4a78-458b-a6d6-8386c3f6e337	{"action":"token_refreshed","actor_id":"ff98b050-236d-4a28-8aea-567f03b9f3c3","actor_username":"rantonion2004@outlook.com","actor_via_sso":false,"log_type":"token"}	2025-04-07 20:04:43.686486+00	
00000000-0000-0000-0000-000000000000	23779cf3-5c4d-49f0-9497-4a66806e94e0	{"action":"token_revoked","actor_id":"ff98b050-236d-4a28-8aea-567f03b9f3c3","actor_username":"rantonion2004@outlook.com","actor_via_sso":false,"log_type":"token"}	2025-04-07 20:04:43.688753+00	
00000000-0000-0000-0000-000000000000	700a0b7c-2fe8-40f5-b173-7195ecceab8f	{"action":"token_refreshed","actor_id":"17be3a68-8d97-4557-85e8-8e8cc9ecbc13","actor_username":"davidminirey04@gmail.com","actor_via_sso":false,"log_type":"token"}	2025-04-07 20:07:58.078896+00	
00000000-0000-0000-0000-000000000000	56355b4e-254b-45c9-a5ff-9cea564f6eb2	{"action":"token_revoked","actor_id":"17be3a68-8d97-4557-85e8-8e8cc9ecbc13","actor_username":"davidminirey04@gmail.com","actor_via_sso":false,"log_type":"token"}	2025-04-07 20:07:58.079801+00	
00000000-0000-0000-0000-000000000000	6b6d44ff-b3a8-4bec-b481-635e792772b9	{"action":"token_refreshed","actor_id":"564b41de-e4a1-4e56-bff7-c0681abc0718","actor_username":"a01198676@tec.mx","actor_via_sso":false,"log_type":"token"}	2025-04-07 20:46:47.171591+00	
00000000-0000-0000-0000-000000000000	e60f087e-fe3f-48ab-82ed-bac1ed886150	{"action":"token_revoked","actor_id":"564b41de-e4a1-4e56-bff7-c0681abc0718","actor_username":"a01198676@tec.mx","actor_via_sso":false,"log_type":"token"}	2025-04-07 20:46:47.173453+00	
00000000-0000-0000-0000-000000000000	6bd4e808-cbff-45b8-9651-54b9730f335f	{"action":"token_refreshed","actor_id":"7478c90f-4de7-494d-ae79-fc28756dc4ab","actor_username":"a01741300@tec.mx","actor_via_sso":false,"log_type":"token"}	2025-04-07 20:48:03.5577+00	
00000000-0000-0000-0000-000000000000	f07fc8ac-bd63-4236-a8fc-026ed3db92c4	{"action":"token_revoked","actor_id":"7478c90f-4de7-494d-ae79-fc28756dc4ab","actor_username":"a01741300@tec.mx","actor_via_sso":false,"log_type":"token"}	2025-04-07 20:48:03.558766+00	
00000000-0000-0000-0000-000000000000	4118bd38-8589-4e33-94cd-11572aa9c4a9	{"action":"user_signedup","actor_id":"2f65cd31-0b3f-462d-8e73-f612d086304b","actor_username":"axd@gmail.com","actor_via_sso":false,"log_type":"team","traits":{"provider":"email"}}	2025-04-07 20:48:50.861514+00	
00000000-0000-0000-0000-000000000000	5ed655a4-52c1-4074-a61d-b801bf92f3b8	{"action":"login","actor_id":"2f65cd31-0b3f-462d-8e73-f612d086304b","actor_username":"axd@gmail.com","actor_via_sso":false,"log_type":"account","traits":{"provider":"email"}}	2025-04-07 20:48:50.873741+00	
00000000-0000-0000-0000-000000000000	dfd195e1-c217-45dd-b17c-f7b2516e99de	{"action":"user_repeated_signup","actor_id":"2f65cd31-0b3f-462d-8e73-f612d086304b","actor_username":"axd@gmail.com","actor_via_sso":false,"log_type":"user","traits":{"provider":"email"}}	2025-04-07 20:53:35.038628+00	
00000000-0000-0000-0000-000000000000	df2f16e5-7f78-45ba-a90e-69494ec6b386	{"action":"user_signedup","actor_id":"a57aab4d-0c82-479b-91cd-2502a0c7dac8","actor_username":"axd1@gmail.com","actor_via_sso":false,"log_type":"team","traits":{"provider":"email"}}	2025-04-07 20:53:47.197763+00	
00000000-0000-0000-0000-000000000000	9459a388-9b4d-4d18-b3c6-81908d12c473	{"action":"login","actor_id":"a57aab4d-0c82-479b-91cd-2502a0c7dac8","actor_username":"axd1@gmail.com","actor_via_sso":false,"log_type":"account","traits":{"provider":"email"}}	2025-04-07 20:53:47.202362+00	
00000000-0000-0000-0000-000000000000	360c586b-3f76-4092-b7af-2a1e0889ebcd	{"action":"token_refreshed","actor_id":"ff98b050-236d-4a28-8aea-567f03b9f3c3","actor_username":"rantonion2004@outlook.com","actor_via_sso":false,"log_type":"token"}	2025-04-07 21:02:51.06658+00	
00000000-0000-0000-0000-000000000000	ab3a75a1-0f1c-4fba-a185-99ad73a7f7eb	{"action":"token_revoked","actor_id":"ff98b050-236d-4a28-8aea-567f03b9f3c3","actor_username":"rantonion2004@outlook.com","actor_via_sso":false,"log_type":"token"}	2025-04-07 21:02:51.068161+00	
00000000-0000-0000-0000-000000000000	da18b026-bf1b-4c45-9b03-ab4418496a99	{"action":"token_refreshed","actor_id":"17be3a68-8d97-4557-85e8-8e8cc9ecbc13","actor_username":"davidminirey04@gmail.com","actor_via_sso":false,"log_type":"token"}	2025-04-07 21:09:08.948014+00	
00000000-0000-0000-0000-000000000000	14d04e78-f894-4571-bca6-4f8f8816e3a8	{"action":"token_revoked","actor_id":"17be3a68-8d97-4557-85e8-8e8cc9ecbc13","actor_username":"davidminirey04@gmail.com","actor_via_sso":false,"log_type":"token"}	2025-04-07 21:09:08.951945+00	
00000000-0000-0000-0000-000000000000	93d514e2-5d46-4180-8781-840f60fbdf10	{"action":"user_deleted","actor_id":"00000000-0000-0000-0000-000000000000","actor_username":"service_role","actor_via_sso":false,"log_type":"team","traits":{"user_email":"axd@gmail.com","user_id":"2f65cd31-0b3f-462d-8e73-f612d086304b","user_phone":""}}	2025-04-07 21:09:09.834869+00	
00000000-0000-0000-0000-000000000000	2cc553d9-d876-40e6-996b-b0a5dc1bbebc	{"action":"user_signedup","actor_id":"7dfad126-2905-431a-829b-fcae851fe102","actor_username":"a01722728@tec.mx","actor_via_sso":false,"log_type":"team","traits":{"provider":"email"}}	2025-04-07 21:40:35.121009+00	
00000000-0000-0000-0000-000000000000	1a06f57a-1b34-4117-8ce9-e5cb44c394cc	{"action":"login","actor_id":"7dfad126-2905-431a-829b-fcae851fe102","actor_username":"a01722728@tec.mx","actor_via_sso":false,"log_type":"account","traits":{"provider":"email"}}	2025-04-07 21:40:35.128482+00	
00000000-0000-0000-0000-000000000000	7d55eceb-f30d-4a7a-85d9-ccb3d4e9078a	{"action":"login","actor_id":"7dfad126-2905-431a-829b-fcae851fe102","actor_username":"a01722728@tec.mx","actor_via_sso":false,"log_type":"account","traits":{"provider":"email"}}	2025-04-07 21:41:29.272946+00	
00000000-0000-0000-0000-000000000000	5f3b1d94-1fb3-4837-9223-c7b4c4cc77cf	{"action":"token_refreshed","actor_id":"564b41de-e4a1-4e56-bff7-c0681abc0718","actor_username":"a01198676@tec.mx","actor_via_sso":false,"log_type":"token"}	2025-04-07 21:45:30.434673+00	
00000000-0000-0000-0000-000000000000	54e0b270-6913-4bc9-b8ff-8a8ec2e597b7	{"action":"token_revoked","actor_id":"564b41de-e4a1-4e56-bff7-c0681abc0718","actor_username":"a01198676@tec.mx","actor_via_sso":false,"log_type":"token"}	2025-04-07 21:45:30.436991+00	
00000000-0000-0000-0000-000000000000	7d5ce59c-e2b3-4792-bb21-b9035c804551	{"action":"login","actor_id":"ff98b050-236d-4a28-8aea-567f03b9f3c3","actor_username":"rantonion2004@outlook.com","actor_via_sso":false,"log_type":"account","traits":{"provider":"email"}}	2025-04-07 21:46:59.959389+00	
00000000-0000-0000-0000-000000000000	5c3eb2dd-d612-4f07-b851-a2e210f4f862	{"action":"token_refreshed","actor_id":"9950b2e9-632f-42ff-b259-726ede4e408f","actor_username":"emirpuente31@gmail.com","actor_via_sso":false,"log_type":"token"}	2025-04-07 21:49:40.050128+00	
00000000-0000-0000-0000-000000000000	3ced0dbc-b8f7-4f0e-8fa1-e8a8ba0f33a3	{"action":"token_revoked","actor_id":"9950b2e9-632f-42ff-b259-726ede4e408f","actor_username":"emirpuente31@gmail.com","actor_via_sso":false,"log_type":"token"}	2025-04-07 21:49:40.053044+00	
00000000-0000-0000-0000-000000000000	fcdc1418-3b38-439b-8fe0-b33ecac7b394	{"action":"login","actor_id":"9950b2e9-632f-42ff-b259-726ede4e408f","actor_username":"emirpuente31@gmail.com","actor_via_sso":false,"log_type":"account","traits":{"provider":"email"}}	2025-04-07 21:49:41.436252+00	
00000000-0000-0000-0000-000000000000	90ac2117-ec74-4546-8097-fe370a4a1e3a	{"action":"login","actor_id":"7478c90f-4de7-494d-ae79-fc28756dc4ab","actor_username":"a01741300@tec.mx","actor_via_sso":false,"log_type":"account","traits":{"provider":"email"}}	2025-04-07 22:00:08.376267+00	
00000000-0000-0000-0000-000000000000	5b782d32-48b7-432a-82fd-23b3e3cdc2f3	{"action":"token_refreshed","actor_id":"7478c90f-4de7-494d-ae79-fc28756dc4ab","actor_username":"a01741300@tec.mx","actor_via_sso":false,"log_type":"token"}	2025-04-07 23:16:29.638532+00	
00000000-0000-0000-0000-000000000000	f696e6d0-0d63-4374-8b86-4e01c847eaa9	{"action":"token_revoked","actor_id":"7478c90f-4de7-494d-ae79-fc28756dc4ab","actor_username":"a01741300@tec.mx","actor_via_sso":false,"log_type":"token"}	2025-04-07 23:16:29.641325+00	
00000000-0000-0000-0000-000000000000	b86ed736-e44e-45a2-98fb-a954b5cdaf1d	{"action":"token_refreshed","actor_id":"564b41de-e4a1-4e56-bff7-c0681abc0718","actor_username":"a01198676@tec.mx","actor_via_sso":false,"log_type":"token"}	2025-04-07 23:17:00.025943+00	
00000000-0000-0000-0000-000000000000	94407baa-583a-4a44-8ffe-8902919491e2	{"action":"token_revoked","actor_id":"564b41de-e4a1-4e56-bff7-c0681abc0718","actor_username":"a01198676@tec.mx","actor_via_sso":false,"log_type":"token"}	2025-04-07 23:17:00.027376+00	
00000000-0000-0000-0000-000000000000	83493224-36cd-41ac-801a-7392b9785e0d	{"action":"token_refreshed","actor_id":"7dfad126-2905-431a-829b-fcae851fe102","actor_username":"a01722728@tec.mx","actor_via_sso":false,"log_type":"token"}	2025-04-07 23:20:37.311406+00	
00000000-0000-0000-0000-000000000000	b990bc35-d0b2-4932-b036-39bf85c6635f	{"action":"token_revoked","actor_id":"7dfad126-2905-431a-829b-fcae851fe102","actor_username":"a01722728@tec.mx","actor_via_sso":false,"log_type":"token"}	2025-04-07 23:20:37.313008+00	
00000000-0000-0000-0000-000000000000	a79b6183-7233-46a3-8bd2-1ffad974bc01	{"action":"user_signedup","actor_id":"6eb32f88-231e-4237-9f93-6689a94b624d","actor_username":"amn@gmail.com","actor_via_sso":false,"log_type":"team","traits":{"provider":"email"}}	2025-04-07 23:22:47.100552+00	
00000000-0000-0000-0000-000000000000	6283e28a-cd9a-4d10-ab02-85805a7465e8	{"action":"login","actor_id":"6eb32f88-231e-4237-9f93-6689a94b624d","actor_username":"amn@gmail.com","actor_via_sso":false,"log_type":"account","traits":{"provider":"email"}}	2025-04-07 23:22:47.10802+00	
00000000-0000-0000-0000-000000000000	cbcb17a8-3660-4974-a602-ccd2cca5c0b3	{"action":"user_signedup","actor_id":"2eadd525-41bd-4c5d-9073-faf9c6b91714","actor_username":"auch@gmail.com","actor_via_sso":false,"log_type":"team","traits":{"provider":"email"}}	2025-04-07 23:24:17.052485+00	
00000000-0000-0000-0000-000000000000	c5fcaabb-828f-494a-bc6f-376672a32bd6	{"action":"login","actor_id":"2eadd525-41bd-4c5d-9073-faf9c6b91714","actor_username":"auch@gmail.com","actor_via_sso":false,"log_type":"account","traits":{"provider":"email"}}	2025-04-07 23:24:17.056876+00	
00000000-0000-0000-0000-000000000000	fef34e31-6845-4264-99a8-34011ca9c9f5	{"action":"token_refreshed","actor_id":"ff98b050-236d-4a28-8aea-567f03b9f3c3","actor_username":"rantonion2004@outlook.com","actor_via_sso":false,"log_type":"token"}	2025-04-07 23:27:03.237419+00	
00000000-0000-0000-0000-000000000000	e5bdc77a-e6fe-4bc0-bb8f-0b62e7a17284	{"action":"token_revoked","actor_id":"ff98b050-236d-4a28-8aea-567f03b9f3c3","actor_username":"rantonion2004@outlook.com","actor_via_sso":false,"log_type":"token"}	2025-04-07 23:27:03.240034+00	
00000000-0000-0000-0000-000000000000	67b0e7a0-db43-4145-ba9a-858f86900d0f	{"action":"user_signedup","actor_id":"31fbe58a-c798-401a-b2aa-c06726293956","actor_username":"test@t.com","actor_via_sso":false,"log_type":"team","traits":{"provider":"email"}}	2025-04-07 23:30:10.21646+00	
00000000-0000-0000-0000-000000000000	428f0b1a-5e1e-4122-afc8-92a1cd2e29f8	{"action":"login","actor_id":"31fbe58a-c798-401a-b2aa-c06726293956","actor_username":"test@t.com","actor_via_sso":false,"log_type":"account","traits":{"provider":"email"}}	2025-04-07 23:30:10.221411+00	
00000000-0000-0000-0000-000000000000	8a352e21-cac4-466d-807b-ea861fafdb98	{"action":"user_signedup","actor_id":"0e41703f-9367-446f-ab66-0c5477edda65","actor_username":"abssh@g.com","actor_via_sso":false,"log_type":"team","traits":{"provider":"email"}}	2025-04-07 23:34:08.077902+00	
00000000-0000-0000-0000-000000000000	95401c23-8855-4fd2-8ef5-b730ed563990	{"action":"login","actor_id":"0e41703f-9367-446f-ab66-0c5477edda65","actor_username":"abssh@g.com","actor_via_sso":false,"log_type":"account","traits":{"provider":"email"}}	2025-04-07 23:34:08.081908+00	
00000000-0000-0000-0000-000000000000	a454e72b-cc11-46d3-aa9e-4c038185d81f	{"action":"login","actor_id":"7dfad126-2905-431a-829b-fcae851fe102","actor_username":"a01722728@tec.mx","actor_via_sso":false,"log_type":"account","traits":{"provider":"email"}}	2025-04-07 23:35:55.720907+00	
00000000-0000-0000-0000-000000000000	1777d670-c8c6-42f0-a35f-78593ef3bc00	{"action":"user_signedup","actor_id":"a004e928-2b22-4749-ad53-9232297705be","actor_username":"axsax@gmail.com","actor_via_sso":false,"log_type":"team","traits":{"provider":"email"}}	2025-04-07 23:37:10.564274+00	
00000000-0000-0000-0000-000000000000	6952ba7d-bef8-4dd9-b457-3dcff4c671bc	{"action":"login","actor_id":"a004e928-2b22-4749-ad53-9232297705be","actor_username":"axsax@gmail.com","actor_via_sso":false,"log_type":"account","traits":{"provider":"email"}}	2025-04-07 23:37:10.56962+00	
00000000-0000-0000-0000-000000000000	b5ba21f1-ad18-46a4-9e5e-75b409e947b8	{"action":"user_signedup","actor_id":"204b4114-7454-40dd-afd4-d4521f0c2558","actor_username":"a3@cd.mx","actor_via_sso":false,"log_type":"team","traits":{"provider":"email"}}	2025-04-08 00:06:55.656773+00	
00000000-0000-0000-0000-000000000000	5a1ec98a-3871-4800-a981-95918e95ee44	{"action":"login","actor_id":"204b4114-7454-40dd-afd4-d4521f0c2558","actor_username":"a3@cd.mx","actor_via_sso":false,"log_type":"account","traits":{"provider":"email"}}	2025-04-08 00:06:55.667012+00	
00000000-0000-0000-0000-000000000000	ec9214fb-309f-4dd7-9f6e-fb2cb54edd31	{"action":"user_signedup","actor_id":"392c88d5-a2c3-4a14-88d1-2d84bc8133c5","actor_username":"ajd@tec.mx","actor_via_sso":false,"log_type":"team","traits":{"provider":"email"}}	2025-04-08 00:08:41.296968+00	
00000000-0000-0000-0000-000000000000	ee5a86e5-22f6-49a9-8af9-a63f90ccbefd	{"action":"login","actor_id":"392c88d5-a2c3-4a14-88d1-2d84bc8133c5","actor_username":"ajd@tec.mx","actor_via_sso":false,"log_type":"account","traits":{"provider":"email"}}	2025-04-08 00:08:41.301865+00	
00000000-0000-0000-0000-000000000000	af632d73-7c01-478e-a896-4b1327f72b1e	{"action":"user_signedup","actor_id":"37a795b1-0a19-41ca-a09c-805dc258ac38","actor_username":"sd@tec.mx","actor_via_sso":false,"log_type":"team","traits":{"provider":"email"}}	2025-04-08 00:16:29.31925+00	
00000000-0000-0000-0000-000000000000	b4557200-5213-49cf-abc5-92550b6da0e7	{"action":"login","actor_id":"37a795b1-0a19-41ca-a09c-805dc258ac38","actor_username":"sd@tec.mx","actor_via_sso":false,"log_type":"account","traits":{"provider":"email"}}	2025-04-08 00:16:29.326362+00	
00000000-0000-0000-0000-000000000000	5cfab5b8-c16e-4a29-8abb-e29ad083c4dc	{"action":"token_refreshed","actor_id":"564b41de-e4a1-4e56-bff7-c0681abc0718","actor_username":"a01198676@tec.mx","actor_via_sso":false,"log_type":"token"}	2025-04-08 00:18:56.982773+00	
00000000-0000-0000-0000-000000000000	135a54ba-c798-46d6-807c-1be964a8c0a6	{"action":"token_revoked","actor_id":"564b41de-e4a1-4e56-bff7-c0681abc0718","actor_username":"a01198676@tec.mx","actor_via_sso":false,"log_type":"token"}	2025-04-08 00:18:56.983759+00	
00000000-0000-0000-0000-000000000000	e80d28d9-9ff3-4b1a-9788-2c8f1b2ce80d	{"action":"user_signedup","actor_id":"a0a40b5c-c8be-40f1-ae42-d8bb32677c8e","actor_username":"kjsnd@h.co","actor_via_sso":false,"log_type":"team","traits":{"provider":"email"}}	2025-04-08 00:23:45.389858+00	
00000000-0000-0000-0000-000000000000	60e083d5-e5bd-4ffe-842e-bd1d85b80d81	{"action":"login","actor_id":"a0a40b5c-c8be-40f1-ae42-d8bb32677c8e","actor_username":"kjsnd@h.co","actor_via_sso":false,"log_type":"account","traits":{"provider":"email"}}	2025-04-08 00:23:45.396655+00	
00000000-0000-0000-0000-000000000000	783fcc92-e970-4e4e-9809-b2c2e60475d5	{"action":"user_signedup","actor_id":"0a38c26c-3a86-42cb-b39b-c9c76848f0e5","actor_username":"oi@c.c","actor_via_sso":false,"log_type":"team","traits":{"provider":"email"}}	2025-04-08 00:26:00.014379+00	
00000000-0000-0000-0000-000000000000	02dd6d27-68d3-4da9-a212-b7e1ae69d451	{"action":"login","actor_id":"0a38c26c-3a86-42cb-b39b-c9c76848f0e5","actor_username":"oi@c.c","actor_via_sso":false,"log_type":"account","traits":{"provider":"email"}}	2025-04-08 00:26:00.022566+00	
00000000-0000-0000-0000-000000000000	0b34b54e-18ff-4f02-bafc-e05693812266	{"action":"token_refreshed","actor_id":"ff98b050-236d-4a28-8aea-567f03b9f3c3","actor_username":"rantonion2004@outlook.com","actor_via_sso":false,"log_type":"token"}	2025-04-08 02:52:04.338869+00	
00000000-0000-0000-0000-000000000000	b6383d36-b29f-48e9-8679-b542f153ac37	{"action":"token_revoked","actor_id":"ff98b050-236d-4a28-8aea-567f03b9f3c3","actor_username":"rantonion2004@outlook.com","actor_via_sso":false,"log_type":"token"}	2025-04-08 02:52:04.342584+00	
00000000-0000-0000-0000-000000000000	32bf871f-b6f2-4c24-b21f-aa65c927d749	{"action":"token_refreshed","actor_id":"ff98b050-236d-4a28-8aea-567f03b9f3c3","actor_username":"rantonion2004@outlook.com","actor_via_sso":false,"log_type":"token"}	2025-04-08 04:10:43.322019+00	
00000000-0000-0000-0000-000000000000	6fd1e751-53e4-4511-9c2a-c6cc22b41eae	{"action":"token_revoked","actor_id":"ff98b050-236d-4a28-8aea-567f03b9f3c3","actor_username":"rantonion2004@outlook.com","actor_via_sso":false,"log_type":"token"}	2025-04-08 04:10:43.325479+00	
00000000-0000-0000-0000-000000000000	3643c074-c443-4583-ad4c-9b64c1e74733	{"action":"token_refreshed","actor_id":"ff98b050-236d-4a28-8aea-567f03b9f3c3","actor_username":"rantonion2004@outlook.com","actor_via_sso":false,"log_type":"token"}	2025-04-08 05:08:46.485807+00	
00000000-0000-0000-0000-000000000000	9449ff2f-7a40-4f2b-bead-3202cdce19e6	{"action":"token_revoked","actor_id":"ff98b050-236d-4a28-8aea-567f03b9f3c3","actor_username":"rantonion2004@outlook.com","actor_via_sso":false,"log_type":"token"}	2025-04-08 05:08:46.486822+00	
00000000-0000-0000-0000-000000000000	a21b7f92-bd6b-409d-96ed-26f722f2a593	{"action":"token_refreshed","actor_id":"ff98b050-236d-4a28-8aea-567f03b9f3c3","actor_username":"rantonion2004@outlook.com","actor_via_sso":false,"log_type":"token"}	2025-04-08 06:06:53.363378+00	
00000000-0000-0000-0000-000000000000	489a6b82-6b02-4b9e-96a5-497528c8f342	{"action":"token_revoked","actor_id":"ff98b050-236d-4a28-8aea-567f03b9f3c3","actor_username":"rantonion2004@outlook.com","actor_via_sso":false,"log_type":"token"}	2025-04-08 06:06:53.367036+00	
00000000-0000-0000-0000-000000000000	eac792c5-f146-4c87-a970-a396a8f9f7cb	{"action":"token_refreshed","actor_id":"ff98b050-236d-4a28-8aea-567f03b9f3c3","actor_username":"rantonion2004@outlook.com","actor_via_sso":false,"log_type":"token"}	2025-04-08 07:30:34.679346+00	
00000000-0000-0000-0000-000000000000	983a58a6-3036-4351-ac62-4402a7127cea	{"action":"token_revoked","actor_id":"ff98b050-236d-4a28-8aea-567f03b9f3c3","actor_username":"rantonion2004@outlook.com","actor_via_sso":false,"log_type":"token"}	2025-04-08 07:30:34.687133+00	
00000000-0000-0000-0000-000000000000	3d7c2696-0bf1-41af-9f26-6c7d046cbca9	{"action":"token_refreshed","actor_id":"0a38c26c-3a86-42cb-b39b-c9c76848f0e5","actor_username":"oi@c.c","actor_via_sso":false,"log_type":"token"}	2025-04-08 20:24:54.251071+00	
00000000-0000-0000-0000-000000000000	6a6101c8-f3b7-4026-a814-4f25b357d531	{"action":"token_revoked","actor_id":"0a38c26c-3a86-42cb-b39b-c9c76848f0e5","actor_username":"oi@c.c","actor_via_sso":false,"log_type":"token"}	2025-04-08 20:24:54.269513+00	
00000000-0000-0000-0000-000000000000	e91f2274-75f4-4852-beb9-1ff8c4b45d73	{"action":"user_signedup","actor_id":"577146a4-87b1-4f34-9bb1-824140ff4c54","actor_username":"zi@tec.mx","actor_via_sso":false,"log_type":"team","traits":{"provider":"email"}}	2025-04-08 20:27:24.911398+00	
00000000-0000-0000-0000-000000000000	35701d0b-d6d4-4a8f-b817-b81b82f720c1	{"action":"login","actor_id":"577146a4-87b1-4f34-9bb1-824140ff4c54","actor_username":"zi@tec.mx","actor_via_sso":false,"log_type":"account","traits":{"provider":"email"}}	2025-04-08 20:27:24.918609+00	
00000000-0000-0000-0000-000000000000	cf6f51aa-b116-41e0-9e13-ac861516f22c	{"action":"user_repeated_signup","actor_id":"577146a4-87b1-4f34-9bb1-824140ff4c54","actor_username":"zi@tec.mx","actor_via_sso":false,"log_type":"user","traits":{"provider":"email"}}	2025-04-08 20:27:48.517624+00	
00000000-0000-0000-0000-000000000000	dd580e8c-84b4-491b-927f-6ed05555b233	{"action":"user_signedup","actor_id":"809bf7bd-14ec-4553-9e37-90a697149799","actor_username":"zic@tec.mx","actor_via_sso":false,"log_type":"team","traits":{"provider":"email"}}	2025-04-08 20:27:54.466917+00	
00000000-0000-0000-0000-000000000000	93a63c46-0319-40aa-81e9-29325d3128ca	{"action":"login","actor_id":"809bf7bd-14ec-4553-9e37-90a697149799","actor_username":"zic@tec.mx","actor_via_sso":false,"log_type":"account","traits":{"provider":"email"}}	2025-04-08 20:27:54.472252+00	
00000000-0000-0000-0000-000000000000	fcf31d75-89ec-4381-9ea1-dc6293ca5436	{"action":"user_signedup","actor_id":"9cdc8f90-0c14-4d94-bfba-45c371b30735","actor_username":"zy2@gmail.com","actor_via_sso":false,"log_type":"team","traits":{"provider":"email"}}	2025-04-08 20:32:52.794053+00	
00000000-0000-0000-0000-000000000000	d5338f7e-824a-4aae-9772-94069d828a5e	{"action":"login","actor_id":"9cdc8f90-0c14-4d94-bfba-45c371b30735","actor_username":"zy2@gmail.com","actor_via_sso":false,"log_type":"account","traits":{"provider":"email"}}	2025-04-08 20:32:52.800373+00	
00000000-0000-0000-0000-000000000000	e18d58b3-bb77-418d-a32e-6baba508c4f9	{"action":"token_refreshed","actor_id":"7dfad126-2905-431a-829b-fcae851fe102","actor_username":"a01722728@tec.mx","actor_via_sso":false,"log_type":"token"}	2025-04-08 21:25:25.399474+00	
00000000-0000-0000-0000-000000000000	450a5e66-cf5f-4b80-b876-bb468cbbad72	{"action":"token_revoked","actor_id":"7dfad126-2905-431a-829b-fcae851fe102","actor_username":"a01722728@tec.mx","actor_via_sso":false,"log_type":"token"}	2025-04-08 21:25:25.402234+00	
00000000-0000-0000-0000-000000000000	82e87faf-40d9-43eb-9d63-059d977d0372	{"action":"token_refreshed","actor_id":"ff98b050-236d-4a28-8aea-567f03b9f3c3","actor_username":"rantonion2004@outlook.com","actor_via_sso":false,"log_type":"token"}	2025-04-08 21:29:32.350864+00	
00000000-0000-0000-0000-000000000000	47596ee0-a68c-48fd-a654-1b5bd059f0c8	{"action":"token_revoked","actor_id":"ff98b050-236d-4a28-8aea-567f03b9f3c3","actor_username":"rantonion2004@outlook.com","actor_via_sso":false,"log_type":"token"}	2025-04-08 21:29:32.351762+00	
00000000-0000-0000-0000-000000000000	bf8889cd-885d-4f8c-96d2-fa897cf68eae	{"action":"token_refreshed","actor_id":"9cdc8f90-0c14-4d94-bfba-45c371b30735","actor_username":"zy2@gmail.com","actor_via_sso":false,"log_type":"token"}	2025-04-08 21:32:55.53501+00	
00000000-0000-0000-0000-000000000000	9bae290e-e126-44b7-bd11-de6db96b9851	{"action":"token_revoked","actor_id":"9cdc8f90-0c14-4d94-bfba-45c371b30735","actor_username":"zy2@gmail.com","actor_via_sso":false,"log_type":"token"}	2025-04-08 21:32:55.537256+00	
00000000-0000-0000-0000-000000000000	3de2fcf4-3a6b-4c1f-8642-2db07e57fa86	{"action":"token_refreshed","actor_id":"ff98b050-236d-4a28-8aea-567f03b9f3c3","actor_username":"rantonion2004@outlook.com","actor_via_sso":false,"log_type":"token"}	2025-04-08 22:30:55.597779+00	
00000000-0000-0000-0000-000000000000	8c9aff26-d4c9-4e8c-8aa1-c8b8f92cefe4	{"action":"token_revoked","actor_id":"ff98b050-236d-4a28-8aea-567f03b9f3c3","actor_username":"rantonion2004@outlook.com","actor_via_sso":false,"log_type":"token"}	2025-04-08 22:30:55.600705+00	
00000000-0000-0000-0000-000000000000	df5b5c25-5949-48f1-a53c-b306089cb8df	{"action":"token_refreshed","actor_id":"7dfad126-2905-431a-829b-fcae851fe102","actor_username":"a01722728@tec.mx","actor_via_sso":false,"log_type":"token"}	2025-04-08 22:32:41.413646+00	
00000000-0000-0000-0000-000000000000	a6656c36-f6e9-4e07-9721-e7711cf9dcf4	{"action":"token_revoked","actor_id":"7dfad126-2905-431a-829b-fcae851fe102","actor_username":"a01722728@tec.mx","actor_via_sso":false,"log_type":"token"}	2025-04-08 22:32:41.415211+00	
00000000-0000-0000-0000-000000000000	3f8fd13c-0fad-41c6-b9c4-2b2375bc64e0	{"action":"token_refreshed","actor_id":"9cdc8f90-0c14-4d94-bfba-45c371b30735","actor_username":"zy2@gmail.com","actor_via_sso":false,"log_type":"token"}	2025-04-08 22:53:58.478255+00	
00000000-0000-0000-0000-000000000000	4f02c5c7-48bd-48c7-8376-bc50e5ec59a9	{"action":"token_revoked","actor_id":"9cdc8f90-0c14-4d94-bfba-45c371b30735","actor_username":"zy2@gmail.com","actor_via_sso":false,"log_type":"token"}	2025-04-08 22:53:58.484281+00	
00000000-0000-0000-0000-000000000000	b84de450-dda9-4489-83f7-bc4dd267ebfa	{"action":"token_refreshed","actor_id":"ff98b050-236d-4a28-8aea-567f03b9f3c3","actor_username":"rantonion2004@outlook.com","actor_via_sso":false,"log_type":"token"}	2025-04-08 23:34:46.139458+00	
00000000-0000-0000-0000-000000000000	da9314d1-0d37-4c2f-b461-c6eac649d096	{"action":"token_revoked","actor_id":"ff98b050-236d-4a28-8aea-567f03b9f3c3","actor_username":"rantonion2004@outlook.com","actor_via_sso":false,"log_type":"token"}	2025-04-08 23:34:46.142449+00	
00000000-0000-0000-0000-000000000000	9ffd0476-14d0-4ca3-aa2d-18d779b03444	{"action":"token_refreshed","actor_id":"9cdc8f90-0c14-4d94-bfba-45c371b30735","actor_username":"zy2@gmail.com","actor_via_sso":false,"log_type":"token"}	2025-04-09 01:33:28.456501+00	
00000000-0000-0000-0000-000000000000	bf5efe26-eeb3-4951-b902-f39eec9700d6	{"action":"token_revoked","actor_id":"9cdc8f90-0c14-4d94-bfba-45c371b30735","actor_username":"zy2@gmail.com","actor_via_sso":false,"log_type":"token"}	2025-04-09 01:33:28.459676+00	
00000000-0000-0000-0000-000000000000	03a117dc-3397-4bd3-9c03-0a0a1c150c01	{"action":"token_refreshed","actor_id":"ff98b050-236d-4a28-8aea-567f03b9f3c3","actor_username":"rantonion2004@outlook.com","actor_via_sso":false,"log_type":"token"}	2025-04-09 01:45:09.602523+00	
00000000-0000-0000-0000-000000000000	31b4d702-7c7d-4a58-ac01-d944ed817297	{"action":"token_revoked","actor_id":"ff98b050-236d-4a28-8aea-567f03b9f3c3","actor_username":"rantonion2004@outlook.com","actor_via_sso":false,"log_type":"token"}	2025-04-09 01:45:09.604711+00	
00000000-0000-0000-0000-000000000000	8e2db51d-b6df-4338-b009-195f4f32a49a	{"action":"token_refreshed","actor_id":"9cdc8f90-0c14-4d94-bfba-45c371b30735","actor_username":"zy2@gmail.com","actor_via_sso":false,"log_type":"token"}	2025-04-09 02:31:54.25595+00	
00000000-0000-0000-0000-000000000000	fc309514-5196-4c62-a4da-569512f24999	{"action":"token_revoked","actor_id":"9cdc8f90-0c14-4d94-bfba-45c371b30735","actor_username":"zy2@gmail.com","actor_via_sso":false,"log_type":"token"}	2025-04-09 02:31:54.258721+00	
00000000-0000-0000-0000-000000000000	aedce1b4-de22-40ea-86bc-5d99f9876047	{"action":"user_signedup","actor_id":"2ccb7762-72c7-4aeb-93ab-5b628ea330f3","actor_username":"test01@g.com","actor_via_sso":false,"log_type":"team","traits":{"provider":"email"}}	2025-04-09 02:40:56.563598+00	
00000000-0000-0000-0000-000000000000	48ef08b9-9ae3-43cd-83b9-4045d2d94078	{"action":"login","actor_id":"2ccb7762-72c7-4aeb-93ab-5b628ea330f3","actor_username":"test01@g.com","actor_via_sso":false,"log_type":"account","traits":{"provider":"email"}}	2025-04-09 02:40:56.569985+00	
00000000-0000-0000-0000-000000000000	8c6bb3f8-3f28-467e-9cde-8e3619118ffe	{"action":"user_signedup","actor_id":"b314f0e1-5f44-48a5-9a99-30387795843c","actor_username":"test02@g.com","actor_via_sso":false,"log_type":"team","traits":{"provider":"email"}}	2025-04-09 02:41:41.991771+00	
00000000-0000-0000-0000-000000000000	21db940b-7a12-4ce9-9e2b-0a9de8024222	{"action":"login","actor_id":"b314f0e1-5f44-48a5-9a99-30387795843c","actor_username":"test02@g.com","actor_via_sso":false,"log_type":"account","traits":{"provider":"email"}}	2025-04-09 02:41:41.995285+00	
00000000-0000-0000-0000-000000000000	3c0957de-c2f9-4779-a514-6a86d0cd847f	{"action":"user_signedup","actor_id":"44339363-8791-433b-93d4-93642c90c69a","actor_username":"test03@g.com","actor_via_sso":false,"log_type":"team","traits":{"provider":"email"}}	2025-04-09 02:43:16.95798+00	
00000000-0000-0000-0000-000000000000	b9059a40-b3dd-448b-b1b6-a2535a5b44db	{"action":"login","actor_id":"44339363-8791-433b-93d4-93642c90c69a","actor_username":"test03@g.com","actor_via_sso":false,"log_type":"account","traits":{"provider":"email"}}	2025-04-09 02:43:16.96259+00	
00000000-0000-0000-0000-000000000000	f00cf821-3114-44df-9fa0-bde4b077ca78	{"action":"token_refreshed","actor_id":"ff98b050-236d-4a28-8aea-567f03b9f3c3","actor_username":"rantonion2004@outlook.com","actor_via_sso":false,"log_type":"token"}	2025-04-09 02:45:07.627578+00	
00000000-0000-0000-0000-000000000000	7345efc7-3c0f-4f94-9186-311aa59dd742	{"action":"token_revoked","actor_id":"ff98b050-236d-4a28-8aea-567f03b9f3c3","actor_username":"rantonion2004@outlook.com","actor_via_sso":false,"log_type":"token"}	2025-04-09 02:45:07.630045+00	
00000000-0000-0000-0000-000000000000	f3b68111-442d-46de-b56a-96fa41ea7b71	{"action":"token_refreshed","actor_id":"ff98b050-236d-4a28-8aea-567f03b9f3c3","actor_username":"rantonion2004@outlook.com","actor_via_sso":false,"log_type":"token"}	2025-04-09 04:33:52.41789+00	
00000000-0000-0000-0000-000000000000	b9375989-8e5c-4ae6-ba4b-5efa3ff1b658	{"action":"token_revoked","actor_id":"ff98b050-236d-4a28-8aea-567f03b9f3c3","actor_username":"rantonion2004@outlook.com","actor_via_sso":false,"log_type":"token"}	2025-04-09 04:33:52.428215+00	
00000000-0000-0000-0000-000000000000	ee6f937d-d7fd-480e-8fc4-49b9e7038c8b	{"action":"token_refreshed","actor_id":"ff98b050-236d-4a28-8aea-567f03b9f3c3","actor_username":"rantonion2004@outlook.com","actor_via_sso":false,"log_type":"token"}	2025-04-09 05:41:25.824331+00	
00000000-0000-0000-0000-000000000000	d75a15a2-4a8d-45d0-a816-a9f44ff4c195	{"action":"token_revoked","actor_id":"ff98b050-236d-4a28-8aea-567f03b9f3c3","actor_username":"rantonion2004@outlook.com","actor_via_sso":false,"log_type":"token"}	2025-04-09 05:41:25.830723+00	
00000000-0000-0000-0000-000000000000	ca9ff6f6-56cb-4476-bf09-2791178b384e	{"action":"token_refreshed","actor_id":"ff98b050-236d-4a28-8aea-567f03b9f3c3","actor_username":"rantonion2004@outlook.com","actor_via_sso":false,"log_type":"token"}	2025-04-09 06:39:49.054641+00	
00000000-0000-0000-0000-000000000000	f6a94786-b6a6-4935-8f93-b556a1c056ad	{"action":"token_revoked","actor_id":"ff98b050-236d-4a28-8aea-567f03b9f3c3","actor_username":"rantonion2004@outlook.com","actor_via_sso":false,"log_type":"token"}	2025-04-09 06:39:49.058798+00	
00000000-0000-0000-0000-000000000000	1c372923-9056-4c77-b73d-3af95d4317f5	{"action":"token_refreshed","actor_id":"ff98b050-236d-4a28-8aea-567f03b9f3c3","actor_username":"rantonion2004@outlook.com","actor_via_sso":false,"log_type":"token"}	2025-04-09 07:38:19.570775+00	
00000000-0000-0000-0000-000000000000	c9bdcd4d-0bf4-4861-b15b-bd9f245b3353	{"action":"token_revoked","actor_id":"ff98b050-236d-4a28-8aea-567f03b9f3c3","actor_username":"rantonion2004@outlook.com","actor_via_sso":false,"log_type":"token"}	2025-04-09 07:38:19.578251+00	
00000000-0000-0000-0000-000000000000	bb0c7dc8-6726-4762-927d-9b01b93e3fb4	{"action":"token_refreshed","actor_id":"ff98b050-236d-4a28-8aea-567f03b9f3c3","actor_username":"rantonion2004@outlook.com","actor_via_sso":false,"log_type":"token"}	2025-04-09 09:23:16.090199+00	
00000000-0000-0000-0000-000000000000	4a4ae423-e981-4cd0-90fa-c589194dcc2e	{"action":"token_revoked","actor_id":"ff98b050-236d-4a28-8aea-567f03b9f3c3","actor_username":"rantonion2004@outlook.com","actor_via_sso":false,"log_type":"token"}	2025-04-09 09:23:16.097811+00	
00000000-0000-0000-0000-000000000000	2dc9d72c-caa5-4209-8cd8-e6b41894f035	{"action":"token_refreshed","actor_id":"ff98b050-236d-4a28-8aea-567f03b9f3c3","actor_username":"rantonion2004@outlook.com","actor_via_sso":false,"log_type":"token"}	2025-04-09 17:49:52.200319+00	
00000000-0000-0000-0000-000000000000	376e0b07-8a54-4625-8878-7034b1c883fd	{"action":"token_revoked","actor_id":"ff98b050-236d-4a28-8aea-567f03b9f3c3","actor_username":"rantonion2004@outlook.com","actor_via_sso":false,"log_type":"token"}	2025-04-09 17:49:52.211708+00	
00000000-0000-0000-0000-000000000000	efb319bd-7e7a-48c2-ad3f-56986af746f1	{"action":"token_refreshed","actor_id":"9950b2e9-632f-42ff-b259-726ede4e408f","actor_username":"emirpuente31@gmail.com","actor_via_sso":false,"log_type":"token"}	2025-04-10 01:20:04.173056+00	
00000000-0000-0000-0000-000000000000	24af74a4-e300-4ec7-9854-b5108bd356ff	{"action":"token_revoked","actor_id":"9950b2e9-632f-42ff-b259-726ede4e408f","actor_username":"emirpuente31@gmail.com","actor_via_sso":false,"log_type":"token"}	2025-04-10 01:20:04.185038+00	
00000000-0000-0000-0000-000000000000	f9a9c2e9-1d7c-4e76-9520-6b3f4c93637d	{"action":"login","actor_id":"9950b2e9-632f-42ff-b259-726ede4e408f","actor_username":"emirpuente31@gmail.com","actor_via_sso":false,"log_type":"account","traits":{"provider":"email"}}	2025-04-10 01:20:04.570805+00	
00000000-0000-0000-0000-000000000000	92e5c9d3-3ee4-47b3-a765-2aa97c727968	{"action":"token_refreshed","actor_id":"ff98b050-236d-4a28-8aea-567f03b9f3c3","actor_username":"rantonion2004@outlook.com","actor_via_sso":false,"log_type":"token"}	2025-04-10 02:12:14.906573+00	
00000000-0000-0000-0000-000000000000	9cac7ad1-5844-44fb-86d8-78ed65e5f5f3	{"action":"token_revoked","actor_id":"ff98b050-236d-4a28-8aea-567f03b9f3c3","actor_username":"rantonion2004@outlook.com","actor_via_sso":false,"log_type":"token"}	2025-04-10 02:12:14.914733+00	
00000000-0000-0000-0000-000000000000	54409b12-1f77-4b7f-8d36-13d360121bde	{"action":"token_refreshed","actor_id":"ff98b050-236d-4a28-8aea-567f03b9f3c3","actor_username":"rantonion2004@outlook.com","actor_via_sso":false,"log_type":"token"}	2025-04-10 03:11:38.139907+00	
00000000-0000-0000-0000-000000000000	97171343-67d9-4d19-ae74-d683cbe6def9	{"action":"token_revoked","actor_id":"ff98b050-236d-4a28-8aea-567f03b9f3c3","actor_username":"rantonion2004@outlook.com","actor_via_sso":false,"log_type":"token"}	2025-04-10 03:11:38.146248+00	
00000000-0000-0000-0000-000000000000	b18737a8-67e2-4680-ade5-ad1c3168397a	{"action":"token_refreshed","actor_id":"564b41de-e4a1-4e56-bff7-c0681abc0718","actor_username":"a01198676@tec.mx","actor_via_sso":false,"log_type":"token"}	2025-04-10 03:25:19.050475+00	
00000000-0000-0000-0000-000000000000	bd27d93e-0753-44ad-ae5c-267fbe0ea306	{"action":"token_revoked","actor_id":"564b41de-e4a1-4e56-bff7-c0681abc0718","actor_username":"a01198676@tec.mx","actor_via_sso":false,"log_type":"token"}	2025-04-10 03:25:19.052136+00	
00000000-0000-0000-0000-000000000000	0d84b522-eae4-4a13-895c-f5e27b6df511	{"action":"token_refreshed","actor_id":"ff98b050-236d-4a28-8aea-567f03b9f3c3","actor_username":"rantonion2004@outlook.com","actor_via_sso":false,"log_type":"token"}	2025-04-10 04:09:41.334193+00	
00000000-0000-0000-0000-000000000000	39d3ef09-4a5d-4d68-99f1-9acb4024de4f	{"action":"token_revoked","actor_id":"ff98b050-236d-4a28-8aea-567f03b9f3c3","actor_username":"rantonion2004@outlook.com","actor_via_sso":false,"log_type":"token"}	2025-04-10 04:09:41.337491+00	
00000000-0000-0000-0000-000000000000	604b8b4b-3b2e-4f1e-afe5-bff47e3103a4	{"action":"token_refreshed","actor_id":"44339363-8791-433b-93d4-93642c90c69a","actor_username":"test03@g.com","actor_via_sso":false,"log_type":"token"}	2025-04-10 04:17:48.470838+00	
00000000-0000-0000-0000-000000000000	03c4db78-d28d-4a59-a961-9721ba475141	{"action":"token_revoked","actor_id":"44339363-8791-433b-93d4-93642c90c69a","actor_username":"test03@g.com","actor_via_sso":false,"log_type":"token"}	2025-04-10 04:17:48.47286+00	
00000000-0000-0000-0000-000000000000	6b369857-b6a0-4aa6-810b-2cb098c4d733	{"action":"login","actor_id":"7478c90f-4de7-494d-ae79-fc28756dc4ab","actor_username":"a01741300@tec.mx","actor_via_sso":false,"log_type":"account","traits":{"provider":"email"}}	2025-04-10 04:19:54.010058+00	
00000000-0000-0000-0000-000000000000	23b86b68-fd3c-4595-89cf-37fff4d3e01a	{"action":"token_refreshed","actor_id":"564b41de-e4a1-4e56-bff7-c0681abc0718","actor_username":"a01198676@tec.mx","actor_via_sso":false,"log_type":"token"}	2025-04-10 04:23:56.489969+00	
00000000-0000-0000-0000-000000000000	3ba7d454-394b-418c-9f0f-b9d29a161224	{"action":"token_revoked","actor_id":"564b41de-e4a1-4e56-bff7-c0681abc0718","actor_username":"a01198676@tec.mx","actor_via_sso":false,"log_type":"token"}	2025-04-10 04:23:56.4936+00	
00000000-0000-0000-0000-000000000000	a175f718-428b-4657-a35f-f631c569f74c	{"action":"token_refreshed","actor_id":"7478c90f-4de7-494d-ae79-fc28756dc4ab","actor_username":"a01741300@tec.mx","actor_via_sso":false,"log_type":"token"}	2025-04-10 05:20:29.336454+00	
00000000-0000-0000-0000-000000000000	97a69cf0-df17-4f2e-b2bb-e37f8611e1cf	{"action":"token_revoked","actor_id":"7478c90f-4de7-494d-ae79-fc28756dc4ab","actor_username":"a01741300@tec.mx","actor_via_sso":false,"log_type":"token"}	2025-04-10 05:20:29.339197+00	
00000000-0000-0000-0000-000000000000	e59c94f9-0d05-4d40-89ba-e5f4f312ff10	{"action":"token_refreshed","actor_id":"ff98b050-236d-4a28-8aea-567f03b9f3c3","actor_username":"rantonion2004@outlook.com","actor_via_sso":false,"log_type":"token"}	2025-04-10 05:20:40.376621+00	
00000000-0000-0000-0000-000000000000	59b75388-d5e6-4129-a143-b1155fefd771	{"action":"token_revoked","actor_id":"ff98b050-236d-4a28-8aea-567f03b9f3c3","actor_username":"rantonion2004@outlook.com","actor_via_sso":false,"log_type":"token"}	2025-04-10 05:20:40.377433+00	
00000000-0000-0000-0000-000000000000	5e0b9009-cc0c-47cd-81be-046e4d89c81f	{"action":"token_refreshed","actor_id":"564b41de-e4a1-4e56-bff7-c0681abc0718","actor_username":"a01198676@tec.mx","actor_via_sso":false,"log_type":"token"}	2025-04-10 05:24:45.734047+00	
00000000-0000-0000-0000-000000000000	b83230fd-9c96-4eee-b356-61c88f431194	{"action":"token_revoked","actor_id":"564b41de-e4a1-4e56-bff7-c0681abc0718","actor_username":"a01198676@tec.mx","actor_via_sso":false,"log_type":"token"}	2025-04-10 05:24:45.734975+00	
00000000-0000-0000-0000-000000000000	89eea704-b644-4a5f-84f6-0d6a362f10e7	{"action":"token_refreshed","actor_id":"7478c90f-4de7-494d-ae79-fc28756dc4ab","actor_username":"a01741300@tec.mx","actor_via_sso":false,"log_type":"token"}	2025-04-10 06:18:44.784368+00	
00000000-0000-0000-0000-000000000000	e5e69bc6-9f54-4e38-9e9b-9f1a2b355718	{"action":"token_revoked","actor_id":"7478c90f-4de7-494d-ae79-fc28756dc4ab","actor_username":"a01741300@tec.mx","actor_via_sso":false,"log_type":"token"}	2025-04-10 06:18:44.787869+00	
00000000-0000-0000-0000-000000000000	9138fa5f-831b-467d-a1c8-c25066a53fc3	{"action":"token_refreshed","actor_id":"564b41de-e4a1-4e56-bff7-c0681abc0718","actor_username":"a01198676@tec.mx","actor_via_sso":false,"log_type":"token"}	2025-04-10 06:23:19.906607+00	
00000000-0000-0000-0000-000000000000	1498d8d1-ca8f-484c-91fb-f6d583f3ae3c	{"action":"token_revoked","actor_id":"564b41de-e4a1-4e56-bff7-c0681abc0718","actor_username":"a01198676@tec.mx","actor_via_sso":false,"log_type":"token"}	2025-04-10 06:23:19.907597+00	
00000000-0000-0000-0000-000000000000	4192f48c-527e-42f3-bc43-e7af6645356e	{"action":"token_refreshed","actor_id":"ff98b050-236d-4a28-8aea-567f03b9f3c3","actor_username":"rantonion2004@outlook.com","actor_via_sso":false,"log_type":"token"}	2025-04-10 06:29:28.905434+00	
00000000-0000-0000-0000-000000000000	574b88ea-bf12-4332-9aba-2b19b78d840d	{"action":"token_revoked","actor_id":"ff98b050-236d-4a28-8aea-567f03b9f3c3","actor_username":"rantonion2004@outlook.com","actor_via_sso":false,"log_type":"token"}	2025-04-10 06:29:28.908704+00	
00000000-0000-0000-0000-000000000000	d7c34919-6c82-4d26-9904-8c3c3d07e61c	{"action":"token_refreshed","actor_id":"ff98b050-236d-4a28-8aea-567f03b9f3c3","actor_username":"rantonion2004@outlook.com","actor_via_sso":false,"log_type":"token"}	2025-04-10 07:29:14.494692+00	
00000000-0000-0000-0000-000000000000	ef944b57-02f8-42ac-b968-baa91734a40f	{"action":"token_revoked","actor_id":"ff98b050-236d-4a28-8aea-567f03b9f3c3","actor_username":"rantonion2004@outlook.com","actor_via_sso":false,"log_type":"token"}	2025-04-10 07:29:14.50541+00	
00000000-0000-0000-0000-000000000000	270b4a91-6a58-4e22-aa5c-70eb2aae1229	{"action":"token_refreshed","actor_id":"7478c90f-4de7-494d-ae79-fc28756dc4ab","actor_username":"a01741300@tec.mx","actor_via_sso":false,"log_type":"token"}	2025-04-10 07:33:57.18653+00	
00000000-0000-0000-0000-000000000000	b3556a8d-d61a-4f7c-8781-a8aa4e815c02	{"action":"token_revoked","actor_id":"7478c90f-4de7-494d-ae79-fc28756dc4ab","actor_username":"a01741300@tec.mx","actor_via_sso":false,"log_type":"token"}	2025-04-10 07:33:57.190682+00	
00000000-0000-0000-0000-000000000000	7c30dd1e-a590-4114-9764-9e512c26abe6	{"action":"token_refreshed","actor_id":"ff98b050-236d-4a28-8aea-567f03b9f3c3","actor_username":"rantonion2004@outlook.com","actor_via_sso":false,"log_type":"token"}	2025-04-10 08:27:17.964124+00	
00000000-0000-0000-0000-000000000000	3a3627e1-b8be-4d6c-b839-2aae9f7e5735	{"action":"token_revoked","actor_id":"ff98b050-236d-4a28-8aea-567f03b9f3c3","actor_username":"rantonion2004@outlook.com","actor_via_sso":false,"log_type":"token"}	2025-04-10 08:27:17.967111+00	
00000000-0000-0000-0000-000000000000	eb039459-4484-4868-8b67-f63f96297892	{"action":"token_refreshed","actor_id":"7478c90f-4de7-494d-ae79-fc28756dc4ab","actor_username":"a01741300@tec.mx","actor_via_sso":false,"log_type":"token"}	2025-04-10 08:32:12.7802+00	
00000000-0000-0000-0000-000000000000	a201bb42-87b7-4bcf-a5ab-66a2c08f0deb	{"action":"token_revoked","actor_id":"7478c90f-4de7-494d-ae79-fc28756dc4ab","actor_username":"a01741300@tec.mx","actor_via_sso":false,"log_type":"token"}	2025-04-10 08:32:12.78387+00	
00000000-0000-0000-0000-000000000000	b350b1cf-1abd-4985-87d3-77828f754ee6	{"action":"token_refreshed","actor_id":"ff98b050-236d-4a28-8aea-567f03b9f3c3","actor_username":"rantonion2004@outlook.com","actor_via_sso":false,"log_type":"token"}	2025-04-10 09:25:36.883787+00	
00000000-0000-0000-0000-000000000000	130fa18a-7b77-4c87-b0e7-f31ef0c7cff6	{"action":"token_revoked","actor_id":"ff98b050-236d-4a28-8aea-567f03b9f3c3","actor_username":"rantonion2004@outlook.com","actor_via_sso":false,"log_type":"token"}	2025-04-10 09:25:36.89138+00	
00000000-0000-0000-0000-000000000000	d47968c6-fe0d-4ab6-a1ae-cdf22aeb24d3	{"action":"token_refreshed","actor_id":"7478c90f-4de7-494d-ae79-fc28756dc4ab","actor_username":"a01741300@tec.mx","actor_via_sso":false,"log_type":"token"}	2025-04-10 09:30:41.571711+00	
00000000-0000-0000-0000-000000000000	eda87248-86fe-4ff7-b26c-d21d547072d8	{"action":"token_revoked","actor_id":"7478c90f-4de7-494d-ae79-fc28756dc4ab","actor_username":"a01741300@tec.mx","actor_via_sso":false,"log_type":"token"}	2025-04-10 09:30:41.575504+00	
00000000-0000-0000-0000-000000000000	75052d7f-b780-427b-a34c-ddf237fd4cc2	{"action":"token_refreshed","actor_id":"7478c90f-4de7-494d-ae79-fc28756dc4ab","actor_username":"a01741300@tec.mx","actor_via_sso":false,"log_type":"token"}	2025-04-10 10:29:27.285052+00	
00000000-0000-0000-0000-000000000000	0963d66f-c79c-423e-b791-3a290ef80413	{"action":"token_revoked","actor_id":"7478c90f-4de7-494d-ae79-fc28756dc4ab","actor_username":"a01741300@tec.mx","actor_via_sso":false,"log_type":"token"}	2025-04-10 10:29:27.292067+00	
00000000-0000-0000-0000-000000000000	0c9f753a-bae8-4a1a-b56e-667cb4bcb962	{"action":"token_refreshed","actor_id":"564b41de-e4a1-4e56-bff7-c0681abc0718","actor_username":"a01198676@tec.mx","actor_via_sso":false,"log_type":"token"}	2025-04-10 17:41:28.296028+00	
00000000-0000-0000-0000-000000000000	62481d80-bcd3-44cc-95c5-5c26bd98bf09	{"action":"token_revoked","actor_id":"564b41de-e4a1-4e56-bff7-c0681abc0718","actor_username":"a01198676@tec.mx","actor_via_sso":false,"log_type":"token"}	2025-04-10 17:41:28.30558+00	
00000000-0000-0000-0000-000000000000	4f1abac3-fd9c-42b4-9efe-fbb7bf132fdd	{"action":"token_refreshed","actor_id":"564b41de-e4a1-4e56-bff7-c0681abc0718","actor_username":"a01198676@tec.mx","actor_via_sso":false,"log_type":"token"}	2025-04-10 19:10:23.289095+00	
00000000-0000-0000-0000-000000000000	f2f6bc29-e40c-4d55-a739-cbe9cee7edfb	{"action":"token_revoked","actor_id":"564b41de-e4a1-4e56-bff7-c0681abc0718","actor_username":"a01198676@tec.mx","actor_via_sso":false,"log_type":"token"}	2025-04-10 19:10:23.298947+00	
00000000-0000-0000-0000-000000000000	01a0b5d8-2022-495e-924b-386c245bb9ef	{"action":"token_refreshed","actor_id":"7478c90f-4de7-494d-ae79-fc28756dc4ab","actor_username":"a01741300@tec.mx","actor_via_sso":false,"log_type":"token"}	2025-04-10 19:26:27.320896+00	
00000000-0000-0000-0000-000000000000	491a5b5e-4fb3-4a09-82f9-c4cca78cb64b	{"action":"token_revoked","actor_id":"7478c90f-4de7-494d-ae79-fc28756dc4ab","actor_username":"a01741300@tec.mx","actor_via_sso":false,"log_type":"token"}	2025-04-10 19:26:27.324444+00	
00000000-0000-0000-0000-000000000000	7a2f75ae-f287-4359-b2e7-d4e87774bc82	{"action":"user_signedup","actor_id":"66297fcd-b66d-4deb-ad5b-f24ba1dfd26a","actor_username":"delivery@g.com","actor_via_sso":false,"log_type":"team","traits":{"provider":"email"}}	2025-04-10 19:30:06.79016+00	
00000000-0000-0000-0000-000000000000	7c3565a9-8b4b-486a-bb98-a272173061b5	{"action":"login","actor_id":"66297fcd-b66d-4deb-ad5b-f24ba1dfd26a","actor_username":"delivery@g.com","actor_via_sso":false,"log_type":"account","traits":{"provider":"email"}}	2025-04-10 19:30:06.797276+00	
00000000-0000-0000-0000-000000000000	d5c13ab2-1bab-412a-9fbe-f8809b4fa381	{"action":"token_refreshed","actor_id":"ff98b050-236d-4a28-8aea-567f03b9f3c3","actor_username":"rantonion2004@outlook.com","actor_via_sso":false,"log_type":"token"}	2025-04-10 19:32:53.024058+00	
00000000-0000-0000-0000-000000000000	5e1ae925-bbb0-49d7-9a85-1ce158010487	{"action":"token_revoked","actor_id":"ff98b050-236d-4a28-8aea-567f03b9f3c3","actor_username":"rantonion2004@outlook.com","actor_via_sso":false,"log_type":"token"}	2025-04-10 19:32:53.028266+00	
00000000-0000-0000-0000-000000000000	6d5eb191-5774-410d-af3f-dec809229cd4	{"action":"user_signedup","actor_id":"412b6cda-4dbd-4bec-832e-1509eaf56414","actor_username":"capability@g.com","actor_via_sso":false,"log_type":"team","traits":{"provider":"email"}}	2025-04-10 19:35:38.513069+00	
00000000-0000-0000-0000-000000000000	e8371e03-69a6-4359-aecc-15c8abf34f83	{"action":"login","actor_id":"412b6cda-4dbd-4bec-832e-1509eaf56414","actor_username":"capability@g.com","actor_via_sso":false,"log_type":"account","traits":{"provider":"email"}}	2025-04-10 19:35:38.518523+00	
00000000-0000-0000-0000-000000000000	87c68037-9d71-4788-844d-b3ad72e8fe4c	{"action":"token_refreshed","actor_id":"7dfad126-2905-431a-829b-fcae851fe102","actor_username":"a01722728@tec.mx","actor_via_sso":false,"log_type":"token"}	2025-04-10 19:39:44.923636+00	
00000000-0000-0000-0000-000000000000	b616b42e-07b6-44e6-8083-78ed3ba33258	{"action":"token_revoked","actor_id":"7dfad126-2905-431a-829b-fcae851fe102","actor_username":"a01722728@tec.mx","actor_via_sso":false,"log_type":"token"}	2025-04-10 19:39:44.924557+00	
00000000-0000-0000-0000-000000000000	832e948f-d8e9-407c-abed-56c8ee82fc2f	{"action":"login","actor_id":"7dfad126-2905-431a-829b-fcae851fe102","actor_username":"a01722728@tec.mx","actor_via_sso":false,"log_type":"account","traits":{"provider":"email"}}	2025-04-10 19:39:48.667098+00	
00000000-0000-0000-0000-000000000000	1b474f1a-a21a-4739-a268-8bfd5d360924	{"action":"user_signedup","actor_id":"53080ade-33ee-4342-ae5e-9683f4368b6a","actor_username":"peoplelead@g.com","actor_via_sso":false,"log_type":"team","traits":{"provider":"email"}}	2025-04-10 19:43:55.529566+00	
00000000-0000-0000-0000-000000000000	0507fae4-9722-4bac-a90d-ac7549094946	{"action":"login","actor_id":"53080ade-33ee-4342-ae5e-9683f4368b6a","actor_username":"peoplelead@g.com","actor_via_sso":false,"log_type":"account","traits":{"provider":"email"}}	2025-04-10 19:43:55.537846+00	
00000000-0000-0000-0000-000000000000	faa2c4b5-ccac-4f07-a418-076587e25687	{"action":"user_signedup","actor_id":"0475f20b-25ce-485e-95cc-bd729859637d","actor_username":"talent@g.com","actor_via_sso":false,"log_type":"team","traits":{"provider":"email"}}	2025-04-10 19:44:53.872328+00	
00000000-0000-0000-0000-000000000000	21d2f6fa-f2e4-454d-a969-f8d975c150df	{"action":"login","actor_id":"0475f20b-25ce-485e-95cc-bd729859637d","actor_username":"talent@g.com","actor_via_sso":false,"log_type":"account","traits":{"provider":"email"}}	2025-04-10 19:44:53.877391+00	
00000000-0000-0000-0000-000000000000	fcbab6ea-c3d3-40fc-9b70-b69e920576b1	{"action":"token_refreshed","actor_id":"9950b2e9-632f-42ff-b259-726ede4e408f","actor_username":"emirpuente31@gmail.com","actor_via_sso":false,"log_type":"token"}	2025-04-10 19:45:03.356656+00	
00000000-0000-0000-0000-000000000000	3cc6830b-bd5b-4c6e-955e-19c8d755b6bc	{"action":"token_revoked","actor_id":"9950b2e9-632f-42ff-b259-726ede4e408f","actor_username":"emirpuente31@gmail.com","actor_via_sso":false,"log_type":"token"}	2025-04-10 19:45:03.357979+00	
00000000-0000-0000-0000-000000000000	d49c20c5-d69a-4750-b5ff-34b89f65a72f	{"action":"login","actor_id":"9950b2e9-632f-42ff-b259-726ede4e408f","actor_username":"emirpuente31@gmail.com","actor_via_sso":false,"log_type":"account","traits":{"provider":"email"}}	2025-04-10 19:45:03.962098+00	
00000000-0000-0000-0000-000000000000	d669b5da-4736-41c9-a0de-a2e67b8e38ab	{"action":"login","actor_id":"7dfad126-2905-431a-829b-fcae851fe102","actor_username":"a01722728@tec.mx","actor_via_sso":false,"log_type":"account","traits":{"provider":"email"}}	2025-04-10 19:54:09.012646+00	
00000000-0000-0000-0000-000000000000	169aaa11-c2b6-438a-a104-38d055f6163c	{"action":"login","actor_id":"7dfad126-2905-431a-829b-fcae851fe102","actor_username":"a01722728@tec.mx","actor_via_sso":false,"log_type":"account","traits":{"provider":"email"}}	2025-04-10 19:54:09.204627+00	
00000000-0000-0000-0000-000000000000	274ee352-ffd4-4724-968d-3b0df25342f4	{"action":"login","actor_id":"7dfad126-2905-431a-829b-fcae851fe102","actor_username":"a01722728@tec.mx","actor_via_sso":false,"log_type":"account","traits":{"provider":"email"}}	2025-04-10 19:54:10.936869+00	
00000000-0000-0000-0000-000000000000	d5f36818-fb3c-4364-8cf7-f722e04b0281	{"action":"token_refreshed","actor_id":"564b41de-e4a1-4e56-bff7-c0681abc0718","actor_username":"a01198676@tec.mx","actor_via_sso":false,"log_type":"token"}	2025-04-10 20:11:27.817082+00	
00000000-0000-0000-0000-000000000000	3182534c-1a7d-428d-897a-8e72f4aac42e	{"action":"token_revoked","actor_id":"564b41de-e4a1-4e56-bff7-c0681abc0718","actor_username":"a01198676@tec.mx","actor_via_sso":false,"log_type":"token"}	2025-04-10 20:11:27.819974+00	
00000000-0000-0000-0000-000000000000	a7d3906f-3009-48a2-99c3-d389c6606c76	{"action":"logout","actor_id":"7837ec00-0dda-4264-b747-dc18e782360a","actor_username":"a01198676@tec.mx","actor_via_sso":false,"log_type":"account"}	2025-05-15 15:51:02.451674+00	
00000000-0000-0000-0000-000000000000	f7462287-207e-499b-9b5d-b313430bcc74	{"action":"login","actor_id":"7478c90f-4de7-494d-ae79-fc28756dc4ab","actor_username":"a01741300@tec.mx","actor_via_sso":false,"log_type":"account","traits":{"provider":"email"}}	2025-04-10 20:25:08.764844+00	
00000000-0000-0000-0000-000000000000	22bd3ff3-8566-42de-8aaa-6f3db34ba904	{"action":"login","actor_id":"412b6cda-4dbd-4bec-832e-1509eaf56414","actor_username":"capability@g.com","actor_via_sso":false,"log_type":"account","traits":{"provider":"email"}}	2025-04-10 20:26:21.120914+00	
00000000-0000-0000-0000-000000000000	8c094371-18f9-42c4-8c06-8bf4382f55b9	{"action":"token_refreshed","actor_id":"ff98b050-236d-4a28-8aea-567f03b9f3c3","actor_username":"rantonion2004@outlook.com","actor_via_sso":false,"log_type":"token"}	2025-04-10 20:31:34.428053+00	
00000000-0000-0000-0000-000000000000	86dcf7d4-f631-4280-bcce-9cecc9fdea19	{"action":"token_revoked","actor_id":"ff98b050-236d-4a28-8aea-567f03b9f3c3","actor_username":"rantonion2004@outlook.com","actor_via_sso":false,"log_type":"token"}	2025-04-10 20:31:34.43263+00	
00000000-0000-0000-0000-000000000000	ec22af42-0e9c-4e03-b230-a30525b790ed	{"action":"login","actor_id":"412b6cda-4dbd-4bec-832e-1509eaf56414","actor_username":"capability@g.com","actor_via_sso":false,"log_type":"account","traits":{"provider":"email"}}	2025-04-10 20:33:25.300089+00	
00000000-0000-0000-0000-000000000000	18ed238c-05c9-4ea5-bc02-216e00e36f98	{"action":"login","actor_id":"412b6cda-4dbd-4bec-832e-1509eaf56414","actor_username":"capability@g.com","actor_via_sso":false,"log_type":"account","traits":{"provider":"email"}}	2025-04-10 20:35:26.179963+00	
00000000-0000-0000-0000-000000000000	7924b04f-3b39-45e8-856c-e957625dc02f	{"action":"login","actor_id":"412b6cda-4dbd-4bec-832e-1509eaf56414","actor_username":"capability@g.com","actor_via_sso":false,"log_type":"account","traits":{"provider":"email"}}	2025-04-10 20:38:02.306947+00	
00000000-0000-0000-0000-000000000000	09dc6952-5ab1-4514-b6ab-05df4cc4aafb	{"action":"login","actor_id":"7478c90f-4de7-494d-ae79-fc28756dc4ab","actor_username":"a01741300@tec.mx","actor_via_sso":false,"log_type":"account","traits":{"provider":"email"}}	2025-04-10 20:38:46.610504+00	
00000000-0000-0000-0000-000000000000	6d91f956-b3f8-418d-87f2-efa5be21a1d1	{"action":"token_refreshed","actor_id":"7dfad126-2905-431a-829b-fcae851fe102","actor_username":"a01722728@tec.mx","actor_via_sso":false,"log_type":"token"}	2025-04-10 21:09:59.516191+00	
00000000-0000-0000-0000-000000000000	d098dcf0-2c0b-4613-bd35-7a560eac4307	{"action":"token_revoked","actor_id":"7dfad126-2905-431a-829b-fcae851fe102","actor_username":"a01722728@tec.mx","actor_via_sso":false,"log_type":"token"}	2025-04-10 21:09:59.518257+00	
00000000-0000-0000-0000-000000000000	291d84ff-f385-4b74-8fbc-f9bec3c75723	{"action":"login","actor_id":"7dfad126-2905-431a-829b-fcae851fe102","actor_username":"a01722728@tec.mx","actor_via_sso":false,"log_type":"account","traits":{"provider":"email"}}	2025-04-10 21:18:46.083366+00	
00000000-0000-0000-0000-000000000000	5484a189-f708-4d54-82b3-b0f3450b620e	{"action":"token_refreshed","actor_id":"564b41de-e4a1-4e56-bff7-c0681abc0718","actor_username":"a01198676@tec.mx","actor_via_sso":false,"log_type":"token"}	2025-04-10 21:20:44.590804+00	
00000000-0000-0000-0000-000000000000	b7eaf133-1a5d-4e7e-ba08-c778cdab4be5	{"action":"token_revoked","actor_id":"564b41de-e4a1-4e56-bff7-c0681abc0718","actor_username":"a01198676@tec.mx","actor_via_sso":false,"log_type":"token"}	2025-04-10 21:20:44.593535+00	
00000000-0000-0000-0000-000000000000	6cf3d913-df18-4ea0-803d-c3d16855e760	{"action":"login","actor_id":"7478c90f-4de7-494d-ae79-fc28756dc4ab","actor_username":"a01741300@tec.mx","actor_via_sso":false,"log_type":"account","traits":{"provider":"email"}}	2025-04-10 21:32:44.501436+00	
00000000-0000-0000-0000-000000000000	4bfd8bd9-068d-4b75-b38f-550159ef505c	{"action":"login","actor_id":"412b6cda-4dbd-4bec-832e-1509eaf56414","actor_username":"capability@g.com","actor_via_sso":false,"log_type":"account","traits":{"provider":"email"}}	2025-04-10 21:33:17.561991+00	
00000000-0000-0000-0000-000000000000	da9598a5-29ba-4340-9d25-98c1a1f15469	{"action":"login","actor_id":"7dfad126-2905-431a-829b-fcae851fe102","actor_username":"a01722728@tec.mx","actor_via_sso":false,"log_type":"account","traits":{"provider":"email"}}	2025-04-10 21:36:53.262994+00	
00000000-0000-0000-0000-000000000000	e9177b32-4739-4fda-8c63-523e611a109a	{"action":"login","actor_id":"7dfad126-2905-431a-829b-fcae851fe102","actor_username":"a01722728@tec.mx","actor_via_sso":false,"log_type":"account","traits":{"provider":"email"}}	2025-04-10 21:36:54.385783+00	
00000000-0000-0000-0000-000000000000	53566554-0d4c-4ad6-9437-c037ad130a79	{"action":"token_refreshed","actor_id":"ff98b050-236d-4a28-8aea-567f03b9f3c3","actor_username":"rantonion2004@outlook.com","actor_via_sso":false,"log_type":"token"}	2025-04-10 21:48:42.100985+00	
00000000-0000-0000-0000-000000000000	8b80314a-46c8-43eb-b292-524b2e43b8cb	{"action":"token_revoked","actor_id":"ff98b050-236d-4a28-8aea-567f03b9f3c3","actor_username":"rantonion2004@outlook.com","actor_via_sso":false,"log_type":"token"}	2025-04-10 21:48:42.102608+00	
00000000-0000-0000-0000-000000000000	520c2c50-44e8-4a9f-b0a3-210889eb3099	{"action":"login","actor_id":"7478c90f-4de7-494d-ae79-fc28756dc4ab","actor_username":"a01741300@tec.mx","actor_via_sso":false,"log_type":"account","traits":{"provider":"email"}}	2025-04-10 21:55:16.006831+00	
00000000-0000-0000-0000-000000000000	31f34a8d-d562-4edd-ab6e-58c5706ef194	{"action":"login","actor_id":"412b6cda-4dbd-4bec-832e-1509eaf56414","actor_username":"capability@g.com","actor_via_sso":false,"log_type":"account","traits":{"provider":"email"}}	2025-04-10 22:01:44.292936+00	
00000000-0000-0000-0000-000000000000	76cef5e5-8a92-483e-973e-d55d4b76b32c	{"action":"login","actor_id":"412b6cda-4dbd-4bec-832e-1509eaf56414","actor_username":"capability@g.com","actor_via_sso":false,"log_type":"account","traits":{"provider":"email"}}	2025-04-10 22:05:05.014689+00	
00000000-0000-0000-0000-000000000000	8d9a9bb8-a275-4c3d-898b-10fefe7d69be	{"action":"login","actor_id":"7478c90f-4de7-494d-ae79-fc28756dc4ab","actor_username":"a01741300@tec.mx","actor_via_sso":false,"log_type":"account","traits":{"provider":"email"}}	2025-04-10 22:06:01.605318+00	
00000000-0000-0000-0000-000000000000	89332ea2-c0e3-4da0-a243-de938428c283	{"action":"login","actor_id":"7478c90f-4de7-494d-ae79-fc28756dc4ab","actor_username":"a01741300@tec.mx","actor_via_sso":false,"log_type":"account","traits":{"provider":"email"}}	2025-04-10 22:10:51.236709+00	
00000000-0000-0000-0000-000000000000	bf7d1cde-0719-4697-92cc-7745c54edf6c	{"action":"login","actor_id":"412b6cda-4dbd-4bec-832e-1509eaf56414","actor_username":"capability@g.com","actor_via_sso":false,"log_type":"account","traits":{"provider":"email"}}	2025-04-10 22:12:43.392832+00	
00000000-0000-0000-0000-000000000000	3de2652b-ec17-4946-8c34-f6fc4a9c7106	{"action":"login","actor_id":"7478c90f-4de7-494d-ae79-fc28756dc4ab","actor_username":"a01741300@tec.mx","actor_via_sso":false,"log_type":"account","traits":{"provider":"email"}}	2025-04-10 22:21:23.967018+00	
00000000-0000-0000-0000-000000000000	4638a7ee-1c2e-4142-a43c-f2c3c979d22a	{"action":"token_refreshed","actor_id":"564b41de-e4a1-4e56-bff7-c0681abc0718","actor_username":"a01198676@tec.mx","actor_via_sso":false,"log_type":"token"}	2025-04-10 22:21:31.482352+00	
00000000-0000-0000-0000-000000000000	9a4bab94-1006-41c4-a880-4972c2e4e07c	{"action":"token_revoked","actor_id":"564b41de-e4a1-4e56-bff7-c0681abc0718","actor_username":"a01198676@tec.mx","actor_via_sso":false,"log_type":"token"}	2025-04-10 22:21:31.48307+00	
00000000-0000-0000-0000-000000000000	d9f1df46-05da-4b1c-a9bd-5527d48bbf19	{"action":"token_refreshed","actor_id":"ff98b050-236d-4a28-8aea-567f03b9f3c3","actor_username":"rantonion2004@outlook.com","actor_via_sso":false,"log_type":"token"}	2025-04-10 22:51:54.052924+00	
00000000-0000-0000-0000-000000000000	9a06a291-e6e8-4748-b704-a052f2e447bd	{"action":"token_revoked","actor_id":"ff98b050-236d-4a28-8aea-567f03b9f3c3","actor_username":"rantonion2004@outlook.com","actor_via_sso":false,"log_type":"token"}	2025-04-10 22:51:54.062084+00	
00000000-0000-0000-0000-000000000000	ae41a7a6-f0dc-429f-b89b-d759f1ab20a6	{"action":"user_signedup","actor_id":"00000000-0000-0000-0000-000000000000","actor_username":"service_role","actor_via_sso":false,"log_type":"team","traits":{"user_email":"amogus@a.com","user_id":"d2f63e49-f24d-4cda-8ff8-9056d6ee4bea","user_phone":""}}	2025-04-10 23:00:20.352504+00	
00000000-0000-0000-0000-000000000000	cfa0b563-60c4-4dd5-8172-77d3c23ea03c	{"action":"login","actor_id":"d2f63e49-f24d-4cda-8ff8-9056d6ee4bea","actor_username":"amogus@a.com","actor_via_sso":false,"log_type":"account","traits":{"provider":"email"}}	2025-04-10 23:00:47.560542+00	
00000000-0000-0000-0000-000000000000	8f033522-b951-437b-8eab-b6de5a8013d4	{"action":"token_refreshed","actor_id":"564b41de-e4a1-4e56-bff7-c0681abc0718","actor_username":"a01198676@tec.mx","actor_via_sso":false,"log_type":"token"}	2025-04-11 00:02:50.654019+00	
00000000-0000-0000-0000-000000000000	b05468c1-7f5a-4eae-a207-93671fdc9cce	{"action":"token_revoked","actor_id":"564b41de-e4a1-4e56-bff7-c0681abc0718","actor_username":"a01198676@tec.mx","actor_via_sso":false,"log_type":"token"}	2025-04-11 00:02:50.65907+00	
00000000-0000-0000-0000-000000000000	17a7b807-ffa3-4b43-9d08-989e6096843b	{"action":"token_refreshed","actor_id":"d2f63e49-f24d-4cda-8ff8-9056d6ee4bea","actor_username":"amogus@a.com","actor_via_sso":false,"log_type":"token"}	2025-04-11 00:22:29.700855+00	
00000000-0000-0000-0000-000000000000	c0b1a377-94aa-4b45-8e36-362ae9ea941e	{"action":"token_revoked","actor_id":"d2f63e49-f24d-4cda-8ff8-9056d6ee4bea","actor_username":"amogus@a.com","actor_via_sso":false,"log_type":"token"}	2025-04-11 00:22:29.704758+00	
00000000-0000-0000-0000-000000000000	3ee04b8c-4e30-49b8-a533-8c3ccf4283a0	{"action":"token_refreshed","actor_id":"7dfad126-2905-431a-829b-fcae851fe102","actor_username":"a01722728@tec.mx","actor_via_sso":false,"log_type":"token"}	2025-04-11 00:49:58.752717+00	
00000000-0000-0000-0000-000000000000	2650bd25-0258-43dd-8855-d87c092aa00c	{"action":"token_revoked","actor_id":"7dfad126-2905-431a-829b-fcae851fe102","actor_username":"a01722728@tec.mx","actor_via_sso":false,"log_type":"token"}	2025-04-11 00:49:58.755402+00	
00000000-0000-0000-0000-000000000000	9de0c941-8863-4387-8343-4eb079f642ff	{"action":"token_refreshed","actor_id":"ff98b050-236d-4a28-8aea-567f03b9f3c3","actor_username":"rantonion2004@outlook.com","actor_via_sso":false,"log_type":"token"}	2025-04-11 04:17:53.920698+00	
00000000-0000-0000-0000-000000000000	83167366-d5a1-44eb-8277-1f3c74c11626	{"action":"token_revoked","actor_id":"ff98b050-236d-4a28-8aea-567f03b9f3c3","actor_username":"rantonion2004@outlook.com","actor_via_sso":false,"log_type":"token"}	2025-04-11 04:17:53.928112+00	
00000000-0000-0000-0000-000000000000	ed3fb0fb-b944-454d-b4b3-3bad8deca239	{"action":"token_refreshed","actor_id":"ff98b050-236d-4a28-8aea-567f03b9f3c3","actor_username":"rantonion2004@outlook.com","actor_via_sso":false,"log_type":"token"}	2025-04-11 05:15:53.588716+00	
00000000-0000-0000-0000-000000000000	0458e2ab-993b-4795-ae55-3d8050606c7b	{"action":"token_revoked","actor_id":"ff98b050-236d-4a28-8aea-567f03b9f3c3","actor_username":"rantonion2004@outlook.com","actor_via_sso":false,"log_type":"token"}	2025-04-11 05:15:53.592623+00	
00000000-0000-0000-0000-000000000000	71471ed5-2ff7-4d0a-b2a2-59631b5c745a	{"action":"token_refreshed","actor_id":"ff98b050-236d-4a28-8aea-567f03b9f3c3","actor_username":"rantonion2004@outlook.com","actor_via_sso":false,"log_type":"token"}	2025-04-11 06:14:21.199085+00	
00000000-0000-0000-0000-000000000000	2edb9581-0738-4798-917d-b4087fcd5df8	{"action":"token_revoked","actor_id":"ff98b050-236d-4a28-8aea-567f03b9f3c3","actor_username":"rantonion2004@outlook.com","actor_via_sso":false,"log_type":"token"}	2025-04-11 06:14:21.209662+00	
00000000-0000-0000-0000-000000000000	59c4f1ff-ebcc-460a-b770-745b6e08f3b9	{"action":"token_refreshed","actor_id":"d2f63e49-f24d-4cda-8ff8-9056d6ee4bea","actor_username":"amogus@a.com","actor_via_sso":false,"log_type":"token"}	2025-04-11 06:40:31.478977+00	
00000000-0000-0000-0000-000000000000	1d1f900b-d577-49c2-9d3c-759a4bfc845c	{"action":"token_revoked","actor_id":"d2f63e49-f24d-4cda-8ff8-9056d6ee4bea","actor_username":"amogus@a.com","actor_via_sso":false,"log_type":"token"}	2025-04-11 06:40:31.489275+00	
00000000-0000-0000-0000-000000000000	117c354c-6e69-4a10-8257-0ee2e3edd7d8	{"action":"token_refreshed","actor_id":"d2f63e49-f24d-4cda-8ff8-9056d6ee4bea","actor_username":"amogus@a.com","actor_via_sso":false,"log_type":"token"}	2025-04-11 19:06:10.588787+00	
00000000-0000-0000-0000-000000000000	80e45a6f-360e-467b-8885-86098e33b9fa	{"action":"token_revoked","actor_id":"d2f63e49-f24d-4cda-8ff8-9056d6ee4bea","actor_username":"amogus@a.com","actor_via_sso":false,"log_type":"token"}	2025-04-11 19:06:10.609554+00	
00000000-0000-0000-0000-000000000000	8f6ece6f-cccc-4bed-adce-40ad4c68f5ec	{"action":"token_refreshed","actor_id":"564b41de-e4a1-4e56-bff7-c0681abc0718","actor_username":"a01198676@tec.mx","actor_via_sso":false,"log_type":"token"}	2025-04-11 19:51:38.99619+00	
00000000-0000-0000-0000-000000000000	7bc16638-d0d4-4e04-8dc3-8050f20a38c5	{"action":"token_revoked","actor_id":"564b41de-e4a1-4e56-bff7-c0681abc0718","actor_username":"a01198676@tec.mx","actor_via_sso":false,"log_type":"token"}	2025-04-11 19:51:39.000241+00	
00000000-0000-0000-0000-000000000000	68a780af-2e6b-41d4-9d91-5883d09369f1	{"action":"token_refreshed","actor_id":"7478c90f-4de7-494d-ae79-fc28756dc4ab","actor_username":"a01741300@tec.mx","actor_via_sso":false,"log_type":"token"}	2025-04-11 19:58:25.227673+00	
00000000-0000-0000-0000-000000000000	8e00c0aa-c52b-437e-87c8-fb39a1d0efcd	{"action":"token_revoked","actor_id":"7478c90f-4de7-494d-ae79-fc28756dc4ab","actor_username":"a01741300@tec.mx","actor_via_sso":false,"log_type":"token"}	2025-04-11 19:58:25.230049+00	
00000000-0000-0000-0000-000000000000	f0caa8b4-3e0f-41ef-8c2e-49c8aeb75942	{"action":"login","actor_id":"7478c90f-4de7-494d-ae79-fc28756dc4ab","actor_username":"a01741300@tec.mx","actor_via_sso":false,"log_type":"account","traits":{"provider":"email"}}	2025-04-11 20:01:00.004018+00	
00000000-0000-0000-0000-000000000000	800c53fb-78d0-42d8-b19a-c3c4eaab5092	{"action":"token_refreshed","actor_id":"d2f63e49-f24d-4cda-8ff8-9056d6ee4bea","actor_username":"amogus@a.com","actor_via_sso":false,"log_type":"token"}	2025-04-11 20:10:19.676309+00	
00000000-0000-0000-0000-000000000000	f47e3673-2265-4c19-a622-df06bcfa71fb	{"action":"token_revoked","actor_id":"d2f63e49-f24d-4cda-8ff8-9056d6ee4bea","actor_username":"amogus@a.com","actor_via_sso":false,"log_type":"token"}	2025-04-11 20:10:19.678947+00	
00000000-0000-0000-0000-000000000000	46fe1099-ca34-43e5-a9b2-d1128d815b72	{"action":"login","actor_id":"7478c90f-4de7-494d-ae79-fc28756dc4ab","actor_username":"a01741300@tec.mx","actor_via_sso":false,"log_type":"account","traits":{"provider":"email"}}	2025-04-11 20:14:53.262916+00	
00000000-0000-0000-0000-000000000000	5212c8bc-e63b-413e-8443-4bdd93fa7686	{"action":"user_signedup","actor_id":"b5d11271-9904-408a-b5ee-ae67ebda0586","actor_username":"empleado@g.com","actor_via_sso":false,"log_type":"team","traits":{"provider":"email"}}	2025-04-11 20:43:47.41478+00	
00000000-0000-0000-0000-000000000000	b412f307-a67d-45f5-a447-a56f24f53f85	{"action":"login","actor_id":"b5d11271-9904-408a-b5ee-ae67ebda0586","actor_username":"empleado@g.com","actor_via_sso":false,"log_type":"account","traits":{"provider":"email"}}	2025-04-11 20:43:47.421379+00	
00000000-0000-0000-0000-000000000000	3aa1d19a-907d-47e8-a8ad-b02b6bbd39bb	{"action":"token_refreshed","actor_id":"d2f63e49-f24d-4cda-8ff8-9056d6ee4bea","actor_username":"amogus@a.com","actor_via_sso":false,"log_type":"token"}	2025-04-11 21:20:28.453485+00	
00000000-0000-0000-0000-000000000000	9d19523e-96b3-42fc-bd51-1bc3b678dd2d	{"action":"token_revoked","actor_id":"d2f63e49-f24d-4cda-8ff8-9056d6ee4bea","actor_username":"amogus@a.com","actor_via_sso":false,"log_type":"token"}	2025-04-11 21:20:28.455679+00	
00000000-0000-0000-0000-000000000000	8a78ba92-98f9-4f6d-856e-e7c9eeadaaae	{"action":"token_refreshed","actor_id":"b5d11271-9904-408a-b5ee-ae67ebda0586","actor_username":"empleado@g.com","actor_via_sso":false,"log_type":"token"}	2025-04-11 21:42:04.548812+00	
00000000-0000-0000-0000-000000000000	30922310-20a1-43f5-adfc-e3d5c6712154	{"action":"token_revoked","actor_id":"b5d11271-9904-408a-b5ee-ae67ebda0586","actor_username":"empleado@g.com","actor_via_sso":false,"log_type":"token"}	2025-04-11 21:42:04.551774+00	
00000000-0000-0000-0000-000000000000	c4d34ccd-15fd-4d55-96f6-e2e3af2d5f08	{"action":"login","actor_id":"b5d11271-9904-408a-b5ee-ae67ebda0586","actor_username":"empleado@g.com","actor_via_sso":false,"log_type":"account","traits":{"provider":"email"}}	2025-04-11 21:46:42.548217+00	
00000000-0000-0000-0000-000000000000	55db8b73-25cb-4c77-bf51-7127624c3c60	{"action":"login","actor_id":"412b6cda-4dbd-4bec-832e-1509eaf56414","actor_username":"capability@g.com","actor_via_sso":false,"log_type":"account","traits":{"provider":"email"}}	2025-04-11 21:54:35.539628+00	
00000000-0000-0000-0000-000000000000	c53c2539-69c6-4a37-a278-b2ce16b49341	{"action":"token_refreshed","actor_id":"564b41de-e4a1-4e56-bff7-c0681abc0718","actor_username":"a01198676@tec.mx","actor_via_sso":false,"log_type":"token"}	2025-04-11 21:57:49.370066+00	
00000000-0000-0000-0000-000000000000	e0f08d03-0c80-4dd8-9c56-5b224797c136	{"action":"token_revoked","actor_id":"564b41de-e4a1-4e56-bff7-c0681abc0718","actor_username":"a01198676@tec.mx","actor_via_sso":false,"log_type":"token"}	2025-04-11 21:57:49.372916+00	
00000000-0000-0000-0000-000000000000	ae72ec1f-7723-45a3-844b-5dce2c3416cb	{"action":"login","actor_id":"7478c90f-4de7-494d-ae79-fc28756dc4ab","actor_username":"a01741300@tec.mx","actor_via_sso":false,"log_type":"account","traits":{"provider":"email"}}	2025-04-11 22:02:00.374335+00	
00000000-0000-0000-0000-000000000000	d013764e-0e4f-4026-9f4e-d80997314195	{"action":"login","actor_id":"b5d11271-9904-408a-b5ee-ae67ebda0586","actor_username":"empleado@g.com","actor_via_sso":false,"log_type":"account","traits":{"provider":"email"}}	2025-04-11 22:07:31.73277+00	
00000000-0000-0000-0000-000000000000	3eded489-3a0c-4592-83b9-6b42874c9b6a	{"action":"token_refreshed","actor_id":"d2f63e49-f24d-4cda-8ff8-9056d6ee4bea","actor_username":"amogus@a.com","actor_via_sso":false,"log_type":"token"}	2025-04-11 22:20:02.165841+00	
00000000-0000-0000-0000-000000000000	2eb801c7-7deb-46e7-a18c-c2e159e1c195	{"action":"token_revoked","actor_id":"d2f63e49-f24d-4cda-8ff8-9056d6ee4bea","actor_username":"amogus@a.com","actor_via_sso":false,"log_type":"token"}	2025-04-11 22:20:02.166855+00	
00000000-0000-0000-0000-000000000000	19884c03-b9f5-4fc5-af42-0052b92dc0bd	{"action":"token_refreshed","actor_id":"564b41de-e4a1-4e56-bff7-c0681abc0718","actor_username":"a01198676@tec.mx","actor_via_sso":false,"log_type":"token"}	2025-04-11 22:55:59.573282+00	
00000000-0000-0000-0000-000000000000	7924e7e8-5292-4ddf-bd7a-59372affb6f9	{"action":"token_revoked","actor_id":"564b41de-e4a1-4e56-bff7-c0681abc0718","actor_username":"a01198676@tec.mx","actor_via_sso":false,"log_type":"token"}	2025-04-11 22:55:59.577892+00	
00000000-0000-0000-0000-000000000000	a59cfbb0-5e05-4c46-b38a-8c9b3f1d904a	{"action":"token_refreshed","actor_id":"b5d11271-9904-408a-b5ee-ae67ebda0586","actor_username":"empleado@g.com","actor_via_sso":false,"log_type":"token"}	2025-04-11 23:05:56.144245+00	
00000000-0000-0000-0000-000000000000	1b824d81-389e-453d-8beb-37b99900c290	{"action":"token_revoked","actor_id":"b5d11271-9904-408a-b5ee-ae67ebda0586","actor_username":"empleado@g.com","actor_via_sso":false,"log_type":"token"}	2025-04-11 23:05:56.146937+00	
00000000-0000-0000-0000-000000000000	20ae992e-5d4d-4f61-a273-19c688d153a1	{"action":"token_refreshed","actor_id":"ff98b050-236d-4a28-8aea-567f03b9f3c3","actor_username":"rantonion2004@outlook.com","actor_via_sso":false,"log_type":"token"}	2025-04-11 23:20:05.374629+00	
00000000-0000-0000-0000-000000000000	124c194e-29a1-4c4f-8870-7f431e76f36f	{"action":"token_revoked","actor_id":"ff98b050-236d-4a28-8aea-567f03b9f3c3","actor_username":"rantonion2004@outlook.com","actor_via_sso":false,"log_type":"token"}	2025-04-11 23:20:05.376811+00	
00000000-0000-0000-0000-000000000000	10911041-a0ab-486e-93a4-330c78c01ea0	{"action":"token_refreshed","actor_id":"d2f63e49-f24d-4cda-8ff8-9056d6ee4bea","actor_username":"amogus@a.com","actor_via_sso":false,"log_type":"token"}	2025-04-11 23:20:13.865853+00	
00000000-0000-0000-0000-000000000000	33847b63-4488-44dd-b74b-c7f5a6bfc460	{"action":"token_revoked","actor_id":"d2f63e49-f24d-4cda-8ff8-9056d6ee4bea","actor_username":"amogus@a.com","actor_via_sso":false,"log_type":"token"}	2025-04-11 23:20:13.86658+00	
00000000-0000-0000-0000-000000000000	6f9c25cb-ac3b-43f9-9714-0ad78e2fd87e	{"action":"login","actor_id":"7478c90f-4de7-494d-ae79-fc28756dc4ab","actor_username":"a01741300@tec.mx","actor_via_sso":false,"log_type":"account","traits":{"provider":"email"}}	2025-04-11 23:45:22.637008+00	
00000000-0000-0000-0000-000000000000	93246f5e-1058-43d8-ab70-2579d0fc31f7	{"action":"login","actor_id":"412b6cda-4dbd-4bec-832e-1509eaf56414","actor_username":"capability@g.com","actor_via_sso":false,"log_type":"account","traits":{"provider":"email"}}	2025-04-11 23:47:04.704454+00	
00000000-0000-0000-0000-000000000000	c332b066-6cf5-43d1-81fa-0c0c8af7541e	{"action":"token_refreshed","actor_id":"564b41de-e4a1-4e56-bff7-c0681abc0718","actor_username":"a01198676@tec.mx","actor_via_sso":false,"log_type":"token"}	2025-04-11 23:56:48.972569+00	
00000000-0000-0000-0000-000000000000	ab8a059a-8982-4d6e-9bb2-88586c79c065	{"action":"token_revoked","actor_id":"564b41de-e4a1-4e56-bff7-c0681abc0718","actor_username":"a01198676@tec.mx","actor_via_sso":false,"log_type":"token"}	2025-04-11 23:56:48.974876+00	
00000000-0000-0000-0000-000000000000	341b41ea-c3ed-44fa-b85c-75da35114ae3	{"action":"token_refreshed","actor_id":"ff98b050-236d-4a28-8aea-567f03b9f3c3","actor_username":"rantonion2004@outlook.com","actor_via_sso":false,"log_type":"token"}	2025-04-12 02:29:48.962942+00	
00000000-0000-0000-0000-000000000000	880fddff-53e4-4b96-b900-08e642ba47cf	{"action":"token_revoked","actor_id":"ff98b050-236d-4a28-8aea-567f03b9f3c3","actor_username":"rantonion2004@outlook.com","actor_via_sso":false,"log_type":"token"}	2025-04-12 02:29:48.965657+00	
00000000-0000-0000-0000-000000000000	af030ec3-15aa-44cf-b570-619d1013ad4d	{"action":"token_refreshed","actor_id":"ff98b050-236d-4a28-8aea-567f03b9f3c3","actor_username":"rantonion2004@outlook.com","actor_via_sso":false,"log_type":"token"}	2025-04-12 03:28:15.280919+00	
00000000-0000-0000-0000-000000000000	243e7f72-772f-43a5-add7-9329269dfb71	{"action":"token_revoked","actor_id":"ff98b050-236d-4a28-8aea-567f03b9f3c3","actor_username":"rantonion2004@outlook.com","actor_via_sso":false,"log_type":"token"}	2025-04-12 03:28:15.282433+00	
00000000-0000-0000-0000-000000000000	d27ace69-0144-4cfc-95f8-8e6f98964fd8	{"action":"token_refreshed","actor_id":"d2f63e49-f24d-4cda-8ff8-9056d6ee4bea","actor_username":"amogus@a.com","actor_via_sso":false,"log_type":"token"}	2025-04-12 22:12:49.236676+00	
00000000-0000-0000-0000-000000000000	492f52c7-a25c-47d2-9845-c93be790e0ff	{"action":"token_revoked","actor_id":"d2f63e49-f24d-4cda-8ff8-9056d6ee4bea","actor_username":"amogus@a.com","actor_via_sso":false,"log_type":"token"}	2025-04-12 22:12:49.253144+00	
00000000-0000-0000-0000-000000000000	b3a874c4-0151-464a-bf2a-d7b7d2bd518a	{"action":"token_refreshed","actor_id":"7dfad126-2905-431a-829b-fcae851fe102","actor_username":"a01722728@tec.mx","actor_via_sso":false,"log_type":"token"}	2025-04-13 04:56:47.82425+00	
00000000-0000-0000-0000-000000000000	153cd585-4e54-441d-a013-b6d8720a3adb	{"action":"token_revoked","actor_id":"7dfad126-2905-431a-829b-fcae851fe102","actor_username":"a01722728@tec.mx","actor_via_sso":false,"log_type":"token"}	2025-04-13 04:56:47.842528+00	
00000000-0000-0000-0000-000000000000	44bd7431-4237-4d1d-a2b6-9082337421c6	{"action":"login","actor_id":"7dfad126-2905-431a-829b-fcae851fe102","actor_username":"a01722728@tec.mx","actor_via_sso":false,"log_type":"account","traits":{"provider":"email"}}	2025-04-13 04:57:51.54211+00	
00000000-0000-0000-0000-000000000000	9ade85b7-82d0-4a45-b92f-07f7836cd124	{"action":"login","actor_id":"7dfad126-2905-431a-829b-fcae851fe102","actor_username":"a01722728@tec.mx","actor_via_sso":false,"log_type":"account","traits":{"provider":"email"}}	2025-04-13 04:57:53.335693+00	
00000000-0000-0000-0000-000000000000	cb3ac817-de51-4a63-97a5-eaaa9d23f664	{"action":"token_refreshed","actor_id":"7dfad126-2905-431a-829b-fcae851fe102","actor_username":"a01722728@tec.mx","actor_via_sso":false,"log_type":"token"}	2025-04-13 06:57:52.057735+00	
00000000-0000-0000-0000-000000000000	760c30f2-3513-4966-a3c6-ca106a64abc0	{"action":"token_revoked","actor_id":"7dfad126-2905-431a-829b-fcae851fe102","actor_username":"a01722728@tec.mx","actor_via_sso":false,"log_type":"token"}	2025-04-13 06:57:52.073533+00	
00000000-0000-0000-0000-000000000000	81f5a0df-628d-4a15-a926-96fa7ad38249	{"action":"token_refreshed","actor_id":"7dfad126-2905-431a-829b-fcae851fe102","actor_username":"a01722728@tec.mx","actor_via_sso":false,"log_type":"token"}	2025-04-13 07:55:52.682425+00	
00000000-0000-0000-0000-000000000000	3d367620-9aec-43db-80a8-0321ca4638b6	{"action":"token_revoked","actor_id":"7dfad126-2905-431a-829b-fcae851fe102","actor_username":"a01722728@tec.mx","actor_via_sso":false,"log_type":"token"}	2025-04-13 07:55:52.689554+00	
00000000-0000-0000-0000-000000000000	8ebfc053-68c5-45fe-8995-093ba81bde63	{"action":"token_refreshed","actor_id":"7dfad126-2905-431a-829b-fcae851fe102","actor_username":"a01722728@tec.mx","actor_via_sso":false,"log_type":"token"}	2025-04-13 20:11:39.117457+00	
00000000-0000-0000-0000-000000000000	644382fe-4183-476c-89ee-e1d0afaf18ae	{"action":"token_revoked","actor_id":"7dfad126-2905-431a-829b-fcae851fe102","actor_username":"a01722728@tec.mx","actor_via_sso":false,"log_type":"token"}	2025-04-13 20:11:39.150495+00	
00000000-0000-0000-0000-000000000000	4f824aaa-5b88-48ac-b22b-22613ba6321b	{"action":"token_refreshed","actor_id":"7dfad126-2905-431a-829b-fcae851fe102","actor_username":"a01722728@tec.mx","actor_via_sso":false,"log_type":"token"}	2025-04-13 21:09:42.608915+00	
00000000-0000-0000-0000-000000000000	9626e3fe-0008-4fde-b6fe-5570bcc3ff62	{"action":"token_revoked","actor_id":"7dfad126-2905-431a-829b-fcae851fe102","actor_username":"a01722728@tec.mx","actor_via_sso":false,"log_type":"token"}	2025-04-13 21:09:42.616647+00	
00000000-0000-0000-0000-000000000000	37c42d74-3cb2-47a4-aabe-aeaf24ffdd98	{"action":"token_refreshed","actor_id":"7dfad126-2905-431a-829b-fcae851fe102","actor_username":"a01722728@tec.mx","actor_via_sso":false,"log_type":"token"}	2025-04-16 06:25:27.130701+00	
00000000-0000-0000-0000-000000000000	2c1e7ed6-e79c-49d6-bf4d-135a1fc33e94	{"action":"token_revoked","actor_id":"7dfad126-2905-431a-829b-fcae851fe102","actor_username":"a01722728@tec.mx","actor_via_sso":false,"log_type":"token"}	2025-04-16 06:25:27.147696+00	
00000000-0000-0000-0000-000000000000	fbb9cecc-3962-4509-9ad3-ed925539d465	{"action":"login","actor_id":"7dfad126-2905-431a-829b-fcae851fe102","actor_username":"a01722728@tec.mx","actor_via_sso":false,"log_type":"account","traits":{"provider":"email"}}	2025-04-16 06:25:46.314147+00	
00000000-0000-0000-0000-000000000000	9d96ba75-b79f-4096-9c9f-dccaca8a07fb	{"action":"token_refreshed","actor_id":"7dfad126-2905-431a-829b-fcae851fe102","actor_username":"a01722728@tec.mx","actor_via_sso":false,"log_type":"token"}	2025-04-16 22:27:24.127852+00	
00000000-0000-0000-0000-000000000000	4411edf8-3bf2-43a8-ae53-724007dae800	{"action":"token_revoked","actor_id":"7dfad126-2905-431a-829b-fcae851fe102","actor_username":"a01722728@tec.mx","actor_via_sso":false,"log_type":"token"}	2025-04-16 22:27:24.136951+00	
00000000-0000-0000-0000-000000000000	b0fab9ae-1167-4ced-ae04-824af343560e	{"action":"token_refreshed","actor_id":"412b6cda-4dbd-4bec-832e-1509eaf56414","actor_username":"capability@g.com","actor_via_sso":false,"log_type":"token"}	2025-04-21 04:17:12.361305+00	
00000000-0000-0000-0000-000000000000	fc55142a-894b-4059-a3e4-ad23b848d4af	{"action":"token_revoked","actor_id":"412b6cda-4dbd-4bec-832e-1509eaf56414","actor_username":"capability@g.com","actor_via_sso":false,"log_type":"token"}	2025-04-21 04:17:12.378029+00	
00000000-0000-0000-0000-000000000000	766f70eb-5181-48b6-ae1d-163748178433	{"action":"token_refreshed","actor_id":"564b41de-e4a1-4e56-bff7-c0681abc0718","actor_username":"a01198676@tec.mx","actor_via_sso":false,"log_type":"token"}	2025-04-21 19:34:36.477806+00	
00000000-0000-0000-0000-000000000000	f9bb2ca1-7704-42ea-913e-199ee8a4f376	{"action":"token_revoked","actor_id":"564b41de-e4a1-4e56-bff7-c0681abc0718","actor_username":"a01198676@tec.mx","actor_via_sso":false,"log_type":"token"}	2025-04-21 19:34:36.503797+00	
00000000-0000-0000-0000-000000000000	b25098da-8c4c-4bc6-917e-63e21005da9e	{"action":"token_refreshed","actor_id":"ff98b050-236d-4a28-8aea-567f03b9f3c3","actor_username":"rantonion2004@outlook.com","actor_via_sso":false,"log_type":"token"}	2025-04-22 04:02:04.162616+00	
00000000-0000-0000-0000-000000000000	905a61d1-eff5-4d45-a498-7c9d2c66fccc	{"action":"token_revoked","actor_id":"ff98b050-236d-4a28-8aea-567f03b9f3c3","actor_username":"rantonion2004@outlook.com","actor_via_sso":false,"log_type":"token"}	2025-04-22 04:02:04.186472+00	
00000000-0000-0000-0000-000000000000	7b9c3281-8529-40f3-a6c2-f7965ef35295	{"action":"login","actor_id":"ff98b050-236d-4a28-8aea-567f03b9f3c3","actor_username":"rantonion2004@outlook.com","actor_via_sso":false,"log_type":"account","traits":{"provider":"email"}}	2025-04-22 04:02:08.915238+00	
00000000-0000-0000-0000-000000000000	e47d9e99-b34e-4285-b2e8-306ec6b26618	{"action":"token_refreshed","actor_id":"412b6cda-4dbd-4bec-832e-1509eaf56414","actor_username":"capability@g.com","actor_via_sso":false,"log_type":"token"}	2025-04-22 19:53:18.636194+00	
00000000-0000-0000-0000-000000000000	2e8b6cda-07da-4cd6-b89b-afeb281e0d44	{"action":"token_revoked","actor_id":"412b6cda-4dbd-4bec-832e-1509eaf56414","actor_username":"capability@g.com","actor_via_sso":false,"log_type":"token"}	2025-04-22 19:53:18.652667+00	
00000000-0000-0000-0000-000000000000	ad9b5280-4383-4f29-bd02-4ee171678dc5	{"action":"login","actor_id":"7478c90f-4de7-494d-ae79-fc28756dc4ab","actor_username":"a01741300@tec.mx","actor_via_sso":false,"log_type":"account","traits":{"provider":"email"}}	2025-04-22 20:07:37.107845+00	
00000000-0000-0000-0000-000000000000	d873db06-f323-4565-b4c2-1f174c4e659e	{"action":"login","actor_id":"412b6cda-4dbd-4bec-832e-1509eaf56414","actor_username":"capability@g.com","actor_via_sso":false,"log_type":"account","traits":{"provider":"email"}}	2025-04-22 20:11:14.049603+00	
00000000-0000-0000-0000-000000000000	57c769fc-3d33-4914-b0f2-afa5120fe04e	{"action":"token_refreshed","actor_id":"412b6cda-4dbd-4bec-832e-1509eaf56414","actor_username":"capability@g.com","actor_via_sso":false,"log_type":"token"}	2025-04-22 21:28:10.290946+00	
00000000-0000-0000-0000-000000000000	a77e0384-a975-4a3e-b4f1-38b41d333ead	{"action":"token_revoked","actor_id":"412b6cda-4dbd-4bec-832e-1509eaf56414","actor_username":"capability@g.com","actor_via_sso":false,"log_type":"token"}	2025-04-22 21:28:10.293793+00	
00000000-0000-0000-0000-000000000000	50bb9b1e-8b22-4d22-be66-12d2495fb3a2	{"action":"token_refreshed","actor_id":"7dfad126-2905-431a-829b-fcae851fe102","actor_username":"a01722728@tec.mx","actor_via_sso":false,"log_type":"token"}	2025-04-22 21:41:05.753987+00	
00000000-0000-0000-0000-000000000000	3c6e7aa1-1401-43b9-a52e-850faa37681e	{"action":"token_revoked","actor_id":"7dfad126-2905-431a-829b-fcae851fe102","actor_username":"a01722728@tec.mx","actor_via_sso":false,"log_type":"token"}	2025-04-22 21:41:05.757285+00	
00000000-0000-0000-0000-000000000000	c2138d85-2eea-464e-a47c-aa592bfae4fa	{"action":"login","actor_id":"7dfad126-2905-431a-829b-fcae851fe102","actor_username":"a01722728@tec.mx","actor_via_sso":false,"log_type":"account","traits":{"provider":"email"}}	2025-04-22 21:41:07.906918+00	
00000000-0000-0000-0000-000000000000	5cd3fee8-ceda-46d9-a8de-5b160661367c	{"action":"login","actor_id":"7dfad126-2905-431a-829b-fcae851fe102","actor_username":"a01722728@tec.mx","actor_via_sso":false,"log_type":"account","traits":{"provider":"email"}}	2025-04-22 21:41:09.295158+00	
00000000-0000-0000-0000-000000000000	82e44e85-73b6-4d53-b7e8-95bea86fb6d6	{"action":"token_refreshed","actor_id":"564b41de-e4a1-4e56-bff7-c0681abc0718","actor_username":"a01198676@tec.mx","actor_via_sso":false,"log_type":"token"}	2025-04-22 21:42:54.25999+00	
00000000-0000-0000-0000-000000000000	7ed368c4-9c85-46d7-b68c-eba96bf6f660	{"action":"token_revoked","actor_id":"564b41de-e4a1-4e56-bff7-c0681abc0718","actor_username":"a01198676@tec.mx","actor_via_sso":false,"log_type":"token"}	2025-04-22 21:42:54.26217+00	
00000000-0000-0000-0000-000000000000	76e1f493-3ef5-4a30-97a5-93333f36623e	{"action":"token_refreshed","actor_id":"ff98b050-236d-4a28-8aea-567f03b9f3c3","actor_username":"rantonion2004@outlook.com","actor_via_sso":false,"log_type":"token"}	2025-04-22 21:48:45.651226+00	
00000000-0000-0000-0000-000000000000	eabe8136-5df7-4b1b-a2aa-fc826d29011c	{"action":"token_revoked","actor_id":"ff98b050-236d-4a28-8aea-567f03b9f3c3","actor_username":"rantonion2004@outlook.com","actor_via_sso":false,"log_type":"token"}	2025-04-22 21:48:45.653906+00	
00000000-0000-0000-0000-000000000000	c7be994c-ab5d-4233-9218-dbb4dc468745	{"action":"login","actor_id":"7dfad126-2905-431a-829b-fcae851fe102","actor_username":"a01722728@tec.mx","actor_via_sso":false,"log_type":"account","traits":{"provider":"email"}}	2025-04-22 21:56:59.685449+00	
00000000-0000-0000-0000-000000000000	95e320e8-c617-437d-8856-bad9a08f19d4	{"action":"login","actor_id":"7dfad126-2905-431a-829b-fcae851fe102","actor_username":"a01722728@tec.mx","actor_via_sso":false,"log_type":"account","traits":{"provider":"email"}}	2025-04-22 21:57:01.114087+00	
00000000-0000-0000-0000-000000000000	a35ee60f-a540-475a-8276-fe747143afa9	{"action":"token_refreshed","actor_id":"9950b2e9-632f-42ff-b259-726ede4e408f","actor_username":"emirpuente31@gmail.com","actor_via_sso":false,"log_type":"token"}	2025-04-22 22:01:35.840489+00	
00000000-0000-0000-0000-000000000000	fc0213ea-cf7a-487d-8c50-060b67cc0ef8	{"action":"token_revoked","actor_id":"9950b2e9-632f-42ff-b259-726ede4e408f","actor_username":"emirpuente31@gmail.com","actor_via_sso":false,"log_type":"token"}	2025-04-22 22:01:35.843654+00	
00000000-0000-0000-0000-000000000000	3e521bc6-f82d-4ec2-b451-733062ccab74	{"action":"login","actor_id":"9950b2e9-632f-42ff-b259-726ede4e408f","actor_username":"emirpuente31@gmail.com","actor_via_sso":false,"log_type":"account","traits":{"provider":"email"}}	2025-04-22 22:01:37.736282+00	
00000000-0000-0000-0000-000000000000	bde990bb-c207-4016-9deb-0923422b31a6	{"action":"token_refreshed","actor_id":"d2f63e49-f24d-4cda-8ff8-9056d6ee4bea","actor_username":"amogus@a.com","actor_via_sso":false,"log_type":"token"}	2025-04-22 22:23:23.429303+00	
00000000-0000-0000-0000-000000000000	a9f9e577-6f3a-406f-9d0b-1046318b7bd9	{"action":"token_revoked","actor_id":"d2f63e49-f24d-4cda-8ff8-9056d6ee4bea","actor_username":"amogus@a.com","actor_via_sso":false,"log_type":"token"}	2025-04-22 22:23:23.43437+00	
00000000-0000-0000-0000-000000000000	594bbd5f-bffd-43f5-91e9-5b3ab6432cfe	{"action":"token_refreshed","actor_id":"412b6cda-4dbd-4bec-832e-1509eaf56414","actor_username":"capability@g.com","actor_via_sso":false,"log_type":"token"}	2025-04-22 22:38:05.305394+00	
00000000-0000-0000-0000-000000000000	72dd0e8f-bce9-485d-ba6a-11b9a0ceda8e	{"action":"token_revoked","actor_id":"412b6cda-4dbd-4bec-832e-1509eaf56414","actor_username":"capability@g.com","actor_via_sso":false,"log_type":"token"}	2025-04-22 22:38:05.309682+00	
00000000-0000-0000-0000-000000000000	179cb835-c157-4dbf-9a77-9c055bad6978	{"action":"token_refreshed","actor_id":"564b41de-e4a1-4e56-bff7-c0681abc0718","actor_username":"a01198676@tec.mx","actor_via_sso":false,"log_type":"token"}	2025-04-22 22:41:35.732449+00	
00000000-0000-0000-0000-000000000000	cb332126-4e8a-49d6-9994-d01282f76c37	{"action":"token_revoked","actor_id":"564b41de-e4a1-4e56-bff7-c0681abc0718","actor_username":"a01198676@tec.mx","actor_via_sso":false,"log_type":"token"}	2025-04-22 22:41:35.734555+00	
00000000-0000-0000-0000-000000000000	3821ce34-ba3d-4940-96c7-b2c8a45bbc00	{"action":"token_refreshed","actor_id":"ff98b050-236d-4a28-8aea-567f03b9f3c3","actor_username":"rantonion2004@outlook.com","actor_via_sso":false,"log_type":"token"}	2025-04-22 22:46:47.141861+00	
00000000-0000-0000-0000-000000000000	e80c7ab3-f6d3-4818-9bbc-2afd6d83c031	{"action":"token_revoked","actor_id":"ff98b050-236d-4a28-8aea-567f03b9f3c3","actor_username":"rantonion2004@outlook.com","actor_via_sso":false,"log_type":"token"}	2025-04-22 22:46:47.143592+00	
00000000-0000-0000-0000-000000000000	114482c0-accd-4e71-b3c7-1af75baa9175	{"action":"login","actor_id":"7478c90f-4de7-494d-ae79-fc28756dc4ab","actor_username":"a01741300@tec.mx","actor_via_sso":false,"log_type":"account","traits":{"provider":"email"}}	2025-04-22 22:53:20.909601+00	
00000000-0000-0000-0000-000000000000	dffa2608-f3d5-4e36-acf2-7a481f079915	{"action":"login","actor_id":"412b6cda-4dbd-4bec-832e-1509eaf56414","actor_username":"capability@g.com","actor_via_sso":false,"log_type":"account","traits":{"provider":"email"}}	2025-04-22 22:53:50.441338+00	
00000000-0000-0000-0000-000000000000	6a0fbe5b-afdf-42bf-9534-6fd7dfde8bab	{"action":"user_repeated_signup","actor_id":"5314bfcf-8401-457f-b7a7-2221ea64777c","actor_username":"a01198327@tec.mx","actor_via_sso":false,"log_type":"user","traits":{"provider":"email"}}	2025-04-22 23:00:09.383666+00	
00000000-0000-0000-0000-000000000000	3590bca4-5f2c-4075-984e-5247659f3028	{"action":"user_repeated_signup","actor_id":"5314bfcf-8401-457f-b7a7-2221ea64777c","actor_username":"a01198327@tec.mx","actor_via_sso":false,"log_type":"user","traits":{"provider":"email"}}	2025-04-22 23:00:16.814101+00	
00000000-0000-0000-0000-000000000000	39fd88cc-b6de-48bb-97ee-a8ffc469d6f3	{"action":"user_deleted","actor_id":"00000000-0000-0000-0000-000000000000","actor_username":"service_role","actor_via_sso":false,"log_type":"team","traits":{"user_email":"a01198327@tec.mx","user_id":"5314bfcf-8401-457f-b7a7-2221ea64777c","user_phone":""}}	2025-04-22 23:03:15.661773+00	
00000000-0000-0000-0000-000000000000	19db4dd6-3dbe-4697-99c5-b10cd4f4a29f	{"action":"user_signedup","actor_id":"06e8e948-5dd3-4b5f-b314-25fa5cd5893b","actor_username":"a01198327@tec.mx","actor_via_sso":false,"log_type":"team","traits":{"provider":"email"}}	2025-04-22 23:07:34.3606+00	
00000000-0000-0000-0000-000000000000	3e75eed3-577b-441d-898a-c4001e9c31c3	{"action":"login","actor_id":"06e8e948-5dd3-4b5f-b314-25fa5cd5893b","actor_username":"a01198327@tec.mx","actor_via_sso":false,"log_type":"account","traits":{"provider":"email"}}	2025-04-22 23:07:34.367148+00	
00000000-0000-0000-0000-000000000000	be54549a-f807-4e8d-9c2b-0761f3710645	{"action":"login","actor_id":"06e8e948-5dd3-4b5f-b314-25fa5cd5893b","actor_username":"a01198327@tec.mx","actor_via_sso":false,"log_type":"account","traits":{"provider":"email"}}	2025-04-22 23:09:11.304957+00	
00000000-0000-0000-0000-000000000000	17d431fe-1e8d-4d76-9ac2-89aac6e05eab	{"action":"token_refreshed","actor_id":"7dfad126-2905-431a-829b-fcae851fe102","actor_username":"a01722728@tec.mx","actor_via_sso":false,"log_type":"token"}	2025-04-22 23:13:16.851186+00	
00000000-0000-0000-0000-000000000000	883792f0-370c-4b3f-b4d5-ca351df3ffd2	{"action":"token_revoked","actor_id":"7dfad126-2905-431a-829b-fcae851fe102","actor_username":"a01722728@tec.mx","actor_via_sso":false,"log_type":"token"}	2025-04-22 23:13:16.853788+00	
00000000-0000-0000-0000-000000000000	e14be48c-afd7-4386-a0cf-e2f12860c0e0	{"action":"token_refreshed","actor_id":"06e8e948-5dd3-4b5f-b314-25fa5cd5893b","actor_username":"a01198327@tec.mx","actor_via_sso":false,"log_type":"token"}	2025-04-23 04:50:16.156904+00	
00000000-0000-0000-0000-000000000000	0f4a8053-e796-4512-8901-a1a4f6baae47	{"action":"token_revoked","actor_id":"06e8e948-5dd3-4b5f-b314-25fa5cd5893b","actor_username":"a01198327@tec.mx","actor_via_sso":false,"log_type":"token"}	2025-04-23 04:50:16.16497+00	
00000000-0000-0000-0000-000000000000	8588507e-1a75-4008-b2e8-a66c19ec2b28	{"action":"token_refreshed","actor_id":"06e8e948-5dd3-4b5f-b314-25fa5cd5893b","actor_username":"a01198327@tec.mx","actor_via_sso":false,"log_type":"token"}	2025-04-23 18:08:46.883974+00	
00000000-0000-0000-0000-000000000000	e30e464a-8a88-49b1-b164-6b8a46f3a0f0	{"action":"token_revoked","actor_id":"06e8e948-5dd3-4b5f-b314-25fa5cd5893b","actor_username":"a01198327@tec.mx","actor_via_sso":false,"log_type":"token"}	2025-04-23 18:08:46.904648+00	
00000000-0000-0000-0000-000000000000	b4c18760-f175-439a-badf-7f0b3a9df6e6	{"action":"token_refreshed","actor_id":"412b6cda-4dbd-4bec-832e-1509eaf56414","actor_username":"capability@g.com","actor_via_sso":false,"log_type":"token"}	2025-04-23 18:09:03.381283+00	
00000000-0000-0000-0000-000000000000	e586eb88-9806-4e42-903c-89717427b622	{"action":"token_revoked","actor_id":"412b6cda-4dbd-4bec-832e-1509eaf56414","actor_username":"capability@g.com","actor_via_sso":false,"log_type":"token"}	2025-04-23 18:09:03.381925+00	
00000000-0000-0000-0000-000000000000	9eefcfad-6de8-4652-8214-0bd7194f8ad2	{"action":"login","actor_id":"7478c90f-4de7-494d-ae79-fc28756dc4ab","actor_username":"a01741300@tec.mx","actor_via_sso":false,"log_type":"account","traits":{"provider":"email"}}	2025-04-23 18:10:26.966973+00	
00000000-0000-0000-0000-000000000000	366e64b2-a113-43ac-a40d-de85c460e69a	{"action":"user_signedup","actor_id":"7ff2a62c-ef30-4c1e-8465-57ada3bb6897","actor_username":"liz@g.com","actor_via_sso":false,"log_type":"team","traits":{"provider":"email"}}	2025-04-23 18:12:12.210045+00	
00000000-0000-0000-0000-000000000000	fff6111b-354c-408d-bb79-f49831ce61b3	{"action":"login","actor_id":"7ff2a62c-ef30-4c1e-8465-57ada3bb6897","actor_username":"liz@g.com","actor_via_sso":false,"log_type":"account","traits":{"provider":"email"}}	2025-04-23 18:12:12.220153+00	
00000000-0000-0000-0000-000000000000	9a81354a-de7c-4d8a-9a06-37985abe261e	{"action":"login","actor_id":"412b6cda-4dbd-4bec-832e-1509eaf56414","actor_username":"capability@g.com","actor_via_sso":false,"log_type":"account","traits":{"provider":"email"}}	2025-04-23 18:27:29.004797+00	
00000000-0000-0000-0000-000000000000	1f2fd3ef-e9c8-4989-8ab5-8dd07c0f5a96	{"action":"token_refreshed","actor_id":"ff98b050-236d-4a28-8aea-567f03b9f3c3","actor_username":"rantonion2004@outlook.com","actor_via_sso":false,"log_type":"token"}	2025-04-23 18:43:38.444279+00	
00000000-0000-0000-0000-000000000000	83ef73c5-0488-464b-ad65-26fdc45abae8	{"action":"token_revoked","actor_id":"ff98b050-236d-4a28-8aea-567f03b9f3c3","actor_username":"rantonion2004@outlook.com","actor_via_sso":false,"log_type":"token"}	2025-04-23 18:43:38.44868+00	
00000000-0000-0000-0000-000000000000	f36e3c2a-1c08-495f-b1b7-4fef7a08e498	{"action":"token_refreshed","actor_id":"ff98b050-236d-4a28-8aea-567f03b9f3c3","actor_username":"rantonion2004@outlook.com","actor_via_sso":false,"log_type":"token"}	2025-04-23 19:42:16.628126+00	
00000000-0000-0000-0000-000000000000	1ace399e-d3c2-44e5-9921-bfd58bfa7675	{"action":"token_revoked","actor_id":"ff98b050-236d-4a28-8aea-567f03b9f3c3","actor_username":"rantonion2004@outlook.com","actor_via_sso":false,"log_type":"token"}	2025-04-23 19:42:16.633252+00	
00000000-0000-0000-0000-000000000000	095b589e-41eb-494a-a1e4-2f46c4d7eda2	{"action":"token_refreshed","actor_id":"06e8e948-5dd3-4b5f-b314-25fa5cd5893b","actor_username":"a01198327@tec.mx","actor_via_sso":false,"log_type":"token"}	2025-04-24 02:44:55.827234+00	
00000000-0000-0000-0000-000000000000	01e4c633-6b0f-465b-9363-dda8fb2ed153	{"action":"token_revoked","actor_id":"06e8e948-5dd3-4b5f-b314-25fa5cd5893b","actor_username":"a01198327@tec.mx","actor_via_sso":false,"log_type":"token"}	2025-04-24 02:44:55.843943+00	
00000000-0000-0000-0000-000000000000	0424afd1-e54e-4ffa-bfe4-0f8db628225d	{"action":"token_refreshed","actor_id":"06e8e948-5dd3-4b5f-b314-25fa5cd5893b","actor_username":"a01198327@tec.mx","actor_via_sso":false,"log_type":"token"}	2025-04-24 03:47:32.756797+00	
00000000-0000-0000-0000-000000000000	ead550d8-7bab-4da7-9216-46b157d281c6	{"action":"token_revoked","actor_id":"06e8e948-5dd3-4b5f-b314-25fa5cd5893b","actor_username":"a01198327@tec.mx","actor_via_sso":false,"log_type":"token"}	2025-04-24 03:47:32.76107+00	
00000000-0000-0000-0000-000000000000	486d28fb-96e8-4ae6-8a19-b4438eeffce7	{"action":"token_refreshed","actor_id":"06e8e948-5dd3-4b5f-b314-25fa5cd5893b","actor_username":"a01198327@tec.mx","actor_via_sso":false,"log_type":"token"}	2025-04-24 05:21:26.612951+00	
00000000-0000-0000-0000-000000000000	61feb827-e44f-4f94-8eb3-37b6d6601511	{"action":"token_revoked","actor_id":"06e8e948-5dd3-4b5f-b314-25fa5cd5893b","actor_username":"a01198327@tec.mx","actor_via_sso":false,"log_type":"token"}	2025-04-24 05:21:26.615491+00	
00000000-0000-0000-0000-000000000000	2fee7240-0187-472b-9d13-a7aff82de244	{"action":"token_refreshed","actor_id":"ff98b050-236d-4a28-8aea-567f03b9f3c3","actor_username":"rantonion2004@outlook.com","actor_via_sso":false,"log_type":"token"}	2025-04-24 05:34:29.347396+00	
00000000-0000-0000-0000-000000000000	b583c1a6-9c9e-456b-be73-343b30c58b44	{"action":"token_revoked","actor_id":"ff98b050-236d-4a28-8aea-567f03b9f3c3","actor_username":"rantonion2004@outlook.com","actor_via_sso":false,"log_type":"token"}	2025-04-24 05:34:29.351348+00	
00000000-0000-0000-0000-000000000000	ce129959-cddb-49f6-be9d-189c15398784	{"action":"token_refreshed","actor_id":"06e8e948-5dd3-4b5f-b314-25fa5cd5893b","actor_username":"a01198327@tec.mx","actor_via_sso":false,"log_type":"token"}	2025-04-24 06:22:45.231357+00	
00000000-0000-0000-0000-000000000000	c6572348-f05e-49ad-96a8-ad676e279dd5	{"action":"token_revoked","actor_id":"06e8e948-5dd3-4b5f-b314-25fa5cd5893b","actor_username":"a01198327@tec.mx","actor_via_sso":false,"log_type":"token"}	2025-04-24 06:22:45.234142+00	
00000000-0000-0000-0000-000000000000	ed40cdcf-34bf-40bc-b0a3-4d0dbb54ad21	{"action":"token_refreshed","actor_id":"06e8e948-5dd3-4b5f-b314-25fa5cd5893b","actor_username":"a01198327@tec.mx","actor_via_sso":false,"log_type":"token"}	2025-04-24 07:24:01.473968+00	
00000000-0000-0000-0000-000000000000	1d24477a-07fd-4e4d-b06b-63f09ef8294b	{"action":"token_revoked","actor_id":"06e8e948-5dd3-4b5f-b314-25fa5cd5893b","actor_username":"a01198327@tec.mx","actor_via_sso":false,"log_type":"token"}	2025-04-24 07:24:01.487637+00	
00000000-0000-0000-0000-000000000000	3b5a8bab-df22-4f5f-8fcb-0af3f81aa92b	{"action":"token_refreshed","actor_id":"ff98b050-236d-4a28-8aea-567f03b9f3c3","actor_username":"rantonion2004@outlook.com","actor_via_sso":false,"log_type":"token"}	2025-04-24 08:27:07.258989+00	
00000000-0000-0000-0000-000000000000	47ad4f92-a3a8-4e80-9cf5-9cbd5d360fbc	{"action":"token_revoked","actor_id":"ff98b050-236d-4a28-8aea-567f03b9f3c3","actor_username":"rantonion2004@outlook.com","actor_via_sso":false,"log_type":"token"}	2025-04-24 08:27:07.267816+00	
00000000-0000-0000-0000-000000000000	3b4d33c0-dc9c-47a7-bf88-044e0d3a395a	{"action":"token_refreshed","actor_id":"ff98b050-236d-4a28-8aea-567f03b9f3c3","actor_username":"rantonion2004@outlook.com","actor_via_sso":false,"log_type":"token"}	2025-04-24 09:25:07.33425+00	
00000000-0000-0000-0000-000000000000	15b2f6a8-633f-418e-ae97-02ffa5b4a6b0	{"action":"token_revoked","actor_id":"ff98b050-236d-4a28-8aea-567f03b9f3c3","actor_username":"rantonion2004@outlook.com","actor_via_sso":false,"log_type":"token"}	2025-04-24 09:25:07.3442+00	
00000000-0000-0000-0000-000000000000	8243970a-b7a2-4f12-95ac-00f4b63fcd09	{"action":"token_refreshed","actor_id":"ff98b050-236d-4a28-8aea-567f03b9f3c3","actor_username":"rantonion2004@outlook.com","actor_via_sso":false,"log_type":"token"}	2025-04-24 10:38:14.732043+00	
00000000-0000-0000-0000-000000000000	f7351238-c31e-496e-8dbf-55778e0f8243	{"action":"token_revoked","actor_id":"ff98b050-236d-4a28-8aea-567f03b9f3c3","actor_username":"rantonion2004@outlook.com","actor_via_sso":false,"log_type":"token"}	2025-04-24 10:38:14.742663+00	
00000000-0000-0000-0000-000000000000	74ad04bf-62ee-4de0-9029-9bbbfcad9dc5	{"action":"token_refreshed","actor_id":"ff98b050-236d-4a28-8aea-567f03b9f3c3","actor_username":"rantonion2004@outlook.com","actor_via_sso":false,"log_type":"token"}	2025-04-24 11:36:20.814337+00	
00000000-0000-0000-0000-000000000000	e2330dab-0668-4177-ab8d-ca3470f8d687	{"action":"token_revoked","actor_id":"ff98b050-236d-4a28-8aea-567f03b9f3c3","actor_username":"rantonion2004@outlook.com","actor_via_sso":false,"log_type":"token"}	2025-04-24 11:36:20.818616+00	
00000000-0000-0000-0000-000000000000	bac0c56a-f3b3-44f6-802e-012af2e3af51	{"action":"token_refreshed","actor_id":"06e8e948-5dd3-4b5f-b314-25fa5cd5893b","actor_username":"a01198327@tec.mx","actor_via_sso":false,"log_type":"token"}	2025-04-24 17:52:32.975462+00	
00000000-0000-0000-0000-000000000000	0e23a6db-10cd-4b2d-a404-f98d64718bc5	{"action":"token_revoked","actor_id":"06e8e948-5dd3-4b5f-b314-25fa5cd5893b","actor_username":"a01198327@tec.mx","actor_via_sso":false,"log_type":"token"}	2025-04-24 17:52:32.990534+00	
00000000-0000-0000-0000-000000000000	26548a6e-69b4-4a5a-aceb-df36a0674f36	{"action":"token_refreshed","actor_id":"06e8e948-5dd3-4b5f-b314-25fa5cd5893b","actor_username":"a01198327@tec.mx","actor_via_sso":false,"log_type":"token"}	2025-04-24 19:06:56.562084+00	
00000000-0000-0000-0000-000000000000	f8ce0826-61a8-42b9-b513-85f1e26c813c	{"action":"token_revoked","actor_id":"06e8e948-5dd3-4b5f-b314-25fa5cd5893b","actor_username":"a01198327@tec.mx","actor_via_sso":false,"log_type":"token"}	2025-04-24 19:06:56.569198+00	
00000000-0000-0000-0000-000000000000	9401fd83-5551-42a2-bbbe-1f6d8ea274bc	{"action":"token_refreshed","actor_id":"564b41de-e4a1-4e56-bff7-c0681abc0718","actor_username":"a01198676@tec.mx","actor_via_sso":false,"log_type":"token"}	2025-04-24 19:09:21.635887+00	
00000000-0000-0000-0000-000000000000	36d4305a-4ea1-4729-88ee-1e7950ee6259	{"action":"token_revoked","actor_id":"564b41de-e4a1-4e56-bff7-c0681abc0718","actor_username":"a01198676@tec.mx","actor_via_sso":false,"log_type":"token"}	2025-04-24 19:09:21.63723+00	
00000000-0000-0000-0000-000000000000	d6540a37-7e56-4883-811e-ddea8ada4129	{"action":"token_refreshed","actor_id":"9950b2e9-632f-42ff-b259-726ede4e408f","actor_username":"emirpuente31@gmail.com","actor_via_sso":false,"log_type":"token"}	2025-04-24 19:23:55.814277+00	
00000000-0000-0000-0000-000000000000	d309e685-f163-490c-a562-d1b69ee225dd	{"action":"token_revoked","actor_id":"9950b2e9-632f-42ff-b259-726ede4e408f","actor_username":"emirpuente31@gmail.com","actor_via_sso":false,"log_type":"token"}	2025-04-24 19:23:55.818465+00	
00000000-0000-0000-0000-000000000000	8d6aa12d-a587-45d3-9729-5d4c0e274ff5	{"action":"token_refreshed","actor_id":"06e8e948-5dd3-4b5f-b314-25fa5cd5893b","actor_username":"a01198327@tec.mx","actor_via_sso":false,"log_type":"token"}	2025-04-24 19:25:06.640574+00	
00000000-0000-0000-0000-000000000000	45e04bfb-5773-4864-8dc7-910e22a462d9	{"action":"token_revoked","actor_id":"06e8e948-5dd3-4b5f-b314-25fa5cd5893b","actor_username":"a01198327@tec.mx","actor_via_sso":false,"log_type":"token"}	2025-04-24 19:25:06.641466+00	
00000000-0000-0000-0000-000000000000	836d66e3-f1c3-41bf-a2ec-dbd1fd4a2403	{"action":"token_refreshed","actor_id":"ff98b050-236d-4a28-8aea-567f03b9f3c3","actor_username":"rantonion2004@outlook.com","actor_via_sso":false,"log_type":"token"}	2025-04-24 19:25:42.584144+00	
00000000-0000-0000-0000-000000000000	b7dd3782-4ab5-4a0e-8ffc-d3d0bc5bf301	{"action":"token_revoked","actor_id":"ff98b050-236d-4a28-8aea-567f03b9f3c3","actor_username":"rantonion2004@outlook.com","actor_via_sso":false,"log_type":"token"}	2025-04-24 19:25:42.584904+00	
00000000-0000-0000-0000-000000000000	99f0872a-eb36-481c-b64d-87c146f852f7	{"action":"login","actor_id":"7478c90f-4de7-494d-ae79-fc28756dc4ab","actor_username":"a01741300@tec.mx","actor_via_sso":false,"log_type":"account","traits":{"provider":"email"}}	2025-04-24 19:27:19.787894+00	
00000000-0000-0000-0000-000000000000	6fa7a908-94a7-48e0-b2c3-1342f324f492	{"action":"logout","actor_id":"5ad0bb87-f4fc-413c-adba-ef4b0b9402d1","actor_username":"a01198327@tec.mx","actor_via_sso":false,"log_type":"account"}	2025-05-16 22:14:55.020773+00	
00000000-0000-0000-0000-000000000000	1b8d2ab6-6e9e-4c96-b971-9cde52299872	{"action":"login","actor_id":"06e8e948-5dd3-4b5f-b314-25fa5cd5893b","actor_username":"a01198327@tec.mx","actor_via_sso":false,"log_type":"account","traits":{"provider":"email"}}	2025-04-24 19:37:24.542223+00	
00000000-0000-0000-0000-000000000000	372aec16-d5f8-4de4-9c84-3ccedbaa71f3	{"action":"login","actor_id":"06e8e948-5dd3-4b5f-b314-25fa5cd5893b","actor_username":"a01198327@tec.mx","actor_via_sso":false,"log_type":"account","traits":{"provider":"email"}}	2025-04-24 19:40:02.634806+00	
00000000-0000-0000-0000-000000000000	fd1cbeae-6b34-40d1-9471-bc4dd69ddbce	{"action":"token_refreshed","actor_id":"7dfad126-2905-431a-829b-fcae851fe102","actor_username":"a01722728@tec.mx","actor_via_sso":false,"log_type":"token"}	2025-04-24 19:57:12.64085+00	
00000000-0000-0000-0000-000000000000	2fcbcd4a-b0e8-455e-9199-2f47eb71c5e2	{"action":"token_revoked","actor_id":"7dfad126-2905-431a-829b-fcae851fe102","actor_username":"a01722728@tec.mx","actor_via_sso":false,"log_type":"token"}	2025-04-24 19:57:12.643698+00	
00000000-0000-0000-0000-000000000000	d0680990-062d-496d-b17c-8584f5b45f95	{"action":"login","actor_id":"7dfad126-2905-431a-829b-fcae851fe102","actor_username":"a01722728@tec.mx","actor_via_sso":false,"log_type":"account","traits":{"provider":"email"}}	2025-04-24 19:57:17.481828+00	
00000000-0000-0000-0000-000000000000	dd603491-6ba4-4b01-b49e-15a889afd6e5	{"action":"token_refreshed","actor_id":"412b6cda-4dbd-4bec-832e-1509eaf56414","actor_username":"capability@g.com","actor_via_sso":false,"log_type":"token"}	2025-04-24 20:00:55.992524+00	
00000000-0000-0000-0000-000000000000	86ad0790-2c19-4311-93b7-2331e6b16c07	{"action":"token_revoked","actor_id":"412b6cda-4dbd-4bec-832e-1509eaf56414","actor_username":"capability@g.com","actor_via_sso":false,"log_type":"token"}	2025-04-24 20:00:55.9944+00	
00000000-0000-0000-0000-000000000000	156a9994-1739-487e-abf5-848edde2d419	{"action":"login","actor_id":"7478c90f-4de7-494d-ae79-fc28756dc4ab","actor_username":"a01741300@tec.mx","actor_via_sso":false,"log_type":"account","traits":{"provider":"email"}}	2025-04-24 20:07:32.256665+00	
00000000-0000-0000-0000-000000000000	b9aadfc7-88b0-4144-a6db-4097d98885c1	{"action":"user_signedup","actor_id":"ef15530b-dd57-4e43-a6ab-a04aa7b3a979","actor_username":"caso@g.com","actor_via_sso":false,"log_type":"team","traits":{"provider":"email"}}	2025-04-24 20:08:51.675542+00	
00000000-0000-0000-0000-000000000000	b5517c6e-0415-4636-9ec0-f4e3309747b1	{"action":"login","actor_id":"ef15530b-dd57-4e43-a6ab-a04aa7b3a979","actor_username":"caso@g.com","actor_via_sso":false,"log_type":"account","traits":{"provider":"email"}}	2025-04-24 20:08:51.683731+00	
00000000-0000-0000-0000-000000000000	2066abfd-df1d-430d-b1dc-16d59fe803de	{"action":"token_refreshed","actor_id":"ff98b050-236d-4a28-8aea-567f03b9f3c3","actor_username":"rantonion2004@outlook.com","actor_via_sso":false,"log_type":"token"}	2025-04-24 20:24:28.950539+00	
00000000-0000-0000-0000-000000000000	81ee845d-cb83-4bcc-9419-73142db9d644	{"action":"token_revoked","actor_id":"ff98b050-236d-4a28-8aea-567f03b9f3c3","actor_username":"rantonion2004@outlook.com","actor_via_sso":false,"log_type":"token"}	2025-04-24 20:24:28.952939+00	
00000000-0000-0000-0000-000000000000	2151022b-da6e-464e-8d0a-566639d25ba8	{"action":"login","actor_id":"06e8e948-5dd3-4b5f-b314-25fa5cd5893b","actor_username":"a01198327@tec.mx","actor_via_sso":false,"log_type":"account","traits":{"provider":"email"}}	2025-04-24 20:25:30.069727+00	
00000000-0000-0000-0000-000000000000	f36e58f0-b036-4ee6-ad79-d1c2d103b4bc	{"action":"token_refreshed","actor_id":"7478c90f-4de7-494d-ae79-fc28756dc4ab","actor_username":"a01741300@tec.mx","actor_via_sso":false,"log_type":"token"}	2025-04-24 20:27:01.376149+00	
00000000-0000-0000-0000-000000000000	839cb3f1-666c-4191-87d5-2094b46dbe98	{"action":"token_revoked","actor_id":"7478c90f-4de7-494d-ae79-fc28756dc4ab","actor_username":"a01741300@tec.mx","actor_via_sso":false,"log_type":"token"}	2025-04-24 20:27:01.378326+00	
00000000-0000-0000-0000-000000000000	0610d6f9-0897-430a-89d1-586398f2f0c2	{"action":"token_refreshed","actor_id":"564b41de-e4a1-4e56-bff7-c0681abc0718","actor_username":"a01198676@tec.mx","actor_via_sso":false,"log_type":"token"}	2025-04-24 20:35:32.439199+00	
00000000-0000-0000-0000-000000000000	a563faf1-496b-492b-8552-98cf78ebc354	{"action":"token_revoked","actor_id":"564b41de-e4a1-4e56-bff7-c0681abc0718","actor_username":"a01198676@tec.mx","actor_via_sso":false,"log_type":"token"}	2025-04-24 20:35:32.443002+00	
00000000-0000-0000-0000-000000000000	e8f786f1-890b-4551-8111-fe34f091abc8	{"action":"token_refreshed","actor_id":"06e8e948-5dd3-4b5f-b314-25fa5cd5893b","actor_username":"a01198327@tec.mx","actor_via_sso":false,"log_type":"token"}	2025-04-24 20:55:28.372735+00	
00000000-0000-0000-0000-000000000000	29efc931-6661-4a7a-b68f-d0121ddf17f0	{"action":"token_revoked","actor_id":"06e8e948-5dd3-4b5f-b314-25fa5cd5893b","actor_username":"a01198327@tec.mx","actor_via_sso":false,"log_type":"token"}	2025-04-24 20:55:28.375054+00	
00000000-0000-0000-0000-000000000000	a8620baf-0a29-4895-a953-28099d1440e7	{"action":"token_refreshed","actor_id":"7dfad126-2905-431a-829b-fcae851fe102","actor_username":"a01722728@tec.mx","actor_via_sso":false,"log_type":"token"}	2025-04-24 20:55:56.223881+00	
00000000-0000-0000-0000-000000000000	3772ee8a-00da-4eee-b9d8-6f05a10ca0c5	{"action":"token_revoked","actor_id":"7dfad126-2905-431a-829b-fcae851fe102","actor_username":"a01722728@tec.mx","actor_via_sso":false,"log_type":"token"}	2025-04-24 20:55:56.225212+00	
00000000-0000-0000-0000-000000000000	92713652-8d1a-4909-a9f7-42c3ce705ca9	{"action":"token_refreshed","actor_id":"ef15530b-dd57-4e43-a6ab-a04aa7b3a979","actor_username":"caso@g.com","actor_via_sso":false,"log_type":"token"}	2025-04-24 21:14:28.032871+00	
00000000-0000-0000-0000-000000000000	1e62a27c-0256-4d6c-952d-b47d17129f41	{"action":"token_revoked","actor_id":"ef15530b-dd57-4e43-a6ab-a04aa7b3a979","actor_username":"caso@g.com","actor_via_sso":false,"log_type":"token"}	2025-04-24 21:14:28.038505+00	
00000000-0000-0000-0000-000000000000	a0bf22bc-b501-4a91-8034-b1b30765c347	{"action":"token_refreshed","actor_id":"ff98b050-236d-4a28-8aea-567f03b9f3c3","actor_username":"rantonion2004@outlook.com","actor_via_sso":false,"log_type":"token"}	2025-04-24 21:26:27.705037+00	
00000000-0000-0000-0000-000000000000	f7bfe10c-21f5-46e3-8ada-544d8132c9e8	{"action":"token_revoked","actor_id":"ff98b050-236d-4a28-8aea-567f03b9f3c3","actor_username":"rantonion2004@outlook.com","actor_via_sso":false,"log_type":"token"}	2025-04-24 21:26:27.708075+00	
00000000-0000-0000-0000-000000000000	7435c8f2-1293-4e08-b256-a17750460fbe	{"action":"token_refreshed","actor_id":"7478c90f-4de7-494d-ae79-fc28756dc4ab","actor_username":"a01741300@tec.mx","actor_via_sso":false,"log_type":"token"}	2025-04-24 21:26:35.982625+00	
00000000-0000-0000-0000-000000000000	33e0e235-fb1e-424a-aa8a-d1a8eec8bedc	{"action":"token_revoked","actor_id":"7478c90f-4de7-494d-ae79-fc28756dc4ab","actor_username":"a01741300@tec.mx","actor_via_sso":false,"log_type":"token"}	2025-04-24 21:26:35.983281+00	
00000000-0000-0000-0000-000000000000	c43a7cac-7ccb-464e-bbe2-e3b2df822a12	{"action":"token_refreshed","actor_id":"564b41de-e4a1-4e56-bff7-c0681abc0718","actor_username":"a01198676@tec.mx","actor_via_sso":false,"log_type":"token"}	2025-04-24 21:39:13.917148+00	
00000000-0000-0000-0000-000000000000	4f4eb7d3-3436-4c87-8c55-aaa4a04da657	{"action":"token_revoked","actor_id":"564b41de-e4a1-4e56-bff7-c0681abc0718","actor_username":"a01198676@tec.mx","actor_via_sso":false,"log_type":"token"}	2025-04-24 21:39:13.920148+00	
00000000-0000-0000-0000-000000000000	de83342f-c62c-4b53-80f3-d79610c9e296	{"action":"token_refreshed","actor_id":"7dfad126-2905-431a-829b-fcae851fe102","actor_username":"a01722728@tec.mx","actor_via_sso":false,"log_type":"token"}	2025-04-24 21:54:02.907185+00	
00000000-0000-0000-0000-000000000000	94759039-75da-4ce9-868c-19c003eedb1a	{"action":"token_revoked","actor_id":"7dfad126-2905-431a-829b-fcae851fe102","actor_username":"a01722728@tec.mx","actor_via_sso":false,"log_type":"token"}	2025-04-24 21:54:02.910282+00	
00000000-0000-0000-0000-000000000000	1a0892c5-6b89-4a2d-9e83-405ebd712757	{"action":"token_refreshed","actor_id":"06e8e948-5dd3-4b5f-b314-25fa5cd5893b","actor_username":"a01198327@tec.mx","actor_via_sso":false,"log_type":"token"}	2025-04-24 21:59:55.639825+00	
00000000-0000-0000-0000-000000000000	d08780b7-a112-46c3-ab1e-bd490ed69a7f	{"action":"token_revoked","actor_id":"06e8e948-5dd3-4b5f-b314-25fa5cd5893b","actor_username":"a01198327@tec.mx","actor_via_sso":false,"log_type":"token"}	2025-04-24 21:59:55.643375+00	
00000000-0000-0000-0000-000000000000	82d80a4f-e6fc-4bc9-93f4-2681b1e09049	{"action":"token_refreshed","actor_id":"06e8e948-5dd3-4b5f-b314-25fa5cd5893b","actor_username":"a01198327@tec.mx","actor_via_sso":false,"log_type":"token"}	2025-04-24 22:00:10.665421+00	
00000000-0000-0000-0000-000000000000	55235a30-3468-4272-bf4b-adfa522d3ff2	{"action":"token_revoked","actor_id":"06e8e948-5dd3-4b5f-b314-25fa5cd5893b","actor_username":"a01198327@tec.mx","actor_via_sso":false,"log_type":"token"}	2025-04-24 22:00:10.668445+00	
00000000-0000-0000-0000-000000000000	64244a73-da1e-4d2a-94e8-76c2c237faea	{"action":"login","actor_id":"06e8e948-5dd3-4b5f-b314-25fa5cd5893b","actor_username":"a01198327@tec.mx","actor_via_sso":false,"log_type":"account","traits":{"provider":"email"}}	2025-04-24 22:00:20.493753+00	
00000000-0000-0000-0000-000000000000	fc31ed71-74fc-4049-b605-b8238d397ee4	{"action":"token_refreshed","actor_id":"7478c90f-4de7-494d-ae79-fc28756dc4ab","actor_username":"a01741300@tec.mx","actor_via_sso":false,"log_type":"token"}	2025-04-24 22:24:42.106331+00	
00000000-0000-0000-0000-000000000000	4a742175-f442-4a0b-a85f-96d9dd611bf9	{"action":"token_revoked","actor_id":"7478c90f-4de7-494d-ae79-fc28756dc4ab","actor_username":"a01741300@tec.mx","actor_via_sso":false,"log_type":"token"}	2025-04-24 22:24:42.108462+00	
00000000-0000-0000-0000-000000000000	a1cda13c-0816-450e-af91-190a16b5b1a5	{"action":"token_refreshed","actor_id":"ff98b050-236d-4a28-8aea-567f03b9f3c3","actor_username":"rantonion2004@outlook.com","actor_via_sso":false,"log_type":"token"}	2025-04-24 22:25:57.945647+00	
00000000-0000-0000-0000-000000000000	7078e9fa-c4bd-4aaf-8975-3eeda7038da0	{"action":"token_revoked","actor_id":"ff98b050-236d-4a28-8aea-567f03b9f3c3","actor_username":"rantonion2004@outlook.com","actor_via_sso":false,"log_type":"token"}	2025-04-24 22:25:57.94882+00	
00000000-0000-0000-0000-000000000000	c1c9ddbf-b742-45e5-b716-b095360b5b80	{"action":"token_refreshed","actor_id":"564b41de-e4a1-4e56-bff7-c0681abc0718","actor_username":"a01198676@tec.mx","actor_via_sso":false,"log_type":"token"}	2025-04-24 22:38:29.686842+00	
00000000-0000-0000-0000-000000000000	8232ab63-b41e-488a-b8d8-43835ecc5251	{"action":"token_revoked","actor_id":"564b41de-e4a1-4e56-bff7-c0681abc0718","actor_username":"a01198676@tec.mx","actor_via_sso":false,"log_type":"token"}	2025-04-24 22:38:29.689942+00	
00000000-0000-0000-0000-000000000000	b9a4fbf2-97b3-4a90-a5ee-9cc52acfa7a6	{"action":"token_refreshed","actor_id":"ef15530b-dd57-4e43-a6ab-a04aa7b3a979","actor_username":"caso@g.com","actor_via_sso":false,"log_type":"token"}	2025-04-24 22:43:09.193439+00	
00000000-0000-0000-0000-000000000000	be5a1a15-0787-4277-bfa6-04f79d59b33b	{"action":"token_revoked","actor_id":"ef15530b-dd57-4e43-a6ab-a04aa7b3a979","actor_username":"caso@g.com","actor_via_sso":false,"log_type":"token"}	2025-04-24 22:43:09.196769+00	
00000000-0000-0000-0000-000000000000	d0b7f0e7-c04d-4ef0-ac6a-ce4fc1f3799f	{"action":"token_refreshed","actor_id":"9950b2e9-632f-42ff-b259-726ede4e408f","actor_username":"emirpuente31@gmail.com","actor_via_sso":false,"log_type":"token"}	2025-04-24 22:52:25.869288+00	
00000000-0000-0000-0000-000000000000	20cbaf85-f319-443a-afb2-dd4425761907	{"action":"token_revoked","actor_id":"9950b2e9-632f-42ff-b259-726ede4e408f","actor_username":"emirpuente31@gmail.com","actor_via_sso":false,"log_type":"token"}	2025-04-24 22:52:25.872567+00	
00000000-0000-0000-0000-000000000000	4d41fb4c-0e01-4e96-9aea-b2315922a6b3	{"action":"login","actor_id":"9950b2e9-632f-42ff-b259-726ede4e408f","actor_username":"emirpuente31@gmail.com","actor_via_sso":false,"log_type":"account","traits":{"provider":"email"}}	2025-04-24 22:52:26.654888+00	
00000000-0000-0000-0000-000000000000	aeef39e4-d906-4d21-ae0e-99f78da1013b	{"action":"token_refreshed","actor_id":"7dfad126-2905-431a-829b-fcae851fe102","actor_username":"a01722728@tec.mx","actor_via_sso":false,"log_type":"token"}	2025-04-24 22:59:07.313249+00	
00000000-0000-0000-0000-000000000000	33538444-e3a9-4b73-b33b-d8451426a4ec	{"action":"token_revoked","actor_id":"7dfad126-2905-431a-829b-fcae851fe102","actor_username":"a01722728@tec.mx","actor_via_sso":false,"log_type":"token"}	2025-04-24 22:59:07.314723+00	
00000000-0000-0000-0000-000000000000	0fef9454-1c69-41dd-ad32-be7f3c6da58b	{"action":"token_refreshed","actor_id":"7478c90f-4de7-494d-ae79-fc28756dc4ab","actor_username":"a01741300@tec.mx","actor_via_sso":false,"log_type":"token"}	2025-04-24 23:23:33.644178+00	
00000000-0000-0000-0000-000000000000	6ed4642e-4bc9-4674-8327-1cf1af25bfc3	{"action":"token_revoked","actor_id":"7478c90f-4de7-494d-ae79-fc28756dc4ab","actor_username":"a01741300@tec.mx","actor_via_sso":false,"log_type":"token"}	2025-04-24 23:23:33.650777+00	
00000000-0000-0000-0000-000000000000	ee708d8f-e001-48ef-b551-14608655ae51	{"action":"token_refreshed","actor_id":"ff98b050-236d-4a28-8aea-567f03b9f3c3","actor_username":"rantonion2004@outlook.com","actor_via_sso":false,"log_type":"token"}	2025-04-24 23:24:34.135415+00	
00000000-0000-0000-0000-000000000000	52e4fab2-0639-4c62-a703-230fc7aa95db	{"action":"token_revoked","actor_id":"ff98b050-236d-4a28-8aea-567f03b9f3c3","actor_username":"rantonion2004@outlook.com","actor_via_sso":false,"log_type":"token"}	2025-04-24 23:24:34.136524+00	
00000000-0000-0000-0000-000000000000	789f5cc6-2faf-47ec-bb3a-604a5052ed35	{"action":"token_refreshed","actor_id":"7dfad126-2905-431a-829b-fcae851fe102","actor_username":"a01722728@tec.mx","actor_via_sso":false,"log_type":"token"}	2025-04-24 23:57:22.36699+00	
00000000-0000-0000-0000-000000000000	925ad725-ee93-4cce-9292-bc0523b6411d	{"action":"token_revoked","actor_id":"7dfad126-2905-431a-829b-fcae851fe102","actor_username":"a01722728@tec.mx","actor_via_sso":false,"log_type":"token"}	2025-04-24 23:57:22.375414+00	
00000000-0000-0000-0000-000000000000	053b4dea-4ce8-4fd9-8be9-01939467fedc	{"action":"token_refreshed","actor_id":"9950b2e9-632f-42ff-b259-726ede4e408f","actor_username":"emirpuente31@gmail.com","actor_via_sso":false,"log_type":"token"}	2025-04-25 00:05:37.132227+00	
00000000-0000-0000-0000-000000000000	2a45163f-ba3f-477e-927c-b935a82f0bee	{"action":"token_revoked","actor_id":"9950b2e9-632f-42ff-b259-726ede4e408f","actor_username":"emirpuente31@gmail.com","actor_via_sso":false,"log_type":"token"}	2025-04-25 00:05:37.137213+00	
00000000-0000-0000-0000-000000000000	31938d22-833f-4b02-982a-f4a612eabeb4	{"action":"token_refreshed","actor_id":"7478c90f-4de7-494d-ae79-fc28756dc4ab","actor_username":"a01741300@tec.mx","actor_via_sso":false,"log_type":"token"}	2025-04-25 00:22:02.287321+00	
00000000-0000-0000-0000-000000000000	10d4c25c-2f50-4987-9b32-9d0039a53350	{"action":"token_revoked","actor_id":"7478c90f-4de7-494d-ae79-fc28756dc4ab","actor_username":"a01741300@tec.mx","actor_via_sso":false,"log_type":"token"}	2025-04-25 00:22:02.289922+00	
00000000-0000-0000-0000-000000000000	8e896570-27cb-42c2-952c-df3a45bbceb1	{"action":"token_refreshed","actor_id":"564b41de-e4a1-4e56-bff7-c0681abc0718","actor_username":"a01198676@tec.mx","actor_via_sso":false,"log_type":"token"}	2025-04-25 00:24:17.625179+00	
00000000-0000-0000-0000-000000000000	93f0ccfb-649c-46ba-9fa9-2faa5f548f18	{"action":"token_revoked","actor_id":"564b41de-e4a1-4e56-bff7-c0681abc0718","actor_username":"a01198676@tec.mx","actor_via_sso":false,"log_type":"token"}	2025-04-25 00:24:17.626675+00	
00000000-0000-0000-0000-000000000000	c618ee47-e57f-4b60-a6b7-d2da144b82aa	{"action":"token_refreshed","actor_id":"ff98b050-236d-4a28-8aea-567f03b9f3c3","actor_username":"rantonion2004@outlook.com","actor_via_sso":false,"log_type":"token"}	2025-04-25 00:24:44.162456+00	
00000000-0000-0000-0000-000000000000	42cf0dec-f803-4c16-89b7-5bbe5395dcb3	{"action":"token_revoked","actor_id":"ff98b050-236d-4a28-8aea-567f03b9f3c3","actor_username":"rantonion2004@outlook.com","actor_via_sso":false,"log_type":"token"}	2025-04-25 00:24:44.163228+00	
00000000-0000-0000-0000-000000000000	1499eb06-8b57-46f0-a22c-1243fef0404e	{"action":"token_refreshed","actor_id":"ff98b050-236d-4a28-8aea-567f03b9f3c3","actor_username":"rantonion2004@outlook.com","actor_via_sso":false,"log_type":"token"}	2025-04-25 02:34:45.441792+00	
00000000-0000-0000-0000-000000000000	b531b6d8-11c9-48ee-afee-c564fe9d5024	{"action":"token_revoked","actor_id":"ff98b050-236d-4a28-8aea-567f03b9f3c3","actor_username":"rantonion2004@outlook.com","actor_via_sso":false,"log_type":"token"}	2025-04-25 02:34:45.450316+00	
00000000-0000-0000-0000-000000000000	559ef78d-4a83-497e-828f-716a0da10f8e	{"action":"token_refreshed","actor_id":"9950b2e9-632f-42ff-b259-726ede4e408f","actor_username":"emirpuente31@gmail.com","actor_via_sso":false,"log_type":"token"}	2025-04-25 03:08:37.254176+00	
00000000-0000-0000-0000-000000000000	58d0c364-090d-4a6d-99b8-de5750293bfc	{"action":"logout","actor_id":"5f096705-11c3-49b1-b42c-d7bd17a75439","actor_username":"a01741300@tec.mx","actor_via_sso":false,"log_type":"account"}	2025-05-16 22:18:22.046676+00	
00000000-0000-0000-0000-000000000000	99b9395a-4fb8-4a98-8503-4bff966f509a	{"action":"token_revoked","actor_id":"9950b2e9-632f-42ff-b259-726ede4e408f","actor_username":"emirpuente31@gmail.com","actor_via_sso":false,"log_type":"token"}	2025-04-25 03:08:37.257637+00	
00000000-0000-0000-0000-000000000000	1acc3fe7-8299-48d0-b84d-75f1b56a8d1f	{"action":"token_refreshed","actor_id":"7478c90f-4de7-494d-ae79-fc28756dc4ab","actor_username":"a01741300@tec.mx","actor_via_sso":false,"log_type":"token"}	2025-04-25 03:24:30.686695+00	
00000000-0000-0000-0000-000000000000	eb9f1894-af6d-48cd-be16-65f95bc6a9b3	{"action":"token_revoked","actor_id":"7478c90f-4de7-494d-ae79-fc28756dc4ab","actor_username":"a01741300@tec.mx","actor_via_sso":false,"log_type":"token"}	2025-04-25 03:24:30.688576+00	
00000000-0000-0000-0000-000000000000	395d2d17-0f83-451c-982b-927b1b162a06	{"action":"token_refreshed","actor_id":"06e8e948-5dd3-4b5f-b314-25fa5cd5893b","actor_username":"a01198327@tec.mx","actor_via_sso":false,"log_type":"token"}	2025-04-25 03:30:26.409114+00	
00000000-0000-0000-0000-000000000000	7a970b88-32e5-4972-adfe-0756f328c455	{"action":"token_revoked","actor_id":"06e8e948-5dd3-4b5f-b314-25fa5cd5893b","actor_username":"a01198327@tec.mx","actor_via_sso":false,"log_type":"token"}	2025-04-25 03:30:26.412085+00	
00000000-0000-0000-0000-000000000000	1a8b8017-5a7e-4ac6-b99d-7222f3125942	{"action":"token_refreshed","actor_id":"06e8e948-5dd3-4b5f-b314-25fa5cd5893b","actor_username":"a01198327@tec.mx","actor_via_sso":false,"log_type":"token"}	2025-04-25 03:30:32.007474+00	
00000000-0000-0000-0000-000000000000	0eed6a06-a646-4e60-a4ed-952b053b32fe	{"action":"token_revoked","actor_id":"06e8e948-5dd3-4b5f-b314-25fa5cd5893b","actor_username":"a01198327@tec.mx","actor_via_sso":false,"log_type":"token"}	2025-04-25 03:30:32.008178+00	
00000000-0000-0000-0000-000000000000	ec88ce00-4d28-4d32-9124-fc7ed003df88	{"action":"token_refreshed","actor_id":"ff98b050-236d-4a28-8aea-567f03b9f3c3","actor_username":"rantonion2004@outlook.com","actor_via_sso":false,"log_type":"token"}	2025-04-25 03:32:51.800197+00	
00000000-0000-0000-0000-000000000000	48a9e1f5-c713-4df1-ad72-823bd507acae	{"action":"token_revoked","actor_id":"ff98b050-236d-4a28-8aea-567f03b9f3c3","actor_username":"rantonion2004@outlook.com","actor_via_sso":false,"log_type":"token"}	2025-04-25 03:32:51.801848+00	
00000000-0000-0000-0000-000000000000	93d637dd-f41c-4a17-a80f-029dd0f8dc0b	{"action":"logout","actor_id":"7478c90f-4de7-494d-ae79-fc28756dc4ab","actor_username":"a01741300@tec.mx","actor_via_sso":false,"log_type":"account"}	2025-04-25 04:11:44.390661+00	
00000000-0000-0000-0000-000000000000	db559f0c-795b-4a35-a209-e54410262b99	{"action":"login","actor_id":"412b6cda-4dbd-4bec-832e-1509eaf56414","actor_username":"capability@g.com","actor_via_sso":false,"log_type":"account","traits":{"provider":"email"}}	2025-04-25 04:12:54.977825+00	
00000000-0000-0000-0000-000000000000	1d7e1e5c-c21e-4c9b-9f73-04d6bd9ceefe	{"action":"token_refreshed","actor_id":"ef15530b-dd57-4e43-a6ab-a04aa7b3a979","actor_username":"caso@g.com","actor_via_sso":false,"log_type":"token"}	2025-04-25 04:44:24.421696+00	
00000000-0000-0000-0000-000000000000	6a0c19ca-b88b-4169-a9b5-38625c87fb45	{"action":"token_revoked","actor_id":"ef15530b-dd57-4e43-a6ab-a04aa7b3a979","actor_username":"caso@g.com","actor_via_sso":false,"log_type":"token"}	2025-04-25 04:44:24.42756+00	
00000000-0000-0000-0000-000000000000	d6ccdba5-4a8f-475d-a6f4-5d3a14332adc	{"action":"login","actor_id":"7478c90f-4de7-494d-ae79-fc28756dc4ab","actor_username":"a01741300@tec.mx","actor_via_sso":false,"log_type":"account","traits":{"provider":"email"}}	2025-04-25 04:44:37.034242+00	
00000000-0000-0000-0000-000000000000	8430a19e-c977-4880-8f38-47a8df7b811a	{"action":"token_refreshed","actor_id":"ff98b050-236d-4a28-8aea-567f03b9f3c3","actor_username":"rantonion2004@outlook.com","actor_via_sso":false,"log_type":"token"}	2025-04-25 04:46:47.894984+00	
00000000-0000-0000-0000-000000000000	1bd2a401-1db9-4322-8fad-55cba06d669c	{"action":"token_revoked","actor_id":"ff98b050-236d-4a28-8aea-567f03b9f3c3","actor_username":"rantonion2004@outlook.com","actor_via_sso":false,"log_type":"token"}	2025-04-25 04:46:47.897146+00	
00000000-0000-0000-0000-000000000000	f8c09bbc-f73c-4387-aaf4-052b125a72b3	{"action":"logout","actor_id":"412b6cda-4dbd-4bec-832e-1509eaf56414","actor_username":"capability@g.com","actor_via_sso":false,"log_type":"account"}	2025-04-25 04:47:18.410612+00	
00000000-0000-0000-0000-000000000000	8adb66f4-b450-4a35-866d-49d4b095ae59	{"action":"login","actor_id":"7478c90f-4de7-494d-ae79-fc28756dc4ab","actor_username":"a01741300@tec.mx","actor_via_sso":false,"log_type":"account","traits":{"provider":"email"}}	2025-04-25 04:47:31.987809+00	
00000000-0000-0000-0000-000000000000	3ef20dfb-4f1c-4fcf-b3e1-49fc594b70ae	{"action":"login","actor_id":"ff98b050-236d-4a28-8aea-567f03b9f3c3","actor_username":"rantonion2004@outlook.com","actor_via_sso":false,"log_type":"account","traits":{"provider":"email"}}	2025-04-25 04:49:24.730836+00	
00000000-0000-0000-0000-000000000000	4711d09f-3675-4205-94c4-29c4d0506258	{"action":"token_refreshed","actor_id":"06e8e948-5dd3-4b5f-b314-25fa5cd5893b","actor_username":"a01198327@tec.mx","actor_via_sso":false,"log_type":"token"}	2025-04-25 04:59:56.922719+00	
00000000-0000-0000-0000-000000000000	19cf6514-85f9-4816-9ca2-32eb318a2252	{"action":"token_revoked","actor_id":"06e8e948-5dd3-4b5f-b314-25fa5cd5893b","actor_username":"a01198327@tec.mx","actor_via_sso":false,"log_type":"token"}	2025-04-25 04:59:56.929543+00	
00000000-0000-0000-0000-000000000000	d5b94269-609b-4084-953b-838a6fc14a85	{"action":"token_refreshed","actor_id":"7dfad126-2905-431a-829b-fcae851fe102","actor_username":"a01722728@tec.mx","actor_via_sso":false,"log_type":"token"}	2025-04-25 05:12:08.685161+00	
00000000-0000-0000-0000-000000000000	404f3937-8147-4443-aa75-9a1bdd1b28b1	{"action":"token_revoked","actor_id":"7dfad126-2905-431a-829b-fcae851fe102","actor_username":"a01722728@tec.mx","actor_via_sso":false,"log_type":"token"}	2025-04-25 05:12:08.695554+00	
00000000-0000-0000-0000-000000000000	16c58c0e-ba8a-4b87-99dc-7897ee690b0c	{"action":"login","actor_id":"7dfad126-2905-431a-829b-fcae851fe102","actor_username":"a01722728@tec.mx","actor_via_sso":false,"log_type":"account","traits":{"provider":"email"}}	2025-04-25 05:12:11.288139+00	
00000000-0000-0000-0000-000000000000	d46e34b0-5ff4-4e54-8305-f3f789620169	{"action":"login","actor_id":"7dfad126-2905-431a-829b-fcae851fe102","actor_username":"a01722728@tec.mx","actor_via_sso":false,"log_type":"account","traits":{"provider":"email"}}	2025-04-25 05:12:12.06596+00	
00000000-0000-0000-0000-000000000000	2f5fabeb-4bfa-40f6-a025-16e33ab0a807	{"action":"token_refreshed","actor_id":"ff98b050-236d-4a28-8aea-567f03b9f3c3","actor_username":"rantonion2004@outlook.com","actor_via_sso":false,"log_type":"token"}	2025-04-25 05:47:46.49976+00	
00000000-0000-0000-0000-000000000000	d35cf5c9-aabe-4da0-8080-11295c913722	{"action":"token_revoked","actor_id":"ff98b050-236d-4a28-8aea-567f03b9f3c3","actor_username":"rantonion2004@outlook.com","actor_via_sso":false,"log_type":"token"}	2025-04-25 05:47:46.507918+00	
00000000-0000-0000-0000-000000000000	f09e4c1b-fa7c-4ddd-bc30-aa19f725e0d2	{"action":"token_refreshed","actor_id":"06e8e948-5dd3-4b5f-b314-25fa5cd5893b","actor_username":"a01198327@tec.mx","actor_via_sso":false,"log_type":"token"}	2025-04-25 06:04:09.423435+00	
00000000-0000-0000-0000-000000000000	455807ed-225b-4962-9c76-188d4cff1654	{"action":"token_revoked","actor_id":"06e8e948-5dd3-4b5f-b314-25fa5cd5893b","actor_username":"a01198327@tec.mx","actor_via_sso":false,"log_type":"token"}	2025-04-25 06:04:09.430431+00	
00000000-0000-0000-0000-000000000000	29342dcc-cd55-4278-8da6-dafa803b9bd6	{"action":"token_refreshed","actor_id":"7dfad126-2905-431a-829b-fcae851fe102","actor_username":"a01722728@tec.mx","actor_via_sso":false,"log_type":"token"}	2025-04-25 06:11:12.922221+00	
00000000-0000-0000-0000-000000000000	955e9331-7a91-4eeb-bfa8-8fb31f0b28b6	{"action":"token_revoked","actor_id":"7dfad126-2905-431a-829b-fcae851fe102","actor_username":"a01722728@tec.mx","actor_via_sso":false,"log_type":"token"}	2025-04-25 06:11:12.925767+00	
00000000-0000-0000-0000-000000000000	23ae550c-4378-42da-91d3-7519d023bed0	{"action":"token_refreshed","actor_id":"7478c90f-4de7-494d-ae79-fc28756dc4ab","actor_username":"a01741300@tec.mx","actor_via_sso":false,"log_type":"token"}	2025-04-25 06:19:12.881603+00	
00000000-0000-0000-0000-000000000000	5e2f54c1-5229-469a-9837-60a54b715c9c	{"action":"token_revoked","actor_id":"7478c90f-4de7-494d-ae79-fc28756dc4ab","actor_username":"a01741300@tec.mx","actor_via_sso":false,"log_type":"token"}	2025-04-25 06:19:12.883786+00	
00000000-0000-0000-0000-000000000000	5d5fe992-bc35-4442-ab82-6b45879bb8a9	{"action":"token_refreshed","actor_id":"ff98b050-236d-4a28-8aea-567f03b9f3c3","actor_username":"rantonion2004@outlook.com","actor_via_sso":false,"log_type":"token"}	2025-04-25 06:52:37.320768+00	
00000000-0000-0000-0000-000000000000	18e1e61c-e6f9-4637-8ba3-99afb3319881	{"action":"token_revoked","actor_id":"ff98b050-236d-4a28-8aea-567f03b9f3c3","actor_username":"rantonion2004@outlook.com","actor_via_sso":false,"log_type":"token"}	2025-04-25 06:52:37.334367+00	
00000000-0000-0000-0000-000000000000	ae316d98-9b40-48c3-b40c-d5f3ede3f3ef	{"action":"token_refreshed","actor_id":"06e8e948-5dd3-4b5f-b314-25fa5cd5893b","actor_username":"a01198327@tec.mx","actor_via_sso":false,"log_type":"token"}	2025-04-25 07:04:18.024511+00	
00000000-0000-0000-0000-000000000000	85c33563-909e-4b0a-9838-9d8eaa3a51ec	{"action":"token_revoked","actor_id":"06e8e948-5dd3-4b5f-b314-25fa5cd5893b","actor_username":"a01198327@tec.mx","actor_via_sso":false,"log_type":"token"}	2025-04-25 07:04:18.041503+00	
00000000-0000-0000-0000-000000000000	01f802b3-31e8-4c24-a724-293783d28ceb	{"action":"token_refreshed","actor_id":"7dfad126-2905-431a-829b-fcae851fe102","actor_username":"a01722728@tec.mx","actor_via_sso":false,"log_type":"token"}	2025-04-25 07:09:19.930156+00	
00000000-0000-0000-0000-000000000000	dbebeb4a-1ff3-4bf6-a18f-6027b3178e39	{"action":"token_revoked","actor_id":"7dfad126-2905-431a-829b-fcae851fe102","actor_username":"a01722728@tec.mx","actor_via_sso":false,"log_type":"token"}	2025-04-25 07:09:19.93322+00	
00000000-0000-0000-0000-000000000000	0747c02c-6804-41d1-8aef-1b25172c1263	{"action":"token_refreshed","actor_id":"7478c90f-4de7-494d-ae79-fc28756dc4ab","actor_username":"a01741300@tec.mx","actor_via_sso":false,"log_type":"token"}	2025-04-25 07:19:04.664278+00	
00000000-0000-0000-0000-000000000000	f672ba71-2d5c-4b6c-aacf-c7cfb58d49bb	{"action":"token_revoked","actor_id":"7478c90f-4de7-494d-ae79-fc28756dc4ab","actor_username":"a01741300@tec.mx","actor_via_sso":false,"log_type":"token"}	2025-04-25 07:19:04.667957+00	
00000000-0000-0000-0000-000000000000	238ab54a-c67a-4bdc-8751-835ba20b8da3	{"action":"token_refreshed","actor_id":"ff98b050-236d-4a28-8aea-567f03b9f3c3","actor_username":"rantonion2004@outlook.com","actor_via_sso":false,"log_type":"token"}	2025-04-25 07:54:28.568499+00	
00000000-0000-0000-0000-000000000000	a46644da-42f2-4b61-92df-56b5b3df88f0	{"action":"token_revoked","actor_id":"ff98b050-236d-4a28-8aea-567f03b9f3c3","actor_username":"rantonion2004@outlook.com","actor_via_sso":false,"log_type":"token"}	2025-04-25 07:54:28.580624+00	
00000000-0000-0000-0000-000000000000	cf64cdc3-83ad-494e-99ec-d58757104e5d	{"action":"token_refreshed","actor_id":"7dfad126-2905-431a-829b-fcae851fe102","actor_username":"a01722728@tec.mx","actor_via_sso":false,"log_type":"token"}	2025-04-25 08:08:07.955384+00	
00000000-0000-0000-0000-000000000000	f6db7ff6-0c3d-49f9-821e-89ea95c09de5	{"action":"token_revoked","actor_id":"7dfad126-2905-431a-829b-fcae851fe102","actor_username":"a01722728@tec.mx","actor_via_sso":false,"log_type":"token"}	2025-04-25 08:08:07.961522+00	
00000000-0000-0000-0000-000000000000	3e083a5e-a445-4132-b4b0-27ddf86aacd7	{"action":"token_refreshed","actor_id":"06e8e948-5dd3-4b5f-b314-25fa5cd5893b","actor_username":"a01198327@tec.mx","actor_via_sso":false,"log_type":"token"}	2025-04-25 08:19:43.064845+00	
00000000-0000-0000-0000-000000000000	510e5aec-c05b-4bda-aedc-77ce2ef9a14a	{"action":"token_revoked","actor_id":"06e8e948-5dd3-4b5f-b314-25fa5cd5893b","actor_username":"a01198327@tec.mx","actor_via_sso":false,"log_type":"token"}	2025-04-25 08:19:43.06692+00	
00000000-0000-0000-0000-000000000000	9cc772f9-de61-4d96-8fb8-004e2f587cf3	{"action":"token_refreshed","actor_id":"7478c90f-4de7-494d-ae79-fc28756dc4ab","actor_username":"a01741300@tec.mx","actor_via_sso":false,"log_type":"token"}	2025-04-25 08:25:11.026868+00	
00000000-0000-0000-0000-000000000000	8134927c-9ad9-4c9b-bb31-4ad31d22284e	{"action":"token_revoked","actor_id":"7478c90f-4de7-494d-ae79-fc28756dc4ab","actor_username":"a01741300@tec.mx","actor_via_sso":false,"log_type":"token"}	2025-04-25 08:25:11.028367+00	
00000000-0000-0000-0000-000000000000	219f5a64-77a8-424f-87c0-be4ec3609410	{"action":"token_refreshed","actor_id":"9950b2e9-632f-42ff-b259-726ede4e408f","actor_username":"emirpuente31@gmail.com","actor_via_sso":false,"log_type":"token"}	2025-04-25 08:48:07.499248+00	
00000000-0000-0000-0000-000000000000	78820012-77b5-4a58-95cc-8436ebaa2500	{"action":"token_revoked","actor_id":"9950b2e9-632f-42ff-b259-726ede4e408f","actor_username":"emirpuente31@gmail.com","actor_via_sso":false,"log_type":"token"}	2025-04-25 08:48:07.515335+00	
00000000-0000-0000-0000-000000000000	f7318b2f-201f-4d6b-a626-be626a5e071f	{"action":"token_refreshed","actor_id":"ff98b050-236d-4a28-8aea-567f03b9f3c3","actor_username":"rantonion2004@outlook.com","actor_via_sso":false,"log_type":"token"}	2025-04-25 08:53:10.755962+00	
00000000-0000-0000-0000-000000000000	9355a9e3-2b53-4b21-beab-e77ebdc319fb	{"action":"token_revoked","actor_id":"ff98b050-236d-4a28-8aea-567f03b9f3c3","actor_username":"rantonion2004@outlook.com","actor_via_sso":false,"log_type":"token"}	2025-04-25 08:53:10.75844+00	
00000000-0000-0000-0000-000000000000	1da701ec-3aee-41cc-ad90-42d934596a26	{"action":"token_refreshed","actor_id":"7dfad126-2905-431a-829b-fcae851fe102","actor_username":"a01722728@tec.mx","actor_via_sso":false,"log_type":"token"}	2025-04-25 09:06:22.611955+00	
00000000-0000-0000-0000-000000000000	257494c0-a830-451b-893a-b087e0b8424c	{"action":"token_revoked","actor_id":"7dfad126-2905-431a-829b-fcae851fe102","actor_username":"a01722728@tec.mx","actor_via_sso":false,"log_type":"token"}	2025-04-25 09:06:22.625488+00	
00000000-0000-0000-0000-000000000000	ec415a8e-9637-4b47-93bf-ed527ac2dbd7	{"action":"token_refreshed","actor_id":"7478c90f-4de7-494d-ae79-fc28756dc4ab","actor_username":"a01741300@tec.mx","actor_via_sso":false,"log_type":"token"}	2025-04-25 09:29:56.834292+00	
00000000-0000-0000-0000-000000000000	edff6ce9-fb58-4040-905d-b946562c64a4	{"action":"token_revoked","actor_id":"7478c90f-4de7-494d-ae79-fc28756dc4ab","actor_username":"a01741300@tec.mx","actor_via_sso":false,"log_type":"token"}	2025-04-25 09:29:56.856614+00	
00000000-0000-0000-0000-000000000000	7ec382cd-f73a-4fa0-bb4c-b2b762f41413	{"action":"token_refreshed","actor_id":"9950b2e9-632f-42ff-b259-726ede4e408f","actor_username":"emirpuente31@gmail.com","actor_via_sso":false,"log_type":"token"}	2025-04-25 09:48:48.580245+00	
00000000-0000-0000-0000-000000000000	ff36be60-f229-48dd-ac29-5140e27a1095	{"action":"token_revoked","actor_id":"9950b2e9-632f-42ff-b259-726ede4e408f","actor_username":"emirpuente31@gmail.com","actor_via_sso":false,"log_type":"token"}	2025-04-25 09:48:48.602421+00	
00000000-0000-0000-0000-000000000000	4233189d-26c7-49cb-9bbc-baca8dd9576b	{"action":"token_refreshed","actor_id":"ff98b050-236d-4a28-8aea-567f03b9f3c3","actor_username":"rantonion2004@outlook.com","actor_via_sso":false,"log_type":"token"}	2025-04-25 09:51:15.743082+00	
00000000-0000-0000-0000-000000000000	503191be-886b-418d-b833-1f8329b35c55	{"action":"token_revoked","actor_id":"ff98b050-236d-4a28-8aea-567f03b9f3c3","actor_username":"rantonion2004@outlook.com","actor_via_sso":false,"log_type":"token"}	2025-04-25 09:51:15.74566+00	
00000000-0000-0000-0000-000000000000	3e5c9031-d856-4f51-95bc-d38d4f590949	{"action":"token_refreshed","actor_id":"7dfad126-2905-431a-829b-fcae851fe102","actor_username":"a01722728@tec.mx","actor_via_sso":false,"log_type":"token"}	2025-04-25 10:15:12.730128+00	
00000000-0000-0000-0000-000000000000	037835ef-5718-4c52-8eab-d552be420f66	{"action":"token_revoked","actor_id":"7dfad126-2905-431a-829b-fcae851fe102","actor_username":"a01722728@tec.mx","actor_via_sso":false,"log_type":"token"}	2025-04-25 10:15:12.744914+00	
00000000-0000-0000-0000-000000000000	25977226-9c8a-4770-bf50-ee5987495102	{"action":"token_refreshed","actor_id":"06e8e948-5dd3-4b5f-b314-25fa5cd5893b","actor_username":"a01198327@tec.mx","actor_via_sso":false,"log_type":"token"}	2025-04-25 10:32:10.123474+00	
00000000-0000-0000-0000-000000000000	6c6a2d92-56f1-423b-a320-400507ccc636	{"action":"token_revoked","actor_id":"06e8e948-5dd3-4b5f-b314-25fa5cd5893b","actor_username":"a01198327@tec.mx","actor_via_sso":false,"log_type":"token"}	2025-04-25 10:32:10.133008+00	
00000000-0000-0000-0000-000000000000	34705a39-96b3-4ace-be03-31365474f85d	{"action":"token_refreshed","actor_id":"ff98b050-236d-4a28-8aea-567f03b9f3c3","actor_username":"rantonion2004@outlook.com","actor_via_sso":false,"log_type":"token"}	2025-04-25 10:57:51.906674+00	
00000000-0000-0000-0000-000000000000	564b3a7a-cc6f-4ac7-a0e1-c8a06afd6694	{"action":"token_revoked","actor_id":"ff98b050-236d-4a28-8aea-567f03b9f3c3","actor_username":"rantonion2004@outlook.com","actor_via_sso":false,"log_type":"token"}	2025-04-25 10:57:51.915469+00	
00000000-0000-0000-0000-000000000000	fa944b9f-5f40-45e1-86ea-6684d253fcee	{"action":"login","actor_id":"ff98b050-236d-4a28-8aea-567f03b9f3c3","actor_username":"rantonion2004@outlook.com","actor_via_sso":false,"log_type":"account","traits":{"provider":"email"}}	2025-04-25 10:58:13.820469+00	
00000000-0000-0000-0000-000000000000	e7dbfee2-d9e3-4adf-82eb-c2c0dd47f083	{"action":"token_refreshed","actor_id":"7478c90f-4de7-494d-ae79-fc28756dc4ab","actor_username":"a01741300@tec.mx","actor_via_sso":false,"log_type":"token"}	2025-04-25 10:59:35.349496+00	
00000000-0000-0000-0000-000000000000	bc4c7523-9338-4a1e-82b2-a1f6733be8bd	{"action":"token_revoked","actor_id":"7478c90f-4de7-494d-ae79-fc28756dc4ab","actor_username":"a01741300@tec.mx","actor_via_sso":false,"log_type":"token"}	2025-04-25 10:59:35.350161+00	
00000000-0000-0000-0000-000000000000	b8e4e5e2-e9cf-4a89-abfc-7d991b35572a	{"action":"login","actor_id":"ff98b050-236d-4a28-8aea-567f03b9f3c3","actor_username":"rantonion2004@outlook.com","actor_via_sso":false,"log_type":"account","traits":{"provider":"email"}}	2025-04-25 11:05:03.605427+00	
00000000-0000-0000-0000-000000000000	f7c33874-1a87-4322-827c-96410d233d5a	{"action":"login","actor_id":"ff98b050-236d-4a28-8aea-567f03b9f3c3","actor_username":"rantonion2004@outlook.com","actor_via_sso":false,"log_type":"account","traits":{"provider":"email"}}	2025-04-25 11:52:02.972689+00	
00000000-0000-0000-0000-000000000000	08bf6fce-da01-45a4-955e-4aa58806d87f	{"action":"login","actor_id":"ff98b050-236d-4a28-8aea-567f03b9f3c3","actor_username":"rantonion2004@outlook.com","actor_via_sso":false,"log_type":"account","traits":{"provider":"email"}}	2025-04-25 11:53:16.144282+00	
00000000-0000-0000-0000-000000000000	7794152e-c60d-4ac5-8d2d-5bbebf259c8a	{"action":"login","actor_id":"ff98b050-236d-4a28-8aea-567f03b9f3c3","actor_username":"rantonion2004@outlook.com","actor_via_sso":false,"log_type":"account","traits":{"provider":"email"}}	2025-04-25 11:54:52.825394+00	
00000000-0000-0000-0000-000000000000	8a95b31e-1478-434f-8713-d4a2ae7c40da	{"action":"user_recovery_requested","actor_id":"ff98b050-236d-4a28-8aea-567f03b9f3c3","actor_username":"rantonion2004@outlook.com","actor_via_sso":false,"log_type":"user"}	2025-04-25 11:55:23.096204+00	
00000000-0000-0000-0000-000000000000	6b6ab36a-ae14-4fd0-9a13-00ce23555a1d	{"action":"login","actor_id":"ff98b050-236d-4a28-8aea-567f03b9f3c3","actor_username":"rantonion2004@outlook.com","actor_via_sso":false,"log_type":"account"}	2025-04-25 11:56:28.918027+00	
00000000-0000-0000-0000-000000000000	afbcabf2-936d-4131-afdf-048d5dc36e42	{"action":"user_updated_password","actor_id":"ff98b050-236d-4a28-8aea-567f03b9f3c3","actor_username":"rantonion2004@outlook.com","actor_via_sso":false,"log_type":"user"}	2025-04-25 11:56:39.97544+00	
00000000-0000-0000-0000-000000000000	e54dc16f-7f51-4d63-a2e3-f00b0972595f	{"action":"user_modified","actor_id":"ff98b050-236d-4a28-8aea-567f03b9f3c3","actor_username":"rantonion2004@outlook.com","actor_via_sso":false,"log_type":"user"}	2025-04-25 11:56:39.977174+00	
00000000-0000-0000-0000-000000000000	8925fe3d-02b5-475e-9e64-55f8ab2493e1	{"action":"login","actor_id":"ff98b050-236d-4a28-8aea-567f03b9f3c3","actor_username":"rantonion2004@outlook.com","actor_via_sso":false,"log_type":"account","traits":{"provider":"email"}}	2025-04-25 11:56:52.335202+00	
00000000-0000-0000-0000-000000000000	1875071a-c93e-4ddf-82eb-7a433878add3	{"action":"token_refreshed","actor_id":"7478c90f-4de7-494d-ae79-fc28756dc4ab","actor_username":"a01741300@tec.mx","actor_via_sso":false,"log_type":"token"}	2025-04-25 11:59:17.221049+00	
00000000-0000-0000-0000-000000000000	32689dc2-ba03-4dde-b62e-34b9c9523e92	{"action":"token_revoked","actor_id":"7478c90f-4de7-494d-ae79-fc28756dc4ab","actor_username":"a01741300@tec.mx","actor_via_sso":false,"log_type":"token"}	2025-04-25 11:59:17.222627+00	
00000000-0000-0000-0000-000000000000	f612844e-974d-4d1d-8506-c59ef8b4d9b8	{"action":"login","actor_id":"ff98b050-236d-4a28-8aea-567f03b9f3c3","actor_username":"rantonion2004@outlook.com","actor_via_sso":false,"log_type":"account","traits":{"provider":"email"}}	2025-04-25 12:05:54.36+00	
00000000-0000-0000-0000-000000000000	f54748e2-327f-4037-98ae-0c6a047734c6	{"action":"token_refreshed","actor_id":"7478c90f-4de7-494d-ae79-fc28756dc4ab","actor_username":"a01741300@tec.mx","actor_via_sso":false,"log_type":"token"}	2025-04-25 12:35:28.321986+00	
00000000-0000-0000-0000-000000000000	796c8325-53de-45b2-b296-d7429c5e67f8	{"action":"token_revoked","actor_id":"7478c90f-4de7-494d-ae79-fc28756dc4ab","actor_username":"a01741300@tec.mx","actor_via_sso":false,"log_type":"token"}	2025-04-25 12:35:28.325084+00	
00000000-0000-0000-0000-000000000000	f56065ce-af17-4fad-98b6-8c0b9c68fa24	{"action":"login","actor_id":"7478c90f-4de7-494d-ae79-fc28756dc4ab","actor_username":"a01741300@tec.mx","actor_via_sso":false,"log_type":"account","traits":{"provider":"email"}}	2025-04-25 12:35:37.99836+00	
00000000-0000-0000-0000-000000000000	848cad32-4dd5-463d-8ad7-e3aea248b700	{"action":"token_refreshed","actor_id":"7478c90f-4de7-494d-ae79-fc28756dc4ab","actor_username":"a01741300@tec.mx","actor_via_sso":false,"log_type":"token"}	2025-04-25 12:57:38.07423+00	
00000000-0000-0000-0000-000000000000	fbba2016-ab6d-4c5d-a664-0c4f163c26cc	{"action":"token_revoked","actor_id":"7478c90f-4de7-494d-ae79-fc28756dc4ab","actor_username":"a01741300@tec.mx","actor_via_sso":false,"log_type":"token"}	2025-04-25 12:57:38.076246+00	
00000000-0000-0000-0000-000000000000	6fdf6ae3-eb4c-4250-9309-c578cf4540a8	{"action":"token_refreshed","actor_id":"ff98b050-236d-4a28-8aea-567f03b9f3c3","actor_username":"rantonion2004@outlook.com","actor_via_sso":false,"log_type":"token"}	2025-04-25 13:04:40.935715+00	
00000000-0000-0000-0000-000000000000	591e8901-4554-474c-8dc6-4b42b6f9c387	{"action":"token_revoked","actor_id":"ff98b050-236d-4a28-8aea-567f03b9f3c3","actor_username":"rantonion2004@outlook.com","actor_via_sso":false,"log_type":"token"}	2025-04-25 13:04:40.93864+00	
00000000-0000-0000-0000-000000000000	3994874d-af99-464a-b4be-c445c5682d98	{"action":"login","actor_id":"7478c90f-4de7-494d-ae79-fc28756dc4ab","actor_username":"a01741300@tec.mx","actor_via_sso":false,"log_type":"account","traits":{"provider":"email"}}	2025-04-25 13:18:37.306863+00	
00000000-0000-0000-0000-000000000000	16e9dfe5-4e40-4e57-9950-783782f75870	{"action":"login","actor_id":"ff98b050-236d-4a28-8aea-567f03b9f3c3","actor_username":"rantonion2004@outlook.com","actor_via_sso":false,"log_type":"account","traits":{"provider":"email"}}	2025-04-25 13:31:40.151399+00	
00000000-0000-0000-0000-000000000000	c267b1e0-962f-42f4-82c1-1d8610f38564	{"action":"login","actor_id":"ff98b050-236d-4a28-8aea-567f03b9f3c3","actor_username":"rantonion2004@outlook.com","actor_via_sso":false,"log_type":"account","traits":{"provider":"email"}}	2025-04-25 13:33:00.018052+00	
00000000-0000-0000-0000-000000000000	34775432-9144-4a6a-9cc7-d59410eca750	{"action":"token_refreshed","actor_id":"7478c90f-4de7-494d-ae79-fc28756dc4ab","actor_username":"a01741300@tec.mx","actor_via_sso":false,"log_type":"token"}	2025-04-25 14:48:44.581746+00	
00000000-0000-0000-0000-000000000000	82305706-97c6-4431-87e1-1c13f53c1626	{"action":"token_revoked","actor_id":"7478c90f-4de7-494d-ae79-fc28756dc4ab","actor_username":"a01741300@tec.mx","actor_via_sso":false,"log_type":"token"}	2025-04-25 14:48:44.59098+00	
00000000-0000-0000-0000-000000000000	a125c3ac-9e78-4092-a825-e323cb6528bf	{"action":"login","actor_id":"7478c90f-4de7-494d-ae79-fc28756dc4ab","actor_username":"a01741300@tec.mx","actor_via_sso":false,"log_type":"account","traits":{"provider":"email"}}	2025-04-25 14:48:58.908648+00	
00000000-0000-0000-0000-000000000000	4110bbcb-37f2-469d-b080-bb1c22dbf337	{"action":"token_refreshed","actor_id":"7478c90f-4de7-494d-ae79-fc28756dc4ab","actor_username":"a01741300@tec.mx","actor_via_sso":false,"log_type":"token"}	2025-04-25 15:15:27.985036+00	
00000000-0000-0000-0000-000000000000	448de084-5dfc-4ef9-826f-4cd69c47cea3	{"action":"token_revoked","actor_id":"7478c90f-4de7-494d-ae79-fc28756dc4ab","actor_username":"a01741300@tec.mx","actor_via_sso":false,"log_type":"token"}	2025-04-25 15:15:27.988177+00	
00000000-0000-0000-0000-000000000000	4c2efb92-f315-425a-95c4-d057245d0630	{"action":"login","actor_id":"7478c90f-4de7-494d-ae79-fc28756dc4ab","actor_username":"a01741300@tec.mx","actor_via_sso":false,"log_type":"account","traits":{"provider":"email"}}	2025-04-25 15:15:38.82311+00	
00000000-0000-0000-0000-000000000000	faa4faef-1b56-44e9-b980-799c7c4d2945	{"action":"token_refreshed","actor_id":"ff98b050-236d-4a28-8aea-567f03b9f3c3","actor_username":"rantonion2004@outlook.com","actor_via_sso":false,"log_type":"token"}	2025-04-25 15:38:51.444591+00	
00000000-0000-0000-0000-000000000000	e2fdabcc-4013-4a39-a53d-9a651c731929	{"action":"token_revoked","actor_id":"ff98b050-236d-4a28-8aea-567f03b9f3c3","actor_username":"rantonion2004@outlook.com","actor_via_sso":false,"log_type":"token"}	2025-04-25 15:38:51.44812+00	
00000000-0000-0000-0000-000000000000	5a5180d1-9ed2-4c04-8bd5-b0c1d863ac2c	{"action":"token_refreshed","actor_id":"06e8e948-5dd3-4b5f-b314-25fa5cd5893b","actor_username":"a01198327@tec.mx","actor_via_sso":false,"log_type":"token"}	2025-04-25 15:55:40.557081+00	
00000000-0000-0000-0000-000000000000	9fc0b0cd-ab3d-4fd2-a0c0-34d4edca92e9	{"action":"token_revoked","actor_id":"06e8e948-5dd3-4b5f-b314-25fa5cd5893b","actor_username":"a01198327@tec.mx","actor_via_sso":false,"log_type":"token"}	2025-04-25 15:55:40.563284+00	
00000000-0000-0000-0000-000000000000	b4bf4191-7291-4aac-b054-192f6d05a4a3	{"action":"login","actor_id":"06e8e948-5dd3-4b5f-b314-25fa5cd5893b","actor_username":"a01198327@tec.mx","actor_via_sso":false,"log_type":"account","traits":{"provider":"email"}}	2025-04-25 15:56:21.732914+00	
00000000-0000-0000-0000-000000000000	ffafd8f4-2b3b-4989-ad6b-0fed38ec486b	{"action":"token_refreshed","actor_id":"7478c90f-4de7-494d-ae79-fc28756dc4ab","actor_username":"a01741300@tec.mx","actor_via_sso":false,"log_type":"token"}	2025-04-25 16:13:42.524894+00	
00000000-0000-0000-0000-000000000000	976b8b5f-1c12-459d-b6d9-cdd1dad38c72	{"action":"token_revoked","actor_id":"7478c90f-4de7-494d-ae79-fc28756dc4ab","actor_username":"a01741300@tec.mx","actor_via_sso":false,"log_type":"token"}	2025-04-25 16:13:42.535897+00	
00000000-0000-0000-0000-000000000000	fd7d1ee0-9f7e-4c39-97ac-4c03671a401f	{"action":"user_signedup","actor_id":"007641ab-7526-4329-b4e4-c3473a05af8d","actor_username":"aks@gmail.com","actor_via_sso":false,"log_type":"team","traits":{"provider":"email"}}	2025-04-25 16:42:57.405029+00	
00000000-0000-0000-0000-000000000000	c0f2e852-94b1-492d-82ab-e386ec149849	{"action":"login","actor_id":"007641ab-7526-4329-b4e4-c3473a05af8d","actor_username":"aks@gmail.com","actor_via_sso":false,"log_type":"account","traits":{"provider":"email"}}	2025-04-25 16:42:57.413656+00	
00000000-0000-0000-0000-000000000000	44c6f78d-fd68-4c08-a824-123767105481	{"action":"token_refreshed","actor_id":"06e8e948-5dd3-4b5f-b314-25fa5cd5893b","actor_username":"a01198327@tec.mx","actor_via_sso":false,"log_type":"token"}	2025-04-25 17:00:44.500565+00	
00000000-0000-0000-0000-000000000000	ae4940fa-87ce-4092-91b8-5c418a512e4e	{"action":"token_revoked","actor_id":"06e8e948-5dd3-4b5f-b314-25fa5cd5893b","actor_username":"a01198327@tec.mx","actor_via_sso":false,"log_type":"token"}	2025-04-25 17:00:44.50308+00	
00000000-0000-0000-0000-000000000000	82d00e26-0d39-4776-a51d-816d009bfbf7	{"action":"login","actor_id":"06e8e948-5dd3-4b5f-b314-25fa5cd5893b","actor_username":"a01198327@tec.mx","actor_via_sso":false,"log_type":"account","traits":{"provider":"email"}}	2025-04-25 17:00:54.421931+00	
00000000-0000-0000-0000-000000000000	17b460f0-6b1f-4568-84bf-f75d06b82192	{"action":"token_refreshed","actor_id":"007641ab-7526-4329-b4e4-c3473a05af8d","actor_username":"aks@gmail.com","actor_via_sso":false,"log_type":"token"}	2025-04-25 17:41:09.353835+00	
00000000-0000-0000-0000-000000000000	fe98ac11-121a-45d1-bb28-3f9669fd6c19	{"action":"token_revoked","actor_id":"007641ab-7526-4329-b4e4-c3473a05af8d","actor_username":"aks@gmail.com","actor_via_sso":false,"log_type":"token"}	2025-04-25 17:41:09.356521+00	
00000000-0000-0000-0000-000000000000	e07cc233-7d85-48af-9914-11cb7170b8dd	{"action":"logout","actor_id":"007641ab-7526-4329-b4e4-c3473a05af8d","actor_username":"aks@gmail.com","actor_via_sso":false,"log_type":"account"}	2025-04-25 17:49:37.551288+00	
00000000-0000-0000-0000-000000000000	89feb2e9-4d58-4dc9-aafc-dae66f0db38d	{"action":"user_deleted","actor_id":"00000000-0000-0000-0000-000000000000","actor_username":"service_role","actor_via_sso":false,"log_type":"team","traits":{"user_email":"zi@tec.mx","user_id":"577146a4-87b1-4f34-9bb1-824140ff4c54","user_phone":""}}	2025-04-25 17:53:22.974473+00	
00000000-0000-0000-0000-000000000000	bc8c0d1c-f6c7-4045-b6f9-261ff9320872	{"action":"user_deleted","actor_id":"00000000-0000-0000-0000-000000000000","actor_username":"service_role","actor_via_sso":false,"log_type":"team","traits":{"user_email":"amogus@a.com","user_id":"d2f63e49-f24d-4cda-8ff8-9056d6ee4bea","user_phone":""}}	2025-04-25 17:53:22.982498+00	
00000000-0000-0000-0000-000000000000	ff6b2581-d280-4fd8-b8c8-b30ff21a6dcb	{"action":"user_deleted","actor_id":"00000000-0000-0000-0000-000000000000","actor_username":"service_role","actor_via_sso":false,"log_type":"team","traits":{"user_email":"a01198327@tec.mx","user_id":"06e8e948-5dd3-4b5f-b314-25fa5cd5893b","user_phone":""}}	2025-04-25 17:53:23.001043+00	
00000000-0000-0000-0000-000000000000	a6791156-5bb4-4bf0-9859-e91ba4d020ed	{"action":"user_deleted","actor_id":"00000000-0000-0000-0000-000000000000","actor_username":"service_role","actor_via_sso":false,"log_type":"team","traits":{"user_email":"zic@tec.mx","user_id":"809bf7bd-14ec-4553-9e37-90a697149799","user_phone":""}}	2025-04-25 17:53:23.01282+00	
00000000-0000-0000-0000-000000000000	4889e565-0d1d-4ef2-83c9-ad6f68196217	{"action":"user_deleted","actor_id":"00000000-0000-0000-0000-000000000000","actor_username":"service_role","actor_via_sso":false,"log_type":"team","traits":{"user_email":"talent@g.com","user_id":"0475f20b-25ce-485e-95cc-bd729859637d","user_phone":""}}	2025-04-25 17:53:23.00824+00	
00000000-0000-0000-0000-000000000000	e28b6f79-0a27-4e67-a6a9-991a3b822210	{"action":"user_deleted","actor_id":"00000000-0000-0000-0000-000000000000","actor_username":"service_role","actor_via_sso":false,"log_type":"team","traits":{"user_email":"ajd@tec.mx","user_id":"392c88d5-a2c3-4a14-88d1-2d84bc8133c5","user_phone":""}}	2025-04-25 17:53:23.021943+00	
00000000-0000-0000-0000-000000000000	cc0ff80d-2142-4b70-9a95-d93048499fa1	{"action":"user_deleted","actor_id":"00000000-0000-0000-0000-000000000000","actor_username":"service_role","actor_via_sso":false,"log_type":"team","traits":{"user_email":"test02@g.com","user_id":"b314f0e1-5f44-48a5-9a99-30387795843c","user_phone":""}}	2025-04-25 17:53:23.022437+00	
00000000-0000-0000-0000-000000000000	f9085e18-bacb-4a64-b875-08b6da13857c	{"action":"user_deleted","actor_id":"00000000-0000-0000-0000-000000000000","actor_username":"service_role","actor_via_sso":false,"log_type":"team","traits":{"user_email":"oi@c.c","user_id":"0a38c26c-3a86-42cb-b39b-c9c76848f0e5","user_phone":""}}	2025-04-25 17:53:23.029294+00	
00000000-0000-0000-0000-000000000000	6f641229-11cd-4f99-839e-aba809d81072	{"action":"user_deleted","actor_id":"00000000-0000-0000-0000-000000000000","actor_username":"service_role","actor_via_sso":false,"log_type":"team","traits":{"user_email":"kjsnd@h.co","user_id":"a0a40b5c-c8be-40f1-ae42-d8bb32677c8e","user_phone":""}}	2025-04-25 17:53:23.031176+00	
00000000-0000-0000-0000-000000000000	37ab9025-335e-4372-98ca-2e0d04d9a678	{"action":"user_deleted","actor_id":"00000000-0000-0000-0000-000000000000","actor_username":"service_role","actor_via_sso":false,"log_type":"team","traits":{"user_email":"liz@g.com","user_id":"7ff2a62c-ef30-4c1e-8465-57ada3bb6897","user_phone":""}}	2025-04-25 17:53:23.035555+00	
00000000-0000-0000-0000-000000000000	25212202-f61e-49db-8d0e-a12d522a9da7	{"action":"user_deleted","actor_id":"00000000-0000-0000-0000-000000000000","actor_username":"service_role","actor_via_sso":false,"log_type":"team","traits":{"user_email":"delivery@g.com","user_id":"66297fcd-b66d-4deb-ad5b-f24ba1dfd26a","user_phone":""}}	2025-04-25 17:53:23.041585+00	
00000000-0000-0000-0000-000000000000	dd264c4b-be5b-4d49-880d-f4710fbf72ed	{"action":"user_deleted","actor_id":"00000000-0000-0000-0000-000000000000","actor_username":"service_role","actor_via_sso":false,"log_type":"team","traits":{"user_email":"capability@g.com","user_id":"412b6cda-4dbd-4bec-832e-1509eaf56414","user_phone":""}}	2025-04-25 17:53:23.042303+00	
00000000-0000-0000-0000-000000000000	7d448a4e-7b89-43be-b1f6-cc4a8b6186d7	{"action":"user_deleted","actor_id":"00000000-0000-0000-0000-000000000000","actor_username":"service_role","actor_via_sso":false,"log_type":"team","traits":{"user_email":"sd@tec.mx","user_id":"37a795b1-0a19-41ca-a09c-805dc258ac38","user_phone":""}}	2025-04-25 17:53:23.039563+00	
00000000-0000-0000-0000-000000000000	8833329d-eef6-47fb-886c-41e4d03055e7	{"action":"user_deleted","actor_id":"00000000-0000-0000-0000-000000000000","actor_username":"service_role","actor_via_sso":false,"log_type":"team","traits":{"user_email":"caso@g.com","user_id":"ef15530b-dd57-4e43-a6ab-a04aa7b3a979","user_phone":""}}	2025-04-25 17:53:23.05232+00	
00000000-0000-0000-0000-000000000000	818a92e8-2ea6-47d5-9257-96ac2e688c9f	{"action":"user_deleted","actor_id":"00000000-0000-0000-0000-000000000000","actor_username":"service_role","actor_via_sso":false,"log_type":"team","traits":{"user_email":"zy2@gmail.com","user_id":"9cdc8f90-0c14-4d94-bfba-45c371b30735","user_phone":""}}	2025-04-25 17:53:23.058386+00	
00000000-0000-0000-0000-000000000000	cd1fdff6-8615-4436-b271-a0057e0512a3	{"action":"user_deleted","actor_id":"00000000-0000-0000-0000-000000000000","actor_username":"service_role","actor_via_sso":false,"log_type":"team","traits":{"user_email":"aks@gmail.com","user_id":"007641ab-7526-4329-b4e4-c3473a05af8d","user_phone":""}}	2025-04-25 17:53:23.062171+00	
00000000-0000-0000-0000-000000000000	cd30a1d1-0a54-4f0e-b042-d2cccf6b2415	{"action":"user_deleted","actor_id":"00000000-0000-0000-0000-000000000000","actor_username":"service_role","actor_via_sso":false,"log_type":"team","traits":{"user_email":"peoplelead@g.com","user_id":"53080ade-33ee-4342-ae5e-9683f4368b6a","user_phone":""}}	2025-04-25 17:53:23.072382+00	
00000000-0000-0000-0000-000000000000	5cd04f18-e391-4c0f-8320-5fdfb2a64962	{"action":"token_revoked","actor_id":"36abc818-b3a6-440f-933a-79ff41fe5b67","actor_username":"a01722728@tec.mx","actor_via_sso":false,"log_type":"token"}	2025-05-14 18:46:19.718617+00	
00000000-0000-0000-0000-000000000000	44186934-d8f1-46b7-b555-04426b80d9a6	{"action":"token_refreshed","actor_id":"36abc818-b3a6-440f-933a-79ff41fe5b67","actor_username":"a01722728@tec.mx","actor_via_sso":false,"log_type":"token"}	2025-05-14 18:46:19.808056+00	
00000000-0000-0000-0000-000000000000	4272f816-ce64-4dea-8cdf-4229f2e51d3a	{"action":"token_revoked","actor_id":"36abc818-b3a6-440f-933a-79ff41fe5b67","actor_username":"a01722728@tec.mx","actor_via_sso":false,"log_type":"token"}	2025-05-14 18:46:19.808628+00	
00000000-0000-0000-0000-000000000000	1c69c6a3-afaa-4181-b812-f82a6915986f	{"action":"token_refreshed","actor_id":"36abc818-b3a6-440f-933a-79ff41fe5b67","actor_username":"a01722728@tec.mx","actor_via_sso":false,"log_type":"token"}	2025-05-14 18:46:47.023487+00	
00000000-0000-0000-0000-000000000000	f8314f2f-98d4-42b1-9b77-148a83cfc729	{"action":"token_revoked","actor_id":"36abc818-b3a6-440f-933a-79ff41fe5b67","actor_username":"a01722728@tec.mx","actor_via_sso":false,"log_type":"token"}	2025-05-14 18:46:47.024177+00	
00000000-0000-0000-0000-000000000000	4548c826-36d5-4581-8896-f62c24d373a2	{"action":"login","actor_id":"36abc818-b3a6-440f-933a-79ff41fe5b67","actor_username":"a01722728@tec.mx","actor_via_sso":false,"log_type":"account","traits":{"provider":"email"}}	2025-05-14 18:46:54.896327+00	
00000000-0000-0000-0000-000000000000	859cecd2-98d1-4b68-93ce-b11710c5e12a	{"action":"token_refreshed","actor_id":"36abc818-b3a6-440f-933a-79ff41fe5b67","actor_username":"a01722728@tec.mx","actor_via_sso":false,"log_type":"token"}	2025-05-14 18:46:55.002826+00	
00000000-0000-0000-0000-000000000000	66238f44-1a8a-4bbd-9c97-58d3c1c8897f	{"action":"token_revoked","actor_id":"36abc818-b3a6-440f-933a-79ff41fe5b67","actor_username":"a01722728@tec.mx","actor_via_sso":false,"log_type":"token"}	2025-05-14 18:46:55.003515+00	
00000000-0000-0000-0000-000000000000	51b7076c-a164-43d2-9f4f-feafe28ca8fb	{"action":"token_refreshed","actor_id":"36abc818-b3a6-440f-933a-79ff41fe5b67","actor_username":"a01722728@tec.mx","actor_via_sso":false,"log_type":"token"}	2025-05-14 18:46:55.116086+00	
00000000-0000-0000-0000-000000000000	cd588448-1643-4928-b5a4-d70fc1dda9f1	{"action":"token_revoked","actor_id":"36abc818-b3a6-440f-933a-79ff41fe5b67","actor_username":"a01722728@tec.mx","actor_via_sso":false,"log_type":"token"}	2025-05-14 18:46:55.118641+00	
00000000-0000-0000-0000-000000000000	165b6497-6b49-49cf-942d-556549081f48	{"action":"token_refreshed","actor_id":"36abc818-b3a6-440f-933a-79ff41fe5b67","actor_username":"a01722728@tec.mx","actor_via_sso":false,"log_type":"token"}	2025-05-14 18:46:55.222276+00	
00000000-0000-0000-0000-000000000000	1ca79da0-73a8-4e3a-9aaa-0a09f7d5cbf8	{"action":"token_revoked","actor_id":"36abc818-b3a6-440f-933a-79ff41fe5b67","actor_username":"a01722728@tec.mx","actor_via_sso":false,"log_type":"token"}	2025-05-14 18:46:55.230342+00	
00000000-0000-0000-0000-000000000000	9949d0e3-3050-4796-89f2-528b01a6f6cd	{"action":"token_refreshed","actor_id":"36abc818-b3a6-440f-933a-79ff41fe5b67","actor_username":"a01722728@tec.mx","actor_via_sso":false,"log_type":"token"}	2025-05-14 18:46:55.337158+00	
00000000-0000-0000-0000-000000000000	ae4e17c1-b83d-45aa-8d1b-1e6b714bed09	{"action":"token_revoked","actor_id":"36abc818-b3a6-440f-933a-79ff41fe5b67","actor_username":"a01722728@tec.mx","actor_via_sso":false,"log_type":"token"}	2025-05-14 18:46:55.337754+00	
00000000-0000-0000-0000-000000000000	3bcd3519-f57d-48d3-a377-f2b97dfd20c8	{"action":"token_refreshed","actor_id":"36abc818-b3a6-440f-933a-79ff41fe5b67","actor_username":"a01722728@tec.mx","actor_via_sso":false,"log_type":"token"}	2025-05-14 18:46:55.474073+00	
00000000-0000-0000-0000-000000000000	a29c89a0-6448-49c5-9217-521c8b09f2c1	{"action":"token_revoked","actor_id":"36abc818-b3a6-440f-933a-79ff41fe5b67","actor_username":"a01722728@tec.mx","actor_via_sso":false,"log_type":"token"}	2025-05-14 18:46:55.474698+00	
00000000-0000-0000-0000-000000000000	5f605f40-fc4f-4287-8e39-151312f3c9fd	{"action":"login","actor_id":"36abc818-b3a6-440f-933a-79ff41fe5b67","actor_username":"a01722728@tec.mx","actor_via_sso":false,"log_type":"account","traits":{"provider":"email"}}	2025-05-14 18:46:55.599268+00	
00000000-0000-0000-0000-000000000000	1b6eb2ae-e5dd-42cd-935c-086a82d83117	{"action":"token_refreshed","actor_id":"36abc818-b3a6-440f-933a-79ff41fe5b67","actor_username":"a01722728@tec.mx","actor_via_sso":false,"log_type":"token"}	2025-05-14 18:46:55.721534+00	
00000000-0000-0000-0000-000000000000	76461e84-1be4-473d-a6c8-df60a0046b4a	{"action":"token_revoked","actor_id":"36abc818-b3a6-440f-933a-79ff41fe5b67","actor_username":"a01722728@tec.mx","actor_via_sso":false,"log_type":"token"}	2025-05-14 18:46:55.722165+00	
00000000-0000-0000-0000-000000000000	9c90d9bc-f4c2-4e29-9040-03185495114c	{"action":"token_refreshed","actor_id":"36abc818-b3a6-440f-933a-79ff41fe5b67","actor_username":"a01722728@tec.mx","actor_via_sso":false,"log_type":"token"}	2025-05-14 18:46:55.939609+00	
00000000-0000-0000-0000-000000000000	a2d2d48e-4d59-460f-996a-061de9d02811	{"action":"token_revoked","actor_id":"36abc818-b3a6-440f-933a-79ff41fe5b67","actor_username":"a01722728@tec.mx","actor_via_sso":false,"log_type":"token"}	2025-05-14 18:46:55.940241+00	
00000000-0000-0000-0000-000000000000	7d7609f9-bd03-46ac-b1e7-ec8fae1d3125	{"action":"token_refreshed","actor_id":"36abc818-b3a6-440f-933a-79ff41fe5b67","actor_username":"a01722728@tec.mx","actor_via_sso":false,"log_type":"token"}	2025-05-14 18:46:56.040247+00	
00000000-0000-0000-0000-000000000000	62a9c029-f73b-4008-af6c-e455c7db8374	{"action":"token_revoked","actor_id":"36abc818-b3a6-440f-933a-79ff41fe5b67","actor_username":"a01722728@tec.mx","actor_via_sso":false,"log_type":"token"}	2025-05-14 18:46:56.040856+00	
00000000-0000-0000-0000-000000000000	a62184f6-4d70-4ddf-9927-e661093eb199	{"action":"token_refreshed","actor_id":"36abc818-b3a6-440f-933a-79ff41fe5b67","actor_username":"a01722728@tec.mx","actor_via_sso":false,"log_type":"token"}	2025-05-14 18:46:56.171297+00	
00000000-0000-0000-0000-000000000000	278d42f7-cdb1-4faa-bdb2-fd4815a36077	{"action":"token_revoked","actor_id":"36abc818-b3a6-440f-933a-79ff41fe5b67","actor_username":"a01722728@tec.mx","actor_via_sso":false,"log_type":"token"}	2025-05-14 18:46:56.171916+00	
00000000-0000-0000-0000-000000000000	2b971f2c-9ab3-48d1-bd6a-3d06b0a984ca	{"action":"token_refreshed","actor_id":"36abc818-b3a6-440f-933a-79ff41fe5b67","actor_username":"a01722728@tec.mx","actor_via_sso":false,"log_type":"token"}	2025-05-14 18:46:56.3113+00	
00000000-0000-0000-0000-000000000000	31c160d6-d4a5-4c09-aac6-ec11f4435755	{"action":"token_revoked","actor_id":"36abc818-b3a6-440f-933a-79ff41fe5b67","actor_username":"a01722728@tec.mx","actor_via_sso":false,"log_type":"token"}	2025-05-14 18:46:56.311942+00	
00000000-0000-0000-0000-000000000000	3a8479f2-65fb-4057-89ee-ee8275015d60	{"action":"token_refreshed","actor_id":"36abc818-b3a6-440f-933a-79ff41fe5b67","actor_username":"a01722728@tec.mx","actor_via_sso":false,"log_type":"token"}	2025-05-14 18:46:56.444006+00	
00000000-0000-0000-0000-000000000000	8ff2863c-1deb-4e6c-98ab-ce28be69d03b	{"action":"token_revoked","actor_id":"36abc818-b3a6-440f-933a-79ff41fe5b67","actor_username":"a01722728@tec.mx","actor_via_sso":false,"log_type":"token"}	2025-05-14 18:46:56.444667+00	
00000000-0000-0000-0000-000000000000	78361ec0-bee1-48f5-9eb3-4df30342fc24	{"action":"token_refreshed","actor_id":"36abc818-b3a6-440f-933a-79ff41fe5b67","actor_username":"a01722728@tec.mx","actor_via_sso":false,"log_type":"token"}	2025-05-14 18:46:56.549896+00	
00000000-0000-0000-0000-000000000000	6a035cd7-d762-4a5b-9912-6006e5eab09c	{"action":"user_deleted","actor_id":"00000000-0000-0000-0000-000000000000","actor_username":"service_role","actor_via_sso":false,"log_type":"team","traits":{"user_email":"jorgebcarriles@outlook.com","user_id":"c0534a2b-cecc-444e-99a4-acb9f7eca6de","user_phone":""}}	2025-04-25 17:54:05.940679+00	
00000000-0000-0000-0000-000000000000	59f3c7ab-1dcf-4664-b60e-b476dedc01f4	{"action":"user_deleted","actor_id":"00000000-0000-0000-0000-000000000000","actor_username":"service_role","actor_via_sso":false,"log_type":"team","traits":{"user_email":"amn@gmail.com","user_id":"6eb32f88-231e-4237-9f93-6689a94b624d","user_phone":""}}	2025-04-25 17:54:05.955197+00	
00000000-0000-0000-0000-000000000000	42a07f5d-0d84-41fc-b3c5-0985be0fb348	{"action":"user_deleted","actor_id":"00000000-0000-0000-0000-000000000000","actor_username":"service_role","actor_via_sso":false,"log_type":"team","traits":{"user_email":"a@gmail.com","user_id":"b47428a9-2529-4a4a-b02f-5c42648e88a9","user_phone":""}}	2025-04-25 17:54:05.998625+00	
00000000-0000-0000-0000-000000000000	810de81b-a179-45ab-8293-ec84294880c7	{"action":"user_deleted","actor_id":"00000000-0000-0000-0000-000000000000","actor_username":"service_role","actor_via_sso":false,"log_type":"team","traits":{"user_email":"yi@gmail.com","user_id":"9d6ddaee-5f7c-4cef-8705-6db6a8d11109","user_phone":""}}	2025-04-25 17:54:06.006988+00	
00000000-0000-0000-0000-000000000000	e8f42502-bf2c-44c8-bc17-94591a9d16a7	{"action":"user_deleted","actor_id":"00000000-0000-0000-0000-000000000000","actor_username":"service_role","actor_via_sso":false,"log_type":"team","traits":{"user_email":"xnhs@gmail.com","user_id":"c3886a9b-c360-4fec-b16d-058747789ee2","user_phone":""}}	2025-04-25 17:54:06.026461+00	
00000000-0000-0000-0000-000000000000	f387ad29-a919-4b81-aff7-453c8800c0ba	{"action":"user_deleted","actor_id":"00000000-0000-0000-0000-000000000000","actor_username":"service_role","actor_via_sso":false,"log_type":"team","traits":{"user_email":"rantonion2004@outlook.com","user_id":"ff98b050-236d-4a28-8aea-567f03b9f3c3","user_phone":""}}	2025-04-25 17:54:06.088485+00	
00000000-0000-0000-0000-000000000000	c1869942-3c4d-4b55-9966-d9a225a26f3f	{"action":"user_deleted","actor_id":"00000000-0000-0000-0000-000000000000","actor_username":"service_role","actor_via_sso":false,"log_type":"team","traits":{"user_email":"a3@cd.mx","user_id":"204b4114-7454-40dd-afd4-d4521f0c2558","user_phone":""}}	2025-04-25 17:54:06.098076+00	
00000000-0000-0000-0000-000000000000	bfd2feeb-d9fc-40da-bace-81db0a54cd16	{"action":"user_deleted","actor_id":"00000000-0000-0000-0000-000000000000","actor_username":"service_role","actor_via_sso":false,"log_type":"team","traits":{"user_email":"auch@gmail.com","user_id":"2eadd525-41bd-4c5d-9073-faf9c6b91714","user_phone":""}}	2025-04-25 17:54:06.105933+00	
00000000-0000-0000-0000-000000000000	7c5204be-4de7-4b75-9fb7-7d76ba9f7688	{"action":"user_deleted","actor_id":"00000000-0000-0000-0000-000000000000","actor_username":"service_role","actor_via_sso":false,"log_type":"team","traits":{"user_email":"rikytellez04@gmail.com","user_id":"ecdca837-6a64-41a9-9642-196ffac92612","user_phone":""}}	2025-04-25 17:54:06.125691+00	
00000000-0000-0000-0000-000000000000	5d0ae8b0-d889-4716-9832-03a5e3a88531	{"action":"user_deleted","actor_id":"00000000-0000-0000-0000-000000000000","actor_username":"service_role","actor_via_sso":false,"log_type":"team","traits":{"user_email":"axsax@gmail.com","user_id":"a004e928-2b22-4749-ad53-9232297705be","user_phone":""}}	2025-04-25 17:54:06.154327+00	
00000000-0000-0000-0000-000000000000	8ee44fe6-d76b-44d0-9850-29a02285a739	{"action":"user_deleted","actor_id":"00000000-0000-0000-0000-000000000000","actor_username":"service_role","actor_via_sso":false,"log_type":"team","traits":{"user_email":"emirpuente31@gmail.com","user_id":"9950b2e9-632f-42ff-b259-726ede4e408f","user_phone":""}}	2025-04-25 17:54:06.164134+00	
00000000-0000-0000-0000-000000000000	60e9dedd-6aee-411a-afc2-e01363a7fc44	{"action":"user_deleted","actor_id":"00000000-0000-0000-0000-000000000000","actor_username":"service_role","actor_via_sso":false,"log_type":"team","traits":{"user_email":"test@t.com","user_id":"31fbe58a-c798-401a-b2aa-c06726293956","user_phone":""}}	2025-04-25 17:54:06.167854+00	
00000000-0000-0000-0000-000000000000	c4afdb44-50fc-4fe1-8587-9b8cc849c7cb	{"action":"user_deleted","actor_id":"00000000-0000-0000-0000-000000000000","actor_username":"service_role","actor_via_sso":false,"log_type":"team","traits":{"user_email":"a01198676@tec.mx","user_id":"564b41de-e4a1-4e56-bff7-c0681abc0718","user_phone":""}}	2025-04-25 17:54:06.179012+00	
00000000-0000-0000-0000-000000000000	44c2267f-c6d8-474b-9cfe-4f89ae437e30	{"action":"login","actor_id":"5ad0bb87-f4fc-413c-adba-ef4b0b9402d1","actor_username":"a01198327@tec.mx","actor_via_sso":false,"log_type":"account","traits":{"provider":"email"}}	2025-04-25 20:58:31.81958+00	
00000000-0000-0000-0000-000000000000	7db7045c-d732-4e68-8f0f-cf2e657c1b4e	{"action":"login","actor_id":"5f096705-11c3-49b1-b42c-d7bd17a75439","actor_username":"a01741300@tec.mx","actor_via_sso":false,"log_type":"account","traits":{"provider":"email"}}	2025-04-25 20:59:28.971971+00	
00000000-0000-0000-0000-000000000000	9ab0ceaf-ab75-4a07-8606-22c7219db6bc	{"action":"login","actor_id":"5f096705-11c3-49b1-b42c-d7bd17a75439","actor_username":"a01741300@tec.mx","actor_via_sso":false,"log_type":"account","traits":{"provider":"email"}}	2025-04-30 18:18:03.09129+00	
00000000-0000-0000-0000-000000000000	a3c2095f-4705-4c5c-b71b-4b70c558ad77	{"action":"token_refreshed","actor_id":"386e63ba-dc8f-4af6-9447-44f7976a4a0c","actor_username":"rantonion2004@outlook.com","actor_via_sso":false,"log_type":"token"}	2025-05-14 08:40:44.832741+00	
00000000-0000-0000-0000-000000000000	80cacce3-ac60-4a43-aaab-420fb9a6e4ff	{"action":"token_revoked","actor_id":"386e63ba-dc8f-4af6-9447-44f7976a4a0c","actor_username":"rantonion2004@outlook.com","actor_via_sso":false,"log_type":"token"}	2025-05-14 08:40:44.840068+00	
00000000-0000-0000-0000-000000000000	3bc92807-1188-4eb3-a60d-e0ea049590bf	{"action":"token_revoked","actor_id":"36abc818-b3a6-440f-933a-79ff41fe5b67","actor_username":"a01722728@tec.mx","actor_via_sso":false,"log_type":"token"}	2025-05-14 18:46:06.09397+00	
00000000-0000-0000-0000-000000000000	54d318c0-7247-4ae9-8911-4545ac93a922	{"action":"token_refreshed","actor_id":"36abc818-b3a6-440f-933a-79ff41fe5b67","actor_username":"a01722728@tec.mx","actor_via_sso":false,"log_type":"token"}	2025-05-14 18:46:06.480602+00	
00000000-0000-0000-0000-000000000000	9f7d3c8d-b322-494c-9b69-832ab8780018	{"action":"token_revoked","actor_id":"36abc818-b3a6-440f-933a-79ff41fe5b67","actor_username":"a01722728@tec.mx","actor_via_sso":false,"log_type":"token"}	2025-05-14 18:46:06.481937+00	
00000000-0000-0000-0000-000000000000	d760863f-e535-4f95-a35d-e75cbe9374d5	{"action":"token_refreshed","actor_id":"36abc818-b3a6-440f-933a-79ff41fe5b67","actor_username":"a01722728@tec.mx","actor_via_sso":false,"log_type":"token"}	2025-05-14 18:46:06.568622+00	
00000000-0000-0000-0000-000000000000	dd07392e-a21a-478d-9e95-c7f3375ea1ce	{"action":"token_revoked","actor_id":"36abc818-b3a6-440f-933a-79ff41fe5b67","actor_username":"a01722728@tec.mx","actor_via_sso":false,"log_type":"token"}	2025-05-14 18:46:06.569313+00	
00000000-0000-0000-0000-000000000000	3ed17a91-9f75-4469-85f6-e9af3bef000a	{"action":"token_refreshed","actor_id":"36abc818-b3a6-440f-933a-79ff41fe5b67","actor_username":"a01722728@tec.mx","actor_via_sso":false,"log_type":"token"}	2025-05-14 18:46:06.657865+00	
00000000-0000-0000-0000-000000000000	3ea19249-5108-425c-9482-7f1014c89bcf	{"action":"token_revoked","actor_id":"36abc818-b3a6-440f-933a-79ff41fe5b67","actor_username":"a01722728@tec.mx","actor_via_sso":false,"log_type":"token"}	2025-05-14 18:46:06.658493+00	
00000000-0000-0000-0000-000000000000	d6423d23-0f70-4034-900c-1ececfb84636	{"action":"token_refreshed","actor_id":"36abc818-b3a6-440f-933a-79ff41fe5b67","actor_username":"a01722728@tec.mx","actor_via_sso":false,"log_type":"token"}	2025-05-14 18:46:06.744903+00	
00000000-0000-0000-0000-000000000000	46988e2c-296c-4029-a466-b936c4661810	{"action":"token_revoked","actor_id":"36abc818-b3a6-440f-933a-79ff41fe5b67","actor_username":"a01722728@tec.mx","actor_via_sso":false,"log_type":"token"}	2025-05-14 18:46:06.748159+00	
00000000-0000-0000-0000-000000000000	c0d1b822-f09d-4027-8708-c5ef52ce7614	{"action":"token_refreshed","actor_id":"36abc818-b3a6-440f-933a-79ff41fe5b67","actor_username":"a01722728@tec.mx","actor_via_sso":false,"log_type":"token"}	2025-05-14 18:46:06.835754+00	
00000000-0000-0000-0000-000000000000	5951db37-4729-4f4b-b2da-b9fcf4726912	{"action":"user_deleted","actor_id":"00000000-0000-0000-0000-000000000000","actor_username":"service_role","actor_via_sso":false,"log_type":"team","traits":{"user_email":"a01722728@tec.mx","user_id":"7dfad126-2905-431a-829b-fcae851fe102","user_phone":""}}	2025-04-25 17:54:06.092674+00	
00000000-0000-0000-0000-000000000000	3189a8e4-a9fd-41f0-a4dd-15d66bcf6d01	{"action":"user_deleted","actor_id":"00000000-0000-0000-0000-000000000000","actor_username":"service_role","actor_via_sso":false,"log_type":"team","traits":{"user_email":"axd1@gmail.com","user_id":"a57aab4d-0c82-479b-91cd-2502a0c7dac8","user_phone":""}}	2025-04-25 17:54:06.157469+00	
00000000-0000-0000-0000-000000000000	b7f4fd43-2205-46d9-8ca6-ab9b1ff8eb3e	{"action":"user_deleted","actor_id":"00000000-0000-0000-0000-000000000000","actor_username":"service_role","actor_via_sso":false,"log_type":"team","traits":{"user_email":"abssh@g.com","user_id":"0e41703f-9367-446f-ab66-0c5477edda65","user_phone":""}}	2025-04-25 17:54:06.162315+00	
00000000-0000-0000-0000-000000000000	4ad6dd0b-66b1-4f87-a92e-ee8d8295ef89	{"action":"user_deleted","actor_id":"00000000-0000-0000-0000-000000000000","actor_username":"service_role","actor_via_sso":false,"log_type":"team","traits":{"user_email":"davidminirey04@gmail.com","user_id":"17be3a68-8d97-4557-85e8-8e8cc9ecbc13","user_phone":""}}	2025-04-25 17:54:06.170951+00	
00000000-0000-0000-0000-000000000000	ada8b8c1-2b87-4833-8f79-3edd1b02db27	{"action":"user_deleted","actor_id":"00000000-0000-0000-0000-000000000000","actor_username":"service_role","actor_via_sso":false,"log_type":"team","traits":{"user_email":"rikytellez04@hotmail.com","user_id":"31f3a821-66c2-42eb-8def-2880197e8a7d","user_phone":""}}	2025-04-25 17:54:06.178769+00	
00000000-0000-0000-0000-000000000000	aef96cb0-b24d-4c30-a268-790ebf1395cd	{"action":"login","actor_id":"5ad0bb87-f4fc-413c-adba-ef4b0b9402d1","actor_username":"a01198327@tec.mx","actor_via_sso":false,"log_type":"account","traits":{"provider":"email"}}	2025-04-25 21:01:27.095289+00	
00000000-0000-0000-0000-000000000000	7e32c6f8-7e63-486f-a197-e1904385ba88	{"action":"login","actor_id":"5ad0bb87-f4fc-413c-adba-ef4b0b9402d1","actor_username":"a01198327@tec.mx","actor_via_sso":false,"log_type":"account","traits":{"provider":"email"}}	2025-04-25 21:02:09.371117+00	
00000000-0000-0000-0000-000000000000	5dda46ab-381c-43ef-bade-867506d3692a	{"action":"login","actor_id":"5f096705-11c3-49b1-b42c-d7bd17a75439","actor_username":"a01741300@tec.mx","actor_via_sso":false,"log_type":"account","traits":{"provider":"email"}}	2025-05-02 00:13:59.016647+00	
00000000-0000-0000-0000-000000000000	a6b60498-13df-4a09-913f-976e7cc397ed	{"action":"token_refreshed","actor_id":"386e63ba-dc8f-4af6-9447-44f7976a4a0c","actor_username":"rantonion2004@outlook.com","actor_via_sso":false,"log_type":"token"}	2025-05-14 09:39:03.492286+00	
00000000-0000-0000-0000-000000000000	62f87e8d-1438-4514-b355-85affdd86409	{"action":"token_revoked","actor_id":"386e63ba-dc8f-4af6-9447-44f7976a4a0c","actor_username":"rantonion2004@outlook.com","actor_via_sso":false,"log_type":"token"}	2025-05-14 09:39:03.495559+00	
00000000-0000-0000-0000-000000000000	c82721eb-316d-4c20-b34f-1e5203c9bafd	{"action":"token_revoked","actor_id":"36abc818-b3a6-440f-933a-79ff41fe5b67","actor_username":"a01722728@tec.mx","actor_via_sso":false,"log_type":"token"}	2025-05-14 18:46:06.836465+00	
00000000-0000-0000-0000-000000000000	d00d13fe-9c2b-42e1-87cf-a4d2964f644d	{"action":"token_refreshed","actor_id":"36abc818-b3a6-440f-933a-79ff41fe5b67","actor_username":"a01722728@tec.mx","actor_via_sso":false,"log_type":"token"}	2025-05-14 18:46:07.050151+00	
00000000-0000-0000-0000-000000000000	7e1af85e-2f6d-4fc6-9189-65f3249928e0	{"action":"token_revoked","actor_id":"36abc818-b3a6-440f-933a-79ff41fe5b67","actor_username":"a01722728@tec.mx","actor_via_sso":false,"log_type":"token"}	2025-05-14 18:46:07.050795+00	
00000000-0000-0000-0000-000000000000	3ad3b5a4-1f0c-4a2f-afa2-b8453c1852f2	{"action":"token_refreshed","actor_id":"36abc818-b3a6-440f-933a-79ff41fe5b67","actor_username":"a01722728@tec.mx","actor_via_sso":false,"log_type":"token"}	2025-05-14 18:46:08.432525+00	
00000000-0000-0000-0000-000000000000	b8dfa200-9133-4ef4-89c3-10445a1d4494	{"action":"token_revoked","actor_id":"36abc818-b3a6-440f-933a-79ff41fe5b67","actor_username":"a01722728@tec.mx","actor_via_sso":false,"log_type":"token"}	2025-05-14 18:46:08.433141+00	
00000000-0000-0000-0000-000000000000	9d4211d6-098f-42f4-8e95-2937093169ef	{"action":"token_refreshed","actor_id":"36abc818-b3a6-440f-933a-79ff41fe5b67","actor_username":"a01722728@tec.mx","actor_via_sso":false,"log_type":"token"}	2025-05-14 18:46:08.643299+00	
00000000-0000-0000-0000-000000000000	1e9821f9-e79a-484f-93c9-aa491fe5d65d	{"action":"token_revoked","actor_id":"36abc818-b3a6-440f-933a-79ff41fe5b67","actor_username":"a01722728@tec.mx","actor_via_sso":false,"log_type":"token"}	2025-05-14 18:46:08.644013+00	
00000000-0000-0000-0000-000000000000	7d6f77b0-54fd-4da8-9270-54310e855fa7	{"action":"token_refreshed","actor_id":"36abc818-b3a6-440f-933a-79ff41fe5b67","actor_username":"a01722728@tec.mx","actor_via_sso":false,"log_type":"token"}	2025-05-14 18:46:08.847977+00	
00000000-0000-0000-0000-000000000000	9392af05-4fcc-414c-94a0-5306ef9e3c34	{"action":"token_revoked","actor_id":"36abc818-b3a6-440f-933a-79ff41fe5b67","actor_username":"a01722728@tec.mx","actor_via_sso":false,"log_type":"token"}	2025-05-14 18:46:08.848709+00	
00000000-0000-0000-0000-000000000000	f4ec77f7-192a-4d1c-bf75-7b3cf0cdb721	{"action":"token_refreshed","actor_id":"36abc818-b3a6-440f-933a-79ff41fe5b67","actor_username":"a01722728@tec.mx","actor_via_sso":false,"log_type":"token"}	2025-05-14 18:46:08.938013+00	
00000000-0000-0000-0000-000000000000	cd186b14-f5d1-4d04-a484-13eadffc8ce6	{"action":"token_revoked","actor_id":"36abc818-b3a6-440f-933a-79ff41fe5b67","actor_username":"a01722728@tec.mx","actor_via_sso":false,"log_type":"token"}	2025-05-14 18:46:08.938728+00	
00000000-0000-0000-0000-000000000000	8aab5bc3-879e-4441-88ca-f42dd36f4ade	{"action":"token_refreshed","actor_id":"36abc818-b3a6-440f-933a-79ff41fe5b67","actor_username":"a01722728@tec.mx","actor_via_sso":false,"log_type":"token"}	2025-05-14 18:46:09.030567+00	
00000000-0000-0000-0000-000000000000	2c3fa4a8-7cda-41a5-9e6b-2551649cee40	{"action":"token_revoked","actor_id":"36abc818-b3a6-440f-933a-79ff41fe5b67","actor_username":"a01722728@tec.mx","actor_via_sso":false,"log_type":"token"}	2025-05-14 18:46:09.031149+00	
00000000-0000-0000-0000-000000000000	7b33e77e-0f0f-4592-942e-d8a63d1d7d04	{"action":"token_refreshed","actor_id":"36abc818-b3a6-440f-933a-79ff41fe5b67","actor_username":"a01722728@tec.mx","actor_via_sso":false,"log_type":"token"}	2025-05-14 18:46:09.119713+00	
00000000-0000-0000-0000-000000000000	8e237f5c-7e53-4e6c-b121-eee8427be6b2	{"action":"token_revoked","actor_id":"36abc818-b3a6-440f-933a-79ff41fe5b67","actor_username":"a01722728@tec.mx","actor_via_sso":false,"log_type":"token"}	2025-05-14 18:46:09.120508+00	
00000000-0000-0000-0000-000000000000	e6e31f90-d51b-482e-a07b-6f0591c6e678	{"action":"token_refreshed","actor_id":"36abc818-b3a6-440f-933a-79ff41fe5b67","actor_username":"a01722728@tec.mx","actor_via_sso":false,"log_type":"token"}	2025-05-14 18:46:09.202177+00	
00000000-0000-0000-0000-000000000000	6ec29443-8b1e-4ff1-b3d6-f36f45557eca	{"action":"token_revoked","actor_id":"36abc818-b3a6-440f-933a-79ff41fe5b67","actor_username":"a01722728@tec.mx","actor_via_sso":false,"log_type":"token"}	2025-05-14 18:46:09.20283+00	
00000000-0000-0000-0000-000000000000	2ff703b8-7d18-419e-b0b0-15e878c39db8	{"action":"token_refreshed","actor_id":"36abc818-b3a6-440f-933a-79ff41fe5b67","actor_username":"a01722728@tec.mx","actor_via_sso":false,"log_type":"token"}	2025-05-14 18:46:09.285344+00	
00000000-0000-0000-0000-000000000000	e06bbe18-e1bd-47b2-ae91-a44cc05e8500	{"action":"token_revoked","actor_id":"36abc818-b3a6-440f-933a-79ff41fe5b67","actor_username":"a01722728@tec.mx","actor_via_sso":false,"log_type":"token"}	2025-05-14 18:46:09.285922+00	
00000000-0000-0000-0000-000000000000	ef84c6e4-e487-4157-8ace-3ce4077dea8e	{"action":"token_refreshed","actor_id":"36abc818-b3a6-440f-933a-79ff41fe5b67","actor_username":"a01722728@tec.mx","actor_via_sso":false,"log_type":"token"}	2025-05-14 18:46:09.392477+00	
00000000-0000-0000-0000-000000000000	c25ddacf-ea6e-4650-b5a8-dc5560785d58	{"action":"token_revoked","actor_id":"36abc818-b3a6-440f-933a-79ff41fe5b67","actor_username":"a01722728@tec.mx","actor_via_sso":false,"log_type":"token"}	2025-05-14 18:46:09.393072+00	
00000000-0000-0000-0000-000000000000	7d96fb47-6d65-4398-94b0-9fed2990b527	{"action":"token_refreshed","actor_id":"36abc818-b3a6-440f-933a-79ff41fe5b67","actor_username":"a01722728@tec.mx","actor_via_sso":false,"log_type":"token"}	2025-05-14 18:46:09.48938+00	
00000000-0000-0000-0000-000000000000	c1bc2c1f-bf85-4c96-835f-c9252e8bde77	{"action":"user_deleted","actor_id":"00000000-0000-0000-0000-000000000000","actor_username":"service_role","actor_via_sso":false,"log_type":"team","traits":{"user_email":"naranjilandia2004@gmail.com","user_id":"dee4835c-764c-40fb-bf0b-3bff8a0457d4","user_phone":""}}	2025-04-25 17:54:06.158214+00	
00000000-0000-0000-0000-000000000000	92bbc39c-4df9-4257-96ce-00067d6aa372	{"action":"login","actor_id":"5f096705-11c3-49b1-b42c-d7bd17a75439","actor_username":"a01741300@tec.mx","actor_via_sso":false,"log_type":"account","traits":{"provider":"email"}}	2025-04-25 21:29:23.735925+00	
00000000-0000-0000-0000-000000000000	36036f11-e944-4ba7-8954-2702282fed9a	{"action":"token_refreshed","actor_id":"5f096705-11c3-49b1-b42c-d7bd17a75439","actor_username":"a01741300@tec.mx","actor_via_sso":false,"log_type":"token"}	2025-05-02 03:01:26.626843+00	
00000000-0000-0000-0000-000000000000	1d9fd041-b57a-4d81-baa6-b2c1c397532e	{"action":"token_revoked","actor_id":"5f096705-11c3-49b1-b42c-d7bd17a75439","actor_username":"a01741300@tec.mx","actor_via_sso":false,"log_type":"token"}	2025-05-02 03:01:26.632707+00	
00000000-0000-0000-0000-000000000000	2f1cdc87-cfab-43cf-aa12-7aa380992f37	{"action":"token_refreshed","actor_id":"386e63ba-dc8f-4af6-9447-44f7976a4a0c","actor_username":"rantonion2004@outlook.com","actor_via_sso":false,"log_type":"token"}	2025-05-14 18:07:06.399515+00	
00000000-0000-0000-0000-000000000000	2f6a3a01-ac2c-4165-bad0-8a5249af1e79	{"action":"token_revoked","actor_id":"386e63ba-dc8f-4af6-9447-44f7976a4a0c","actor_username":"rantonion2004@outlook.com","actor_via_sso":false,"log_type":"token"}	2025-05-14 18:07:06.404574+00	
00000000-0000-0000-0000-000000000000	d41b02bc-ae42-4696-a03e-217bfbb42b9d	{"action":"token_revoked","actor_id":"36abc818-b3a6-440f-933a-79ff41fe5b67","actor_username":"a01722728@tec.mx","actor_via_sso":false,"log_type":"token"}	2025-05-14 18:46:09.489956+00	
00000000-0000-0000-0000-000000000000	606aaa9c-859d-49f2-ba93-4a02a8fea999	{"action":"token_refreshed","actor_id":"36abc818-b3a6-440f-933a-79ff41fe5b67","actor_username":"a01722728@tec.mx","actor_via_sso":false,"log_type":"token"}	2025-05-14 18:46:09.597717+00	
00000000-0000-0000-0000-000000000000	1306a0c5-85be-4ddc-a9bf-88b57652563c	{"action":"token_revoked","actor_id":"36abc818-b3a6-440f-933a-79ff41fe5b67","actor_username":"a01722728@tec.mx","actor_via_sso":false,"log_type":"token"}	2025-05-14 18:46:09.598361+00	
00000000-0000-0000-0000-000000000000	80706920-34e2-4d9e-a505-e51306a1e91b	{"action":"token_refreshed","actor_id":"36abc818-b3a6-440f-933a-79ff41fe5b67","actor_username":"a01722728@tec.mx","actor_via_sso":false,"log_type":"token"}	2025-05-14 18:46:09.685795+00	
00000000-0000-0000-0000-000000000000	04f9e948-b969-40ff-be43-487290ce2822	{"action":"token_revoked","actor_id":"36abc818-b3a6-440f-933a-79ff41fe5b67","actor_username":"a01722728@tec.mx","actor_via_sso":false,"log_type":"token"}	2025-05-14 18:46:09.686383+00	
00000000-0000-0000-0000-000000000000	4507053e-4a51-47cb-92a3-d46efa81b18c	{"action":"token_refreshed","actor_id":"36abc818-b3a6-440f-933a-79ff41fe5b67","actor_username":"a01722728@tec.mx","actor_via_sso":false,"log_type":"token"}	2025-05-14 18:46:09.795768+00	
00000000-0000-0000-0000-000000000000	c90d03cf-48b2-47e7-a4c8-cf13583cfad4	{"action":"token_revoked","actor_id":"36abc818-b3a6-440f-933a-79ff41fe5b67","actor_username":"a01722728@tec.mx","actor_via_sso":false,"log_type":"token"}	2025-05-14 18:46:09.796586+00	
00000000-0000-0000-0000-000000000000	236d868c-6b1e-48f7-9602-97c4f4cc47cf	{"action":"token_refreshed","actor_id":"36abc818-b3a6-440f-933a-79ff41fe5b67","actor_username":"a01722728@tec.mx","actor_via_sso":false,"log_type":"token"}	2025-05-14 18:46:09.879509+00	
00000000-0000-0000-0000-000000000000	ffabb2c7-63a5-4a11-b81c-f902f1137c8c	{"action":"token_revoked","actor_id":"36abc818-b3a6-440f-933a-79ff41fe5b67","actor_username":"a01722728@tec.mx","actor_via_sso":false,"log_type":"token"}	2025-05-14 18:46:09.880089+00	
00000000-0000-0000-0000-000000000000	7c3dab78-51b4-4795-86e8-a94c7a060525	{"action":"token_refreshed","actor_id":"36abc818-b3a6-440f-933a-79ff41fe5b67","actor_username":"a01722728@tec.mx","actor_via_sso":false,"log_type":"token"}	2025-05-14 18:46:09.965002+00	
00000000-0000-0000-0000-000000000000	7ff4a24a-6b5f-4260-b926-bf9728623dd9	{"action":"token_revoked","actor_id":"36abc818-b3a6-440f-933a-79ff41fe5b67","actor_username":"a01722728@tec.mx","actor_via_sso":false,"log_type":"token"}	2025-05-14 18:46:09.965629+00	
00000000-0000-0000-0000-000000000000	f8ffade1-7773-4037-ae52-8818a3fbd1e1	{"action":"token_refreshed","actor_id":"36abc818-b3a6-440f-933a-79ff41fe5b67","actor_username":"a01722728@tec.mx","actor_via_sso":false,"log_type":"token"}	2025-05-14 18:46:10.078335+00	
00000000-0000-0000-0000-000000000000	b7470466-0cf4-47b4-96b1-6ed698435ba8	{"action":"token_revoked","actor_id":"36abc818-b3a6-440f-933a-79ff41fe5b67","actor_username":"a01722728@tec.mx","actor_via_sso":false,"log_type":"token"}	2025-05-14 18:46:10.079024+00	
00000000-0000-0000-0000-000000000000	022e6554-b6f5-434f-886a-5dcc6ab07c79	{"action":"token_refreshed","actor_id":"36abc818-b3a6-440f-933a-79ff41fe5b67","actor_username":"a01722728@tec.mx","actor_via_sso":false,"log_type":"token"}	2025-05-14 18:46:10.181095+00	
00000000-0000-0000-0000-000000000000	a3b47395-04bb-495b-997a-cc158b4c8648	{"action":"token_revoked","actor_id":"36abc818-b3a6-440f-933a-79ff41fe5b67","actor_username":"a01722728@tec.mx","actor_via_sso":false,"log_type":"token"}	2025-05-14 18:46:10.181805+00	
00000000-0000-0000-0000-000000000000	f2a62af2-8fc8-4cd0-8afb-6eaa39f3c5d4	{"action":"token_revoked","actor_id":"36abc818-b3a6-440f-933a-79ff41fe5b67","actor_username":"a01722728@tec.mx","actor_via_sso":false,"log_type":"token"}	2025-05-14 18:46:56.550977+00	
00000000-0000-0000-0000-000000000000	d8d14f52-a082-4b83-9254-e2290d1e2b24	{"action":"token_refreshed","actor_id":"36abc818-b3a6-440f-933a-79ff41fe5b67","actor_username":"a01722728@tec.mx","actor_via_sso":false,"log_type":"token"}	2025-05-14 18:46:56.66402+00	
00000000-0000-0000-0000-000000000000	50e2634d-2365-4b49-8ec0-8fe0f8e2698d	{"action":"token_revoked","actor_id":"36abc818-b3a6-440f-933a-79ff41fe5b67","actor_username":"a01722728@tec.mx","actor_via_sso":false,"log_type":"token"}	2025-05-14 18:46:56.664618+00	
00000000-0000-0000-0000-000000000000	bdd6c46d-5d05-4e5f-b12e-2ba9701876b0	{"action":"token_refreshed","actor_id":"36abc818-b3a6-440f-933a-79ff41fe5b67","actor_username":"a01722728@tec.mx","actor_via_sso":false,"log_type":"token"}	2025-05-14 18:46:56.842937+00	
00000000-0000-0000-0000-000000000000	bf09309c-40d0-4162-8b3c-637f76ddfe44	{"action":"token_revoked","actor_id":"36abc818-b3a6-440f-933a-79ff41fe5b67","actor_username":"a01722728@tec.mx","actor_via_sso":false,"log_type":"token"}	2025-05-14 18:46:56.843581+00	
00000000-0000-0000-0000-000000000000	8812392a-bc43-4463-95fe-93f7b750aeca	{"action":"token_refreshed","actor_id":"36abc818-b3a6-440f-933a-79ff41fe5b67","actor_username":"a01722728@tec.mx","actor_via_sso":false,"log_type":"token"}	2025-05-14 18:46:56.9387+00	
00000000-0000-0000-0000-000000000000	3fd9efb7-2afb-47ba-abd6-54a724b7b8cc	{"action":"token_revoked","actor_id":"36abc818-b3a6-440f-933a-79ff41fe5b67","actor_username":"a01722728@tec.mx","actor_via_sso":false,"log_type":"token"}	2025-05-14 18:46:56.939329+00	
00000000-0000-0000-0000-000000000000	22bdac92-04da-4e78-8b8e-3cbb194233f0	{"action":"token_refreshed","actor_id":"36abc818-b3a6-440f-933a-79ff41fe5b67","actor_username":"a01722728@tec.mx","actor_via_sso":false,"log_type":"token"}	2025-05-14 18:46:57.150522+00	
00000000-0000-0000-0000-000000000000	c5b3d60f-c7f6-4f0a-9e91-268f45f0c5f4	{"action":"token_revoked","actor_id":"36abc818-b3a6-440f-933a-79ff41fe5b67","actor_username":"a01722728@tec.mx","actor_via_sso":false,"log_type":"token"}	2025-05-14 18:46:57.151628+00	
00000000-0000-0000-0000-000000000000	9b4a08f9-550f-4ece-9752-c03434cc42ea	{"action":"token_refreshed","actor_id":"36abc818-b3a6-440f-933a-79ff41fe5b67","actor_username":"a01722728@tec.mx","actor_via_sso":false,"log_type":"token"}	2025-05-14 18:46:58.520177+00	
00000000-0000-0000-0000-000000000000	48c3c25c-42cb-4912-b2e6-ac5a50312672	{"action":"token_revoked","actor_id":"36abc818-b3a6-440f-933a-79ff41fe5b67","actor_username":"a01722728@tec.mx","actor_via_sso":false,"log_type":"token"}	2025-05-14 18:46:58.520787+00	
00000000-0000-0000-0000-000000000000	44893cd9-53e2-4eb0-ac8c-eee245ee2efa	{"action":"token_refreshed","actor_id":"36abc818-b3a6-440f-933a-79ff41fe5b67","actor_username":"a01722728@tec.mx","actor_via_sso":false,"log_type":"token"}	2025-05-14 18:46:58.642049+00	
00000000-0000-0000-0000-000000000000	e872cb43-51bc-457a-b27c-af6aff63242e	{"action":"logout","actor_id":"b5c684f0-24d7-436f-b752-71cd9e361c8f","actor_username":"a00836530@tec.mx","actor_via_sso":false,"log_type":"account"}	2025-05-18 04:11:10.754143+00	
00000000-0000-0000-0000-000000000000	3eaa6307-1ad5-4341-b4c4-85ef4c8f7e2b	{"action":"user_repeated_signup","actor_id":"7478c90f-4de7-494d-ae79-fc28756dc4ab","actor_username":"a01741300@tec.mx","actor_via_sso":false,"log_type":"user","traits":{"provider":"email"}}	2025-04-25 18:06:50.932031+00	
00000000-0000-0000-0000-000000000000	b95687b7-85d8-4543-9ad3-0fc1fb3fe906	{"action":"user_deleted","actor_id":"00000000-0000-0000-0000-000000000000","actor_username":"service_role","actor_via_sso":false,"log_type":"team","traits":{"user_email":"a01741300@tec.mx","user_id":"7478c90f-4de7-494d-ae79-fc28756dc4ab","user_phone":""}}	2025-04-25 18:07:17.293632+00	
00000000-0000-0000-0000-000000000000	04aa2d0b-594c-438b-8772-34a1eae2cce3	{"action":"user_signedup","actor_id":"5f096705-11c3-49b1-b42c-d7bd17a75439","actor_username":"a01741300@tec.mx","actor_via_sso":false,"log_type":"team","traits":{"provider":"email"}}	2025-04-25 18:07:22.173069+00	
00000000-0000-0000-0000-000000000000	0cdbc032-dfe2-43ea-a29a-761057efc7dc	{"action":"login","actor_id":"5f096705-11c3-49b1-b42c-d7bd17a75439","actor_username":"a01741300@tec.mx","actor_via_sso":false,"log_type":"account","traits":{"provider":"email"}}	2025-04-25 18:07:22.177956+00	
00000000-0000-0000-0000-000000000000	e79a2f11-ca51-4823-9059-d2d6c6531ab0	{"action":"user_signedup","actor_id":"3912d459-b96e-4150-9a2a-fb9135ebc374","actor_username":"jose@gmail.com","actor_via_sso":false,"log_type":"team","traits":{"provider":"email"}}	2025-04-25 21:31:52.220483+00	
00000000-0000-0000-0000-000000000000	6c1b90fd-bc67-4f44-b7e6-74269e2139dc	{"action":"login","actor_id":"3912d459-b96e-4150-9a2a-fb9135ebc374","actor_username":"jose@gmail.com","actor_via_sso":false,"log_type":"account","traits":{"provider":"email"}}	2025-04-25 21:31:52.229194+00	
00000000-0000-0000-0000-000000000000	de0be589-4858-4f91-bbce-01446c125211	{"action":"token_refreshed","actor_id":"3912d459-b96e-4150-9a2a-fb9135ebc374","actor_username":"jose@gmail.com","actor_via_sso":false,"log_type":"token"}	2025-05-02 21:39:53.772316+00	
00000000-0000-0000-0000-000000000000	3267065f-f888-424c-9a10-13b12d1d64d5	{"action":"token_revoked","actor_id":"3912d459-b96e-4150-9a2a-fb9135ebc374","actor_username":"jose@gmail.com","actor_via_sso":false,"log_type":"token"}	2025-05-02 21:39:53.794535+00	
00000000-0000-0000-0000-000000000000	217d9cb1-6d9b-44ca-8fa1-31ae88ff74e1	{"action":"login","actor_id":"5ad0bb87-f4fc-413c-adba-ef4b0b9402d1","actor_username":"a01198327@tec.mx","actor_via_sso":false,"log_type":"account","traits":{"provider":"email"}}	2025-05-02 21:40:02.264047+00	
00000000-0000-0000-0000-000000000000	b5fe5256-e307-4e17-b12e-88ff2ba8107a	{"action":"login","actor_id":"5ad0bb87-f4fc-413c-adba-ef4b0b9402d1","actor_username":"a01198327@tec.mx","actor_via_sso":false,"log_type":"account","traits":{"provider":"email"}}	2025-05-14 18:23:03.932978+00	
00000000-0000-0000-0000-000000000000	a49152f6-fece-4e40-881c-30f63c0b1805	{"action":"token_revoked","actor_id":"36abc818-b3a6-440f-933a-79ff41fe5b67","actor_username":"a01722728@tec.mx","actor_via_sso":false,"log_type":"token"}	2025-05-14 18:46:58.642645+00	
00000000-0000-0000-0000-000000000000	7108632a-825e-4f79-a331-6add08d8c364	{"action":"token_refreshed","actor_id":"36abc818-b3a6-440f-933a-79ff41fe5b67","actor_username":"a01722728@tec.mx","actor_via_sso":false,"log_type":"token"}	2025-05-14 18:46:58.878344+00	
00000000-0000-0000-0000-000000000000	1c616965-f335-4295-89b3-43528798ca83	{"action":"token_revoked","actor_id":"36abc818-b3a6-440f-933a-79ff41fe5b67","actor_username":"a01722728@tec.mx","actor_via_sso":false,"log_type":"token"}	2025-05-14 18:46:58.878933+00	
00000000-0000-0000-0000-000000000000	b7c1be6b-035c-4d2a-9432-8c090e6c6c13	{"action":"token_refreshed","actor_id":"36abc818-b3a6-440f-933a-79ff41fe5b67","actor_username":"a01722728@tec.mx","actor_via_sso":false,"log_type":"token"}	2025-05-14 18:46:59.005314+00	
00000000-0000-0000-0000-000000000000	0f9e8702-b54d-4b2f-ae02-6b54640709c1	{"action":"token_revoked","actor_id":"36abc818-b3a6-440f-933a-79ff41fe5b67","actor_username":"a01722728@tec.mx","actor_via_sso":false,"log_type":"token"}	2025-05-14 18:46:59.006084+00	
00000000-0000-0000-0000-000000000000	bfbc75a3-6674-450b-8542-ccd4fa5ccda7	{"action":"token_refreshed","actor_id":"36abc818-b3a6-440f-933a-79ff41fe5b67","actor_username":"a01722728@tec.mx","actor_via_sso":false,"log_type":"token"}	2025-05-14 18:46:59.108978+00	
00000000-0000-0000-0000-000000000000	cd5781fd-f2a1-4426-baa0-5f37159d0800	{"action":"token_revoked","actor_id":"36abc818-b3a6-440f-933a-79ff41fe5b67","actor_username":"a01722728@tec.mx","actor_via_sso":false,"log_type":"token"}	2025-05-14 18:46:59.109764+00	
00000000-0000-0000-0000-000000000000	482c660c-84f1-4dea-a9a8-b44d54acd1f8	{"action":"token_refreshed","actor_id":"36abc818-b3a6-440f-933a-79ff41fe5b67","actor_username":"a01722728@tec.mx","actor_via_sso":false,"log_type":"token"}	2025-05-14 18:46:59.211565+00	
00000000-0000-0000-0000-000000000000	16a211dc-9be7-4ba7-bb1f-cbb7feee974d	{"action":"token_revoked","actor_id":"36abc818-b3a6-440f-933a-79ff41fe5b67","actor_username":"a01722728@tec.mx","actor_via_sso":false,"log_type":"token"}	2025-05-14 18:46:59.212208+00	
00000000-0000-0000-0000-000000000000	96186239-e8c0-4d5a-92c3-3de3424e7668	{"action":"logout","actor_id":"36abc818-b3a6-440f-933a-79ff41fe5b67","actor_username":"a01722728@tec.mx","actor_via_sso":false,"log_type":"account"}	2025-05-14 18:47:01.874872+00	
00000000-0000-0000-0000-000000000000	cb571206-5fa8-41a2-980a-7b3da1f0fd31	{"action":"login","actor_id":"386e63ba-dc8f-4af6-9447-44f7976a4a0c","actor_username":"rantonion2004@outlook.com","actor_via_sso":false,"log_type":"account","traits":{"provider":"email"}}	2025-05-14 18:47:08.235496+00	
00000000-0000-0000-0000-000000000000	a068216f-7c42-4aa1-b28a-70ab0c5e75fd	{"action":"login","actor_id":"36abc818-b3a6-440f-933a-79ff41fe5b67","actor_username":"a01722728@tec.mx","actor_via_sso":false,"log_type":"account","traits":{"provider":"email"}}	2025-05-14 18:47:16.687359+00	
00000000-0000-0000-0000-000000000000	674803a1-9cc6-472c-9507-92f2b025d9fe	{"action":"token_refreshed","actor_id":"36abc818-b3a6-440f-933a-79ff41fe5b67","actor_username":"a01722728@tec.mx","actor_via_sso":false,"log_type":"token"}	2025-05-14 18:47:16.806743+00	
00000000-0000-0000-0000-000000000000	879de7c3-9bda-4453-8b7b-355fa46d265c	{"action":"token_revoked","actor_id":"36abc818-b3a6-440f-933a-79ff41fe5b67","actor_username":"a01722728@tec.mx","actor_via_sso":false,"log_type":"token"}	2025-05-14 18:47:16.807416+00	
00000000-0000-0000-0000-000000000000	a8c79f71-a278-40ff-9270-085090be2d67	{"action":"token_refreshed","actor_id":"36abc818-b3a6-440f-933a-79ff41fe5b67","actor_username":"a01722728@tec.mx","actor_via_sso":false,"log_type":"token"}	2025-05-14 18:47:16.918619+00	
00000000-0000-0000-0000-000000000000	33df585b-c8ed-4b3c-9dfb-283e332af209	{"action":"token_revoked","actor_id":"36abc818-b3a6-440f-933a-79ff41fe5b67","actor_username":"a01722728@tec.mx","actor_via_sso":false,"log_type":"token"}	2025-05-14 18:47:16.919216+00	
00000000-0000-0000-0000-000000000000	5a2f578a-ec72-49f1-8aa9-194a836967ac	{"action":"token_refreshed","actor_id":"36abc818-b3a6-440f-933a-79ff41fe5b67","actor_username":"a01722728@tec.mx","actor_via_sso":false,"log_type":"token"}	2025-05-14 18:47:17.023111+00	
00000000-0000-0000-0000-000000000000	18e74663-e1dd-4cd2-bfc4-e2c9a6b8d01d	{"action":"token_revoked","actor_id":"36abc818-b3a6-440f-933a-79ff41fe5b67","actor_username":"a01722728@tec.mx","actor_via_sso":false,"log_type":"token"}	2025-05-14 18:47:17.023736+00	
00000000-0000-0000-0000-000000000000	dc1cf968-9f74-43c7-922f-225f5c639ed1	{"action":"token_refreshed","actor_id":"36abc818-b3a6-440f-933a-79ff41fe5b67","actor_username":"a01722728@tec.mx","actor_via_sso":false,"log_type":"token"}	2025-05-14 18:47:17.119065+00	
00000000-0000-0000-0000-000000000000	730ac093-32c9-41f9-a032-6d6b477a6c9a	{"action":"token_revoked","actor_id":"36abc818-b3a6-440f-933a-79ff41fe5b67","actor_username":"a01722728@tec.mx","actor_via_sso":false,"log_type":"token"}	2025-05-14 18:47:17.119651+00	
00000000-0000-0000-0000-000000000000	24e0665c-d857-46c8-8165-0fe90f253450	{"action":"token_refreshed","actor_id":"36abc818-b3a6-440f-933a-79ff41fe5b67","actor_username":"a01722728@tec.mx","actor_via_sso":false,"log_type":"token"}	2025-05-14 18:47:17.219278+00	
00000000-0000-0000-0000-000000000000	f05ff3e9-6ee3-4023-b808-7e44ce70bbc6	{"action":"token_revoked","actor_id":"36abc818-b3a6-440f-933a-79ff41fe5b67","actor_username":"a01722728@tec.mx","actor_via_sso":false,"log_type":"token"}	2025-05-14 18:47:17.219954+00	
00000000-0000-0000-0000-000000000000	c5d68a10-2ef8-404a-b2f2-ba7bc0139ebf	{"action":"token_refreshed","actor_id":"36abc818-b3a6-440f-933a-79ff41fe5b67","actor_username":"a01722728@tec.mx","actor_via_sso":false,"log_type":"token"}	2025-05-14 18:47:17.496859+00	
00000000-0000-0000-0000-000000000000	3d25fd0a-471b-4331-8c12-4aa71696c47d	{"action":"login","actor_id":"5f096705-11c3-49b1-b42c-d7bd17a75439","actor_username":"a01741300@tec.mx","actor_via_sso":false,"log_type":"account","traits":{"provider":"email"}}	2025-04-25 18:23:20.013727+00	
00000000-0000-0000-0000-000000000000	5dba7e0f-3a57-4f0e-a427-d5609f00f5f9	{"action":"token_refreshed","actor_id":"900fdfaf-7517-4876-8d20-b83da73a8347","actor_username":"correoprofesional@gmail.com","actor_via_sso":false,"log_type":"token"}	2025-04-25 22:15:01.01117+00	
00000000-0000-0000-0000-000000000000	be8f43d1-7c64-4900-8d94-c2e86c613e5e	{"action":"token_revoked","actor_id":"900fdfaf-7517-4876-8d20-b83da73a8347","actor_username":"correoprofesional@gmail.com","actor_via_sso":false,"log_type":"token"}	2025-04-25 22:15:01.014986+00	
00000000-0000-0000-0000-000000000000	5cc46a08-46a0-4ec3-8c19-04efdad6ab11	{"action":"token_refreshed","actor_id":"36abc818-b3a6-440f-933a-79ff41fe5b67","actor_username":"a01722728@tec.mx","actor_via_sso":false,"log_type":"token"}	2025-04-25 22:15:01.835376+00	
00000000-0000-0000-0000-000000000000	4ae3c3ba-af0d-4f8e-b7e7-30f2e993625f	{"action":"token_revoked","actor_id":"36abc818-b3a6-440f-933a-79ff41fe5b67","actor_username":"a01722728@tec.mx","actor_via_sso":false,"log_type":"token"}	2025-04-25 22:15:01.836044+00	
00000000-0000-0000-0000-000000000000	9c83ebbc-1c79-41e6-be94-fc91ba24a8a2	{"action":"token_refreshed","actor_id":"5f096705-11c3-49b1-b42c-d7bd17a75439","actor_username":"a01741300@tec.mx","actor_via_sso":false,"log_type":"token"}	2025-05-03 05:35:27.803928+00	
00000000-0000-0000-0000-000000000000	c6a95f32-0fcb-4eb7-8067-3bf03286a42d	{"action":"token_revoked","actor_id":"5f096705-11c3-49b1-b42c-d7bd17a75439","actor_username":"a01741300@tec.mx","actor_via_sso":false,"log_type":"token"}	2025-05-03 05:35:27.811608+00	
00000000-0000-0000-0000-000000000000	5df3f178-4ff1-4fd5-b400-ac3b47d84cf5	{"action":"login","actor_id":"36abc818-b3a6-440f-933a-79ff41fe5b67","actor_username":"a01722728@tec.mx","actor_via_sso":false,"log_type":"account","traits":{"provider":"email"}}	2025-05-14 18:33:19.272734+00	
00000000-0000-0000-0000-000000000000	e4a71203-2cba-4b90-b332-b7115fb2d58a	{"action":"token_refreshed","actor_id":"36abc818-b3a6-440f-933a-79ff41fe5b67","actor_username":"a01722728@tec.mx","actor_via_sso":false,"log_type":"token"}	2025-05-14 18:33:19.476765+00	
00000000-0000-0000-0000-000000000000	ed3e63c5-7e5b-4ebf-a1c9-48a87df4073b	{"action":"token_revoked","actor_id":"36abc818-b3a6-440f-933a-79ff41fe5b67","actor_username":"a01722728@tec.mx","actor_via_sso":false,"log_type":"token"}	2025-05-14 18:33:19.477434+00	
00000000-0000-0000-0000-000000000000	55ac9c05-5c48-4457-a84f-4d0c75aaa2e5	{"action":"token_refreshed","actor_id":"36abc818-b3a6-440f-933a-79ff41fe5b67","actor_username":"a01722728@tec.mx","actor_via_sso":false,"log_type":"token"}	2025-05-14 18:33:19.659909+00	
00000000-0000-0000-0000-000000000000	de9fd32e-ba98-405f-a39e-24f9ad88c039	{"action":"token_revoked","actor_id":"36abc818-b3a6-440f-933a-79ff41fe5b67","actor_username":"a01722728@tec.mx","actor_via_sso":false,"log_type":"token"}	2025-05-14 18:33:19.660522+00	
00000000-0000-0000-0000-000000000000	fe26597a-001b-485b-ad24-49571d452f3d	{"action":"token_refreshed","actor_id":"36abc818-b3a6-440f-933a-79ff41fe5b67","actor_username":"a01722728@tec.mx","actor_via_sso":false,"log_type":"token"}	2025-05-14 18:33:19.818131+00	
00000000-0000-0000-0000-000000000000	066e3cf0-e1e8-47c2-bf14-89e5adb19d17	{"action":"token_revoked","actor_id":"36abc818-b3a6-440f-933a-79ff41fe5b67","actor_username":"a01722728@tec.mx","actor_via_sso":false,"log_type":"token"}	2025-05-14 18:33:19.818742+00	
00000000-0000-0000-0000-000000000000	fbc0e122-dde3-4cdf-903d-a9f427393784	{"action":"token_refreshed","actor_id":"36abc818-b3a6-440f-933a-79ff41fe5b67","actor_username":"a01722728@tec.mx","actor_via_sso":false,"log_type":"token"}	2025-05-14 18:33:19.975153+00	
00000000-0000-0000-0000-000000000000	cf782f49-633b-47d9-b45d-df9ae0d4a4e1	{"action":"token_revoked","actor_id":"36abc818-b3a6-440f-933a-79ff41fe5b67","actor_username":"a01722728@tec.mx","actor_via_sso":false,"log_type":"token"}	2025-05-14 18:33:19.975842+00	
00000000-0000-0000-0000-000000000000	dcb97b8a-40a7-4a1b-9bd4-f84039360428	{"action":"token_refreshed","actor_id":"36abc818-b3a6-440f-933a-79ff41fe5b67","actor_username":"a01722728@tec.mx","actor_via_sso":false,"log_type":"token"}	2025-05-14 18:33:20.137985+00	
00000000-0000-0000-0000-000000000000	737e2b4e-3f6b-478f-a210-b579ca04d138	{"action":"token_revoked","actor_id":"36abc818-b3a6-440f-933a-79ff41fe5b67","actor_username":"a01722728@tec.mx","actor_via_sso":false,"log_type":"token"}	2025-05-14 18:33:20.138627+00	
00000000-0000-0000-0000-000000000000	687399c7-85d5-4bc2-b678-37d771258bf0	{"action":"token_refreshed","actor_id":"36abc818-b3a6-440f-933a-79ff41fe5b67","actor_username":"a01722728@tec.mx","actor_via_sso":false,"log_type":"token"}	2025-05-14 18:33:21.302617+00	
00000000-0000-0000-0000-000000000000	faf1319c-ae26-467a-9706-08b694d0c559	{"action":"token_revoked","actor_id":"36abc818-b3a6-440f-933a-79ff41fe5b67","actor_username":"a01722728@tec.mx","actor_via_sso":false,"log_type":"token"}	2025-05-14 18:33:21.304587+00	
00000000-0000-0000-0000-000000000000	5f667eb5-9137-4adc-925d-5a7716112df2	{"action":"token_refreshed","actor_id":"36abc818-b3a6-440f-933a-79ff41fe5b67","actor_username":"a01722728@tec.mx","actor_via_sso":false,"log_type":"token"}	2025-05-14 18:33:21.398508+00	
00000000-0000-0000-0000-000000000000	966a9886-e7b0-46ee-ab48-5e5e115e884f	{"action":"token_revoked","actor_id":"36abc818-b3a6-440f-933a-79ff41fe5b67","actor_username":"a01722728@tec.mx","actor_via_sso":false,"log_type":"token"}	2025-05-14 18:33:21.399104+00	
00000000-0000-0000-0000-000000000000	4db9f3c1-992b-4c7b-b9be-e49a96154b06	{"action":"token_refreshed","actor_id":"36abc818-b3a6-440f-933a-79ff41fe5b67","actor_username":"a01722728@tec.mx","actor_via_sso":false,"log_type":"token"}	2025-05-14 18:33:21.494802+00	
00000000-0000-0000-0000-000000000000	125da500-bfe9-4ac1-8f98-1ecfeb1eb8f3	{"action":"token_revoked","actor_id":"36abc818-b3a6-440f-933a-79ff41fe5b67","actor_username":"a01722728@tec.mx","actor_via_sso":false,"log_type":"token"}	2025-05-14 18:33:21.495417+00	
00000000-0000-0000-0000-000000000000	5e2b2be4-6f06-4c54-9bfd-4fa10f920096	{"action":"token_refreshed","actor_id":"36abc818-b3a6-440f-933a-79ff41fe5b67","actor_username":"a01722728@tec.mx","actor_via_sso":false,"log_type":"token"}	2025-05-14 18:33:21.596043+00	
00000000-0000-0000-0000-000000000000	a66a0304-a275-4e62-b43a-513e8b14c115	{"action":"token_revoked","actor_id":"36abc818-b3a6-440f-933a-79ff41fe5b67","actor_username":"a01722728@tec.mx","actor_via_sso":false,"log_type":"token"}	2025-05-14 18:33:21.597048+00	
00000000-0000-0000-0000-000000000000	e366c9f4-2726-42c5-9bc9-40bd5f896d94	{"action":"token_refreshed","actor_id":"36abc818-b3a6-440f-933a-79ff41fe5b67","actor_username":"a01722728@tec.mx","actor_via_sso":false,"log_type":"token"}	2025-05-14 18:33:21.678784+00	
00000000-0000-0000-0000-000000000000	c8534124-883d-4887-b446-3458399d6ced	{"action":"token_revoked","actor_id":"36abc818-b3a6-440f-933a-79ff41fe5b67","actor_username":"a01722728@tec.mx","actor_via_sso":false,"log_type":"token"}	2025-05-14 18:33:21.679895+00	
00000000-0000-0000-0000-000000000000	f424a3b8-e3e9-44e0-84f8-791a43764f86	{"action":"token_refreshed","actor_id":"36abc818-b3a6-440f-933a-79ff41fe5b67","actor_username":"a01722728@tec.mx","actor_via_sso":false,"log_type":"token"}	2025-05-14 18:33:21.76934+00	
00000000-0000-0000-0000-000000000000	172cfe63-cfb3-4784-af16-cf86c6d4c7f2	{"action":"token_revoked","actor_id":"36abc818-b3a6-440f-933a-79ff41fe5b67","actor_username":"a01722728@tec.mx","actor_via_sso":false,"log_type":"token"}	2025-05-14 18:33:21.769967+00	
00000000-0000-0000-0000-000000000000	26dcfc8d-ff3b-4b09-a470-04d201bd8167	{"action":"token_refreshed","actor_id":"36abc818-b3a6-440f-933a-79ff41fe5b67","actor_username":"a01722728@tec.mx","actor_via_sso":false,"log_type":"token"}	2025-05-14 18:33:21.854964+00	
00000000-0000-0000-0000-000000000000	dd1c0d41-6d1b-448b-8e9b-a141b60133f4	{"action":"token_revoked","actor_id":"36abc818-b3a6-440f-933a-79ff41fe5b67","actor_username":"a01722728@tec.mx","actor_via_sso":false,"log_type":"token"}	2025-05-14 18:33:21.855609+00	
00000000-0000-0000-0000-000000000000	5055dd8f-028b-421d-a84b-3f3ce92e0430	{"action":"token_refreshed","actor_id":"36abc818-b3a6-440f-933a-79ff41fe5b67","actor_username":"a01722728@tec.mx","actor_via_sso":false,"log_type":"token"}	2025-05-14 18:33:22.019792+00	
00000000-0000-0000-0000-000000000000	56faa123-6a0f-4f8b-a189-158108bfc547	{"action":"token_revoked","actor_id":"36abc818-b3a6-440f-933a-79ff41fe5b67","actor_username":"a01722728@tec.mx","actor_via_sso":false,"log_type":"token"}	2025-05-14 18:33:22.020408+00	
00000000-0000-0000-0000-000000000000	08ec6024-f9c8-4adb-99cf-91d158834c31	{"action":"user_deleted","actor_id":"00000000-0000-0000-0000-000000000000","actor_username":"service_role","actor_via_sso":false,"log_type":"team","traits":{"user_email":"empleado@g.com","user_id":"b5d11271-9904-408a-b5ee-ae67ebda0586","user_phone":""}}	2025-04-25 17:53:23.067329+00	
00000000-0000-0000-0000-000000000000	494d9098-5bd9-445d-8afc-1341a3866a87	{"action":"user_deleted","actor_id":"00000000-0000-0000-0000-000000000000","actor_username":"service_role","actor_via_sso":false,"log_type":"team","traits":{"user_email":"test03@g.com","user_id":"44339363-8791-433b-93d4-93642c90c69a","user_phone":""}}	2025-04-25 17:53:23.067509+00	
00000000-0000-0000-0000-000000000000	6d955a41-fc3c-49c6-9d7c-5998afc61ef6	{"action":"login","actor_id":"5f096705-11c3-49b1-b42c-d7bd17a75439","actor_username":"a01741300@tec.mx","actor_via_sso":false,"log_type":"account","traits":{"provider":"email"}}	2025-04-25 19:14:25.019533+00	
00000000-0000-0000-0000-000000000000	11ba5310-488c-4ab9-95ec-8e22500b635d	{"action":"login","actor_id":"5f096705-11c3-49b1-b42c-d7bd17a75439","actor_username":"a01741300@tec.mx","actor_via_sso":false,"log_type":"account","traits":{"provider":"email"}}	2025-04-25 23:01:05.51429+00	
00000000-0000-0000-0000-000000000000	8e8f27de-70a1-4e7d-ae37-6107f44567a0	{"action":"login","actor_id":"5f096705-11c3-49b1-b42c-d7bd17a75439","actor_username":"a01741300@tec.mx","actor_via_sso":false,"log_type":"account","traits":{"provider":"email"}}	2025-04-25 23:01:05.547945+00	
00000000-0000-0000-0000-000000000000	53512c34-ca1f-45f8-b379-66acda0cacfa	{"action":"token_refreshed","actor_id":"5ad0bb87-f4fc-413c-adba-ef4b0b9402d1","actor_username":"a01198327@tec.mx","actor_via_sso":false,"log_type":"token"}	2025-05-05 01:26:35.58207+00	
00000000-0000-0000-0000-000000000000	e330b3a9-bf9e-4b66-99dd-834dbb334b59	{"action":"token_revoked","actor_id":"5ad0bb87-f4fc-413c-adba-ef4b0b9402d1","actor_username":"a01198327@tec.mx","actor_via_sso":false,"log_type":"token"}	2025-05-05 01:26:35.601147+00	
00000000-0000-0000-0000-000000000000	eb74d36b-89ba-47f5-908e-6b50af198d03	{"action":"token_refreshed","actor_id":"36abc818-b3a6-440f-933a-79ff41fe5b67","actor_username":"a01722728@tec.mx","actor_via_sso":false,"log_type":"token"}	2025-05-14 18:33:22.102389+00	
00000000-0000-0000-0000-000000000000	8ad581f0-a847-402d-a782-17ef13674f19	{"action":"token_revoked","actor_id":"36abc818-b3a6-440f-933a-79ff41fe5b67","actor_username":"a01722728@tec.mx","actor_via_sso":false,"log_type":"token"}	2025-05-14 18:33:22.102998+00	
00000000-0000-0000-0000-000000000000	a06858d6-0e19-4c6c-a63b-acf057cda878	{"action":"token_refreshed","actor_id":"36abc818-b3a6-440f-933a-79ff41fe5b67","actor_username":"a01722728@tec.mx","actor_via_sso":false,"log_type":"token"}	2025-05-14 18:33:22.191958+00	
00000000-0000-0000-0000-000000000000	652ba7d2-0837-4246-b390-a85aae2e11da	{"action":"token_revoked","actor_id":"36abc818-b3a6-440f-933a-79ff41fe5b67","actor_username":"a01722728@tec.mx","actor_via_sso":false,"log_type":"token"}	2025-05-14 18:33:22.192548+00	
00000000-0000-0000-0000-000000000000	40ea65dd-5f18-4107-88b6-572bf25a2412	{"action":"token_refreshed","actor_id":"36abc818-b3a6-440f-933a-79ff41fe5b67","actor_username":"a01722728@tec.mx","actor_via_sso":false,"log_type":"token"}	2025-05-14 18:33:22.353298+00	
00000000-0000-0000-0000-000000000000	5f13abf4-a998-4d33-b676-5cedc2903b26	{"action":"token_revoked","actor_id":"36abc818-b3a6-440f-933a-79ff41fe5b67","actor_username":"a01722728@tec.mx","actor_via_sso":false,"log_type":"token"}	2025-05-14 18:33:22.354459+00	
00000000-0000-0000-0000-000000000000	91b68ffe-352e-433b-a31f-cf6c11e2881f	{"action":"token_refreshed","actor_id":"36abc818-b3a6-440f-933a-79ff41fe5b67","actor_username":"a01722728@tec.mx","actor_via_sso":false,"log_type":"token"}	2025-05-14 18:33:22.445062+00	
00000000-0000-0000-0000-000000000000	dc8524fc-a5b8-408e-8bf5-2d30b529297d	{"action":"token_revoked","actor_id":"36abc818-b3a6-440f-933a-79ff41fe5b67","actor_username":"a01722728@tec.mx","actor_via_sso":false,"log_type":"token"}	2025-05-14 18:33:22.445715+00	
00000000-0000-0000-0000-000000000000	f741a7d4-9205-4abb-b618-8d9ff73a07c9	{"action":"token_refreshed","actor_id":"36abc818-b3a6-440f-933a-79ff41fe5b67","actor_username":"a01722728@tec.mx","actor_via_sso":false,"log_type":"token"}	2025-05-14 18:33:24.20881+00	
00000000-0000-0000-0000-000000000000	2d7e1837-11ba-4014-bfae-f0dbd908c0b2	{"action":"token_revoked","actor_id":"36abc818-b3a6-440f-933a-79ff41fe5b67","actor_username":"a01722728@tec.mx","actor_via_sso":false,"log_type":"token"}	2025-05-14 18:33:24.209404+00	
00000000-0000-0000-0000-000000000000	9df15761-ad27-45b7-8d49-4acc880eaf61	{"action":"token_refreshed","actor_id":"36abc818-b3a6-440f-933a-79ff41fe5b67","actor_username":"a01722728@tec.mx","actor_via_sso":false,"log_type":"token"}	2025-05-14 18:33:24.405701+00	
00000000-0000-0000-0000-000000000000	f9b5f33e-6d1e-4342-96d5-3ad13b1c6d28	{"action":"token_revoked","actor_id":"36abc818-b3a6-440f-933a-79ff41fe5b67","actor_username":"a01722728@tec.mx","actor_via_sso":false,"log_type":"token"}	2025-05-14 18:33:24.40685+00	
00000000-0000-0000-0000-000000000000	5a7aaa9e-de07-4004-a716-50f3b7538425	{"action":"token_refreshed","actor_id":"36abc818-b3a6-440f-933a-79ff41fe5b67","actor_username":"a01722728@tec.mx","actor_via_sso":false,"log_type":"token"}	2025-05-14 18:33:24.580508+00	
00000000-0000-0000-0000-000000000000	3b88a11f-be41-49ec-80fc-9a36e407668b	{"action":"token_revoked","actor_id":"36abc818-b3a6-440f-933a-79ff41fe5b67","actor_username":"a01722728@tec.mx","actor_via_sso":false,"log_type":"token"}	2025-05-14 18:33:24.581121+00	
00000000-0000-0000-0000-000000000000	348491f3-26f6-4ca8-8023-cb91aee05f31	{"action":"token_refreshed","actor_id":"36abc818-b3a6-440f-933a-79ff41fe5b67","actor_username":"a01722728@tec.mx","actor_via_sso":false,"log_type":"token"}	2025-05-14 18:33:24.665117+00	
00000000-0000-0000-0000-000000000000	e675d2dd-1922-4cbd-b5ff-a59350708ba1	{"action":"token_revoked","actor_id":"36abc818-b3a6-440f-933a-79ff41fe5b67","actor_username":"a01722728@tec.mx","actor_via_sso":false,"log_type":"token"}	2025-05-14 18:33:24.665725+00	
00000000-0000-0000-0000-000000000000	40464041-103e-4087-b7f0-828221afbd83	{"action":"token_refreshed","actor_id":"36abc818-b3a6-440f-933a-79ff41fe5b67","actor_username":"a01722728@tec.mx","actor_via_sso":false,"log_type":"token"}	2025-05-14 18:33:24.745343+00	
00000000-0000-0000-0000-000000000000	2a610043-2139-4f77-95dd-71d021dbb6d4	{"action":"token_revoked","actor_id":"36abc818-b3a6-440f-933a-79ff41fe5b67","actor_username":"a01722728@tec.mx","actor_via_sso":false,"log_type":"token"}	2025-05-14 18:33:24.745919+00	
00000000-0000-0000-0000-000000000000	8973fbc8-1841-4234-a53e-442ee97241b8	{"action":"token_refreshed","actor_id":"36abc818-b3a6-440f-933a-79ff41fe5b67","actor_username":"a01722728@tec.mx","actor_via_sso":false,"log_type":"token"}	2025-05-14 18:33:24.831329+00	
00000000-0000-0000-0000-000000000000	5ab7c4e7-9e56-45ff-940f-52984e07900b	{"action":"token_revoked","actor_id":"36abc818-b3a6-440f-933a-79ff41fe5b67","actor_username":"a01722728@tec.mx","actor_via_sso":false,"log_type":"token"}	2025-05-14 18:33:24.831901+00	
00000000-0000-0000-0000-000000000000	abcd11fc-eb3e-4d50-b193-f29c2f87032f	{"action":"token_refreshed","actor_id":"36abc818-b3a6-440f-933a-79ff41fe5b67","actor_username":"a01722728@tec.mx","actor_via_sso":false,"log_type":"token"}	2025-05-14 18:33:24.912669+00	
00000000-0000-0000-0000-000000000000	adf0a1af-2fe4-4726-bdd6-9e5a787f73e9	{"action":"token_revoked","actor_id":"36abc818-b3a6-440f-933a-79ff41fe5b67","actor_username":"a01722728@tec.mx","actor_via_sso":false,"log_type":"token"}	2025-05-14 18:33:24.913271+00	
00000000-0000-0000-0000-000000000000	76f8e3a8-c92a-47d2-86ae-2fa3530a2278	{"action":"token_refreshed","actor_id":"36abc818-b3a6-440f-933a-79ff41fe5b67","actor_username":"a01722728@tec.mx","actor_via_sso":false,"log_type":"token"}	2025-05-14 18:33:24.993581+00	
00000000-0000-0000-0000-000000000000	0b0bf953-1607-4dcb-987a-bce208499edd	{"action":"token_revoked","actor_id":"36abc818-b3a6-440f-933a-79ff41fe5b67","actor_username":"a01722728@tec.mx","actor_via_sso":false,"log_type":"token"}	2025-05-14 18:33:24.994176+00	
00000000-0000-0000-0000-000000000000	ca8328ba-681f-42d8-b202-7c296ce8e758	{"action":"token_refreshed","actor_id":"36abc818-b3a6-440f-933a-79ff41fe5b67","actor_username":"a01722728@tec.mx","actor_via_sso":false,"log_type":"token"}	2025-05-14 18:33:26.04071+00	
00000000-0000-0000-0000-000000000000	0fa59a9a-3a87-49d1-8679-5505e0e4212c	{"action":"token_revoked","actor_id":"36abc818-b3a6-440f-933a-79ff41fe5b67","actor_username":"a01722728@tec.mx","actor_via_sso":false,"log_type":"token"}	2025-05-14 18:33:26.041302+00	
00000000-0000-0000-0000-000000000000	2d782c64-a5f7-4a3c-83ec-5b837d71a7f6	{"action":"token_refreshed","actor_id":"5f096705-11c3-49b1-b42c-d7bd17a75439","actor_username":"a01741300@tec.mx","actor_via_sso":false,"log_type":"token"}	2025-04-25 19:21:24.826927+00	
00000000-0000-0000-0000-000000000000	2f955a1f-04b8-4c4a-a446-e6a6685d00bf	{"action":"token_revoked","actor_id":"5f096705-11c3-49b1-b42c-d7bd17a75439","actor_username":"a01741300@tec.mx","actor_via_sso":false,"log_type":"token"}	2025-04-25 19:21:24.830789+00	
00000000-0000-0000-0000-000000000000	50097490-7cc8-4d8f-a1b7-ad308bd38cd3	{"action":"login","actor_id":"5f096705-11c3-49b1-b42c-d7bd17a75439","actor_username":"a01741300@tec.mx","actor_via_sso":false,"log_type":"account","traits":{"provider":"email"}}	2025-04-25 19:21:25.950877+00	
00000000-0000-0000-0000-000000000000	3d19e3bc-c36d-4aaf-b3e8-4494b98245df	{"action":"login","actor_id":"5f096705-11c3-49b1-b42c-d7bd17a75439","actor_username":"a01741300@tec.mx","actor_via_sso":false,"log_type":"account","traits":{"provider":"email"}}	2025-04-25 23:01:05.515074+00	
00000000-0000-0000-0000-000000000000	e8a3c44f-d5a3-4ffe-98fb-d4be15c4ee76	{"action":"token_refreshed","actor_id":"5ad0bb87-f4fc-413c-adba-ef4b0b9402d1","actor_username":"a01198327@tec.mx","actor_via_sso":false,"log_type":"token"}	2025-05-05 06:34:58.160889+00	
00000000-0000-0000-0000-000000000000	00b62ba4-9c30-4ecc-823f-6f9f53d1a595	{"action":"token_revoked","actor_id":"5ad0bb87-f4fc-413c-adba-ef4b0b9402d1","actor_username":"a01198327@tec.mx","actor_via_sso":false,"log_type":"token"}	2025-05-05 06:34:58.186773+00	
00000000-0000-0000-0000-000000000000	3382484c-f42f-4529-bf12-20aa4a588b8d	{"action":"token_refreshed","actor_id":"36abc818-b3a6-440f-933a-79ff41fe5b67","actor_username":"a01722728@tec.mx","actor_via_sso":false,"log_type":"token"}	2025-05-14 18:33:26.141585+00	
00000000-0000-0000-0000-000000000000	637c497b-b735-40af-a977-27591e86eac4	{"action":"token_revoked","actor_id":"36abc818-b3a6-440f-933a-79ff41fe5b67","actor_username":"a01722728@tec.mx","actor_via_sso":false,"log_type":"token"}	2025-05-14 18:33:26.142727+00	
00000000-0000-0000-0000-000000000000	e341e48e-90fd-4984-a3c9-2bf6b1530140	{"action":"token_refreshed","actor_id":"36abc818-b3a6-440f-933a-79ff41fe5b67","actor_username":"a01722728@tec.mx","actor_via_sso":false,"log_type":"token"}	2025-05-14 18:33:26.236046+00	
00000000-0000-0000-0000-000000000000	d29c8ca1-f760-4733-871a-8cd41a994082	{"action":"token_revoked","actor_id":"36abc818-b3a6-440f-933a-79ff41fe5b67","actor_username":"a01722728@tec.mx","actor_via_sso":false,"log_type":"token"}	2025-05-14 18:33:26.236646+00	
00000000-0000-0000-0000-000000000000	ca5d57b8-cebe-4c62-b22e-c32a453c8592	{"action":"token_refreshed","actor_id":"36abc818-b3a6-440f-933a-79ff41fe5b67","actor_username":"a01722728@tec.mx","actor_via_sso":false,"log_type":"token"}	2025-05-14 18:33:26.323253+00	
00000000-0000-0000-0000-000000000000	f48d2cae-6254-432b-94e1-ca422d51e156	{"action":"token_revoked","actor_id":"36abc818-b3a6-440f-933a-79ff41fe5b67","actor_username":"a01722728@tec.mx","actor_via_sso":false,"log_type":"token"}	2025-05-14 18:33:26.323833+00	
00000000-0000-0000-0000-000000000000	2c7c0488-6cb2-4c6e-a007-11fc825a771a	{"action":"token_revoked","actor_id":"36abc818-b3a6-440f-933a-79ff41fe5b67","actor_username":"a01722728@tec.mx","actor_via_sso":false,"log_type":"token"}	2025-05-14 18:47:17.497538+00	
00000000-0000-0000-0000-000000000000	92a0c12f-0886-4e26-a46e-5082641010f1	{"action":"token_refreshed","actor_id":"36abc818-b3a6-440f-933a-79ff41fe5b67","actor_username":"a01722728@tec.mx","actor_via_sso":false,"log_type":"token"}	2025-05-14 18:47:17.606943+00	
00000000-0000-0000-0000-000000000000	fc154ca8-78d6-4106-bec7-536c64a237c8	{"action":"token_revoked","actor_id":"36abc818-b3a6-440f-933a-79ff41fe5b67","actor_username":"a01722728@tec.mx","actor_via_sso":false,"log_type":"token"}	2025-05-14 18:47:17.607583+00	
00000000-0000-0000-0000-000000000000	fc191e5b-f28c-4f95-a1b1-0fff113f7d2d	{"action":"token_refreshed","actor_id":"36abc818-b3a6-440f-933a-79ff41fe5b67","actor_username":"a01722728@tec.mx","actor_via_sso":false,"log_type":"token"}	2025-05-14 18:47:17.72354+00	
00000000-0000-0000-0000-000000000000	2ae18d51-ed70-444c-b744-0c84ddc04167	{"action":"token_revoked","actor_id":"36abc818-b3a6-440f-933a-79ff41fe5b67","actor_username":"a01722728@tec.mx","actor_via_sso":false,"log_type":"token"}	2025-05-14 18:47:17.724689+00	
00000000-0000-0000-0000-000000000000	4184d188-3a7b-47da-9076-7e9218283f5f	{"action":"login","actor_id":"36abc818-b3a6-440f-933a-79ff41fe5b67","actor_username":"a01722728@tec.mx","actor_via_sso":false,"log_type":"account","traits":{"provider":"email"}}	2025-05-14 18:47:24.268533+00	
00000000-0000-0000-0000-000000000000	d6862c7c-efa0-4285-bdd9-6184bf4d4947	{"action":"token_refreshed","actor_id":"36abc818-b3a6-440f-933a-79ff41fe5b67","actor_username":"a01722728@tec.mx","actor_via_sso":false,"log_type":"token"}	2025-05-14 18:47:24.377232+00	
00000000-0000-0000-0000-000000000000	f5ff4496-c10a-4d12-b2c8-58bc33769872	{"action":"token_revoked","actor_id":"36abc818-b3a6-440f-933a-79ff41fe5b67","actor_username":"a01722728@tec.mx","actor_via_sso":false,"log_type":"token"}	2025-05-14 18:47:24.377874+00	
00000000-0000-0000-0000-000000000000	00db7209-64a6-46d1-b4c5-89a68c9129ee	{"action":"token_refreshed","actor_id":"36abc818-b3a6-440f-933a-79ff41fe5b67","actor_username":"a01722728@tec.mx","actor_via_sso":false,"log_type":"token"}	2025-05-14 18:47:24.471766+00	
00000000-0000-0000-0000-000000000000	64b7fd9d-9bc8-4da8-a589-394630c97c6a	{"action":"token_revoked","actor_id":"36abc818-b3a6-440f-933a-79ff41fe5b67","actor_username":"a01722728@tec.mx","actor_via_sso":false,"log_type":"token"}	2025-05-14 18:47:24.47236+00	
00000000-0000-0000-0000-000000000000	8b68090a-b857-47c4-a999-9e10f7a21d3a	{"action":"login","actor_id":"36abc818-b3a6-440f-933a-79ff41fe5b67","actor_username":"a01722728@tec.mx","actor_via_sso":false,"log_type":"account","traits":{"provider":"email"}}	2025-05-14 18:47:33.469232+00	
00000000-0000-0000-0000-000000000000	996cffd1-e545-41b1-961b-5ead90a5455f	{"action":"token_refreshed","actor_id":"36abc818-b3a6-440f-933a-79ff41fe5b67","actor_username":"a01722728@tec.mx","actor_via_sso":false,"log_type":"token"}	2025-05-14 18:47:33.581695+00	
00000000-0000-0000-0000-000000000000	45d42801-f49d-4a81-b3df-7a1cce6911bc	{"action":"token_revoked","actor_id":"36abc818-b3a6-440f-933a-79ff41fe5b67","actor_username":"a01722728@tec.mx","actor_via_sso":false,"log_type":"token"}	2025-05-14 18:47:33.582328+00	
00000000-0000-0000-0000-000000000000	fd23ade7-af87-4ea7-bc5e-d5f7bda02839	{"action":"token_refreshed","actor_id":"36abc818-b3a6-440f-933a-79ff41fe5b67","actor_username":"a01722728@tec.mx","actor_via_sso":false,"log_type":"token"}	2025-05-14 18:47:33.680069+00	
00000000-0000-0000-0000-000000000000	a05a0668-2a36-495d-8e1a-a47581b36085	{"action":"token_revoked","actor_id":"36abc818-b3a6-440f-933a-79ff41fe5b67","actor_username":"a01722728@tec.mx","actor_via_sso":false,"log_type":"token"}	2025-05-14 18:47:33.680698+00	
00000000-0000-0000-0000-000000000000	6c71a861-81f3-4dfc-954c-3adcf2c9adac	{"action":"token_refreshed","actor_id":"36abc818-b3a6-440f-933a-79ff41fe5b67","actor_username":"a01722728@tec.mx","actor_via_sso":false,"log_type":"token"}	2025-05-14 18:47:33.780402+00	
00000000-0000-0000-0000-000000000000	a509c0e2-d2f1-40ee-99c4-9d19a2287b64	{"action":"token_revoked","actor_id":"36abc818-b3a6-440f-933a-79ff41fe5b67","actor_username":"a01722728@tec.mx","actor_via_sso":false,"log_type":"token"}	2025-05-14 18:47:33.781006+00	
00000000-0000-0000-0000-000000000000	7d18ae1f-5adc-4637-ac1f-d70084d4faa8	{"action":"token_refreshed","actor_id":"36abc818-b3a6-440f-933a-79ff41fe5b67","actor_username":"a01722728@tec.mx","actor_via_sso":false,"log_type":"token"}	2025-05-14 18:47:33.876639+00	
00000000-0000-0000-0000-000000000000	afc314ec-a313-4a85-9580-78e6357ecc66	{"action":"token_revoked","actor_id":"36abc818-b3a6-440f-933a-79ff41fe5b67","actor_username":"a01722728@tec.mx","actor_via_sso":false,"log_type":"token"}	2025-05-14 18:47:33.877234+00	
00000000-0000-0000-0000-000000000000	ace21891-2da8-47b5-901d-0e861b3f4f91	{"action":"login","actor_id":"36abc818-b3a6-440f-933a-79ff41fe5b67","actor_username":"a01722728@tec.mx","actor_via_sso":false,"log_type":"account","traits":{"provider":"email"}}	2025-05-14 18:48:09.09956+00	
00000000-0000-0000-0000-000000000000	e1d2cffe-f15d-42b9-beba-20034fc928c4	{"action":"token_refreshed","actor_id":"36abc818-b3a6-440f-933a-79ff41fe5b67","actor_username":"a01722728@tec.mx","actor_via_sso":false,"log_type":"token"}	2025-05-14 18:48:09.22103+00	
00000000-0000-0000-0000-000000000000	6d7ac8af-4b92-4843-920d-ae518c16baee	{"action":"token_revoked","actor_id":"36abc818-b3a6-440f-933a-79ff41fe5b67","actor_username":"a01722728@tec.mx","actor_via_sso":false,"log_type":"token"}	2025-05-14 18:48:09.221685+00	
00000000-0000-0000-0000-000000000000	99296d5f-71ad-4bac-ad53-b995840d1e9b	{"action":"login","actor_id":"5f096705-11c3-49b1-b42c-d7bd17a75439","actor_username":"a01741300@tec.mx","actor_via_sso":false,"log_type":"account","traits":{"provider":"email"}}	2025-04-25 19:29:39.088627+00	
00000000-0000-0000-0000-000000000000	2dffe070-aad5-457e-b774-4142e7dbfcc6	{"action":"token_refreshed","actor_id":"5ad0bb87-f4fc-413c-adba-ef4b0b9402d1","actor_username":"a01198327@tec.mx","actor_via_sso":false,"log_type":"token"}	2025-04-25 23:09:19.626385+00	
00000000-0000-0000-0000-000000000000	54a79c3e-7d12-4856-88ab-e05c82b30af6	{"action":"token_revoked","actor_id":"5ad0bb87-f4fc-413c-adba-ef4b0b9402d1","actor_username":"a01198327@tec.mx","actor_via_sso":false,"log_type":"token"}	2025-04-25 23:09:19.640597+00	
00000000-0000-0000-0000-000000000000	cb14bce4-9eb1-402c-90f2-f4bd90bc1303	{"action":"token_refreshed","actor_id":"5f096705-11c3-49b1-b42c-d7bd17a75439","actor_username":"a01741300@tec.mx","actor_via_sso":false,"log_type":"token"}	2025-05-05 20:16:40.89004+00	
00000000-0000-0000-0000-000000000000	43dc3445-09d0-4828-90e3-3f6b21cd6985	{"action":"token_revoked","actor_id":"5f096705-11c3-49b1-b42c-d7bd17a75439","actor_username":"a01741300@tec.mx","actor_via_sso":false,"log_type":"token"}	2025-05-05 20:16:40.913056+00	
00000000-0000-0000-0000-000000000000	ec4c58db-6557-43ac-8991-c7dbd10d58ed	{"action":"token_refreshed","actor_id":"36abc818-b3a6-440f-933a-79ff41fe5b67","actor_username":"a01722728@tec.mx","actor_via_sso":false,"log_type":"token"}	2025-05-14 18:34:39.839468+00	
00000000-0000-0000-0000-000000000000	2425c2e8-8035-4505-be67-a615175e3535	{"action":"token_revoked","actor_id":"36abc818-b3a6-440f-933a-79ff41fe5b67","actor_username":"a01722728@tec.mx","actor_via_sso":false,"log_type":"token"}	2025-05-14 18:34:39.841805+00	
00000000-0000-0000-0000-000000000000	37058fa3-3bee-4bca-a39f-b5caea712a29	{"action":"token_refreshed","actor_id":"36abc818-b3a6-440f-933a-79ff41fe5b67","actor_username":"a01722728@tec.mx","actor_via_sso":false,"log_type":"token"}	2025-05-14 18:34:40.952794+00	
00000000-0000-0000-0000-000000000000	c9fedecc-7cdc-4586-95a7-6332a425acf8	{"action":"token_revoked","actor_id":"36abc818-b3a6-440f-933a-79ff41fe5b67","actor_username":"a01722728@tec.mx","actor_via_sso":false,"log_type":"token"}	2025-05-14 18:34:40.953395+00	
00000000-0000-0000-0000-000000000000	ff852574-5c76-475c-a960-d9a9e96cc36b	{"action":"token_refreshed","actor_id":"36abc818-b3a6-440f-933a-79ff41fe5b67","actor_username":"a01722728@tec.mx","actor_via_sso":false,"log_type":"token"}	2025-05-14 18:34:41.291019+00	
00000000-0000-0000-0000-000000000000	becdf440-8bac-431b-a990-708b444a85ca	{"action":"token_revoked","actor_id":"36abc818-b3a6-440f-933a-79ff41fe5b67","actor_username":"a01722728@tec.mx","actor_via_sso":false,"log_type":"token"}	2025-05-14 18:34:41.291609+00	
00000000-0000-0000-0000-000000000000	696d331b-0b27-43d0-ae4a-9caf0d999815	{"action":"token_refreshed","actor_id":"36abc818-b3a6-440f-933a-79ff41fe5b67","actor_username":"a01722728@tec.mx","actor_via_sso":false,"log_type":"token"}	2025-05-14 18:34:41.554767+00	
00000000-0000-0000-0000-000000000000	92323f91-4971-493c-ba6b-ae04d8420d11	{"action":"token_revoked","actor_id":"36abc818-b3a6-440f-933a-79ff41fe5b67","actor_username":"a01722728@tec.mx","actor_via_sso":false,"log_type":"token"}	2025-05-14 18:34:41.555339+00	
00000000-0000-0000-0000-000000000000	c740bb4f-a73c-48f1-9455-75311005c296	{"action":"token_refreshed","actor_id":"36abc818-b3a6-440f-933a-79ff41fe5b67","actor_username":"a01722728@tec.mx","actor_via_sso":false,"log_type":"token"}	2025-05-14 18:34:41.755116+00	
00000000-0000-0000-0000-000000000000	b41fdd60-1e3d-4c46-a129-e125a7e71f82	{"action":"token_revoked","actor_id":"36abc818-b3a6-440f-933a-79ff41fe5b67","actor_username":"a01722728@tec.mx","actor_via_sso":false,"log_type":"token"}	2025-05-14 18:34:41.755716+00	
00000000-0000-0000-0000-000000000000	621da227-4247-4943-809d-e6cf8537e6dd	{"action":"token_refreshed","actor_id":"36abc818-b3a6-440f-933a-79ff41fe5b67","actor_username":"a01722728@tec.mx","actor_via_sso":false,"log_type":"token"}	2025-05-14 18:34:41.853105+00	
00000000-0000-0000-0000-000000000000	144b7744-a0a8-4ca5-9dbb-5ecd53891590	{"action":"token_revoked","actor_id":"36abc818-b3a6-440f-933a-79ff41fe5b67","actor_username":"a01722728@tec.mx","actor_via_sso":false,"log_type":"token"}	2025-05-14 18:34:41.853682+00	
00000000-0000-0000-0000-000000000000	00932225-d242-4156-9ed0-bc5e9333b5cb	{"action":"token_refreshed","actor_id":"36abc818-b3a6-440f-933a-79ff41fe5b67","actor_username":"a01722728@tec.mx","actor_via_sso":false,"log_type":"token"}	2025-05-14 18:34:42.02466+00	
00000000-0000-0000-0000-000000000000	3adc3224-d62a-4eec-a9ee-f0d1bc8273ee	{"action":"token_revoked","actor_id":"36abc818-b3a6-440f-933a-79ff41fe5b67","actor_username":"a01722728@tec.mx","actor_via_sso":false,"log_type":"token"}	2025-05-14 18:34:42.025301+00	
00000000-0000-0000-0000-000000000000	f8e4bfc4-d89e-4e30-834d-0cdb0b74cdec	{"action":"token_refreshed","actor_id":"36abc818-b3a6-440f-933a-79ff41fe5b67","actor_username":"a01722728@tec.mx","actor_via_sso":false,"log_type":"token"}	2025-05-14 18:34:42.131947+00	
00000000-0000-0000-0000-000000000000	3e75dbc9-b9ef-4ff8-b284-efbe76490067	{"action":"token_revoked","actor_id":"36abc818-b3a6-440f-933a-79ff41fe5b67","actor_username":"a01722728@tec.mx","actor_via_sso":false,"log_type":"token"}	2025-05-14 18:34:42.132695+00	
00000000-0000-0000-0000-000000000000	e5c267ff-e678-4389-9e5c-64121bf22f60	{"action":"token_refreshed","actor_id":"36abc818-b3a6-440f-933a-79ff41fe5b67","actor_username":"a01722728@tec.mx","actor_via_sso":false,"log_type":"token"}	2025-05-14 18:34:42.239107+00	
00000000-0000-0000-0000-000000000000	93d03896-f5a2-468d-bc1c-5806d0add834	{"action":"token_revoked","actor_id":"36abc818-b3a6-440f-933a-79ff41fe5b67","actor_username":"a01722728@tec.mx","actor_via_sso":false,"log_type":"token"}	2025-05-14 18:34:42.239689+00	
00000000-0000-0000-0000-000000000000	816e26f7-e772-46df-be9a-6477695624bb	{"action":"token_refreshed","actor_id":"36abc818-b3a6-440f-933a-79ff41fe5b67","actor_username":"a01722728@tec.mx","actor_via_sso":false,"log_type":"token"}	2025-05-14 18:34:44.159419+00	
00000000-0000-0000-0000-000000000000	5f4acc6e-d7ed-4df2-b868-f0df7444219e	{"action":"token_revoked","actor_id":"36abc818-b3a6-440f-933a-79ff41fe5b67","actor_username":"a01722728@tec.mx","actor_via_sso":false,"log_type":"token"}	2025-05-14 18:34:44.16002+00	
00000000-0000-0000-0000-000000000000	24bf6f59-7ab5-4b50-92a4-e21b097089ac	{"action":"token_refreshed","actor_id":"36abc818-b3a6-440f-933a-79ff41fe5b67","actor_username":"a01722728@tec.mx","actor_via_sso":false,"log_type":"token"}	2025-05-14 18:34:44.269882+00	
00000000-0000-0000-0000-000000000000	abe28a25-b8d2-45eb-b1ef-029911b6e77f	{"action":"token_revoked","actor_id":"36abc818-b3a6-440f-933a-79ff41fe5b67","actor_username":"a01722728@tec.mx","actor_via_sso":false,"log_type":"token"}	2025-05-14 18:34:44.270638+00	
00000000-0000-0000-0000-000000000000	6db9a500-49a6-4413-9246-3af0418d3461	{"action":"token_refreshed","actor_id":"36abc818-b3a6-440f-933a-79ff41fe5b67","actor_username":"a01722728@tec.mx","actor_via_sso":false,"log_type":"token"}	2025-05-14 18:34:44.455479+00	
00000000-0000-0000-0000-000000000000	7ced7d2a-1a33-400c-a090-3a5740e6b3a5	{"action":"token_revoked","actor_id":"36abc818-b3a6-440f-933a-79ff41fe5b67","actor_username":"a01722728@tec.mx","actor_via_sso":false,"log_type":"token"}	2025-05-14 18:34:44.456121+00	
00000000-0000-0000-0000-000000000000	89975390-1f4b-4377-b1f2-eabb71e00ea0	{"action":"token_refreshed","actor_id":"36abc818-b3a6-440f-933a-79ff41fe5b67","actor_username":"a01722728@tec.mx","actor_via_sso":false,"log_type":"token"}	2025-05-14 18:34:44.562433+00	
00000000-0000-0000-0000-000000000000	214584fd-bb1d-4857-8fd3-ba5bcec0846c	{"action":"token_revoked","actor_id":"36abc818-b3a6-440f-933a-79ff41fe5b67","actor_username":"a01722728@tec.mx","actor_via_sso":false,"log_type":"token"}	2025-05-14 18:34:44.563037+00	
00000000-0000-0000-0000-000000000000	bcce5283-c801-463f-b83c-0127e533e510	{"action":"token_refreshed","actor_id":"36abc818-b3a6-440f-933a-79ff41fe5b67","actor_username":"a01722728@tec.mx","actor_via_sso":false,"log_type":"token"}	2025-05-14 18:34:44.717126+00	
00000000-0000-0000-0000-000000000000	7b85a3b0-52f2-4951-885a-8a4be8ebafe8	{"action":"token_revoked","actor_id":"36abc818-b3a6-440f-933a-79ff41fe5b67","actor_username":"a01722728@tec.mx","actor_via_sso":false,"log_type":"token"}	2025-05-14 18:34:44.717736+00	
00000000-0000-0000-0000-000000000000	c797f575-46a5-41aa-af87-4033620f1877	{"action":"token_refreshed","actor_id":"36abc818-b3a6-440f-933a-79ff41fe5b67","actor_username":"a01722728@tec.mx","actor_via_sso":false,"log_type":"token"}	2025-05-14 18:34:44.890386+00	
00000000-0000-0000-0000-000000000000	45b340d9-87fe-45b1-8a05-b56f9f142484	{"action":"login","actor_id":"5f096705-11c3-49b1-b42c-d7bd17a75439","actor_username":"a01741300@tec.mx","actor_via_sso":false,"log_type":"account","traits":{"provider":"email"}}	2025-04-25 19:31:21.901863+00	
00000000-0000-0000-0000-000000000000	52241dc1-3ef9-433f-9347-cb74ad260e99	{"action":"login","actor_id":"5f096705-11c3-49b1-b42c-d7bd17a75439","actor_username":"a01741300@tec.mx","actor_via_sso":false,"log_type":"account","traits":{"provider":"email"}}	2025-04-25 23:10:32.772522+00	
00000000-0000-0000-0000-000000000000	f936f7ec-10a4-439d-854f-686998be4c4a	{"action":"user_signedup","actor_id":"b5c684f0-24d7-436f-b752-71cd9e361c8f","actor_username":"a00836530@tec.mx","actor_via_sso":false,"log_type":"team","traits":{"provider":"email"}}	2025-05-13 21:04:34.703519+00	
00000000-0000-0000-0000-000000000000	f5511be8-17b9-4bf8-8505-a6f29bf84fb5	{"action":"login","actor_id":"b5c684f0-24d7-436f-b752-71cd9e361c8f","actor_username":"a00836530@tec.mx","actor_via_sso":false,"log_type":"account","traits":{"provider":"email"}}	2025-05-13 21:04:34.720455+00	
00000000-0000-0000-0000-000000000000	f444cb35-f9d6-40a9-840c-160153003b20	{"action":"token_revoked","actor_id":"36abc818-b3a6-440f-933a-79ff41fe5b67","actor_username":"a01722728@tec.mx","actor_via_sso":false,"log_type":"token"}	2025-05-14 18:34:44.891042+00	
00000000-0000-0000-0000-000000000000	7b70699c-0ce6-407f-9c9c-0f7ecd4f0149	{"action":"token_refreshed","actor_id":"36abc818-b3a6-440f-933a-79ff41fe5b67","actor_username":"a01722728@tec.mx","actor_via_sso":false,"log_type":"token"}	2025-05-14 18:34:45.196714+00	
00000000-0000-0000-0000-000000000000	511d0564-6fb6-413d-a2cc-cab79ad23928	{"action":"token_revoked","actor_id":"36abc818-b3a6-440f-933a-79ff41fe5b67","actor_username":"a01722728@tec.mx","actor_via_sso":false,"log_type":"token"}	2025-05-14 18:34:45.1982+00	
00000000-0000-0000-0000-000000000000	e34cbeb7-ddaf-49ab-beb6-7567e78d143e	{"action":"token_refreshed","actor_id":"36abc818-b3a6-440f-933a-79ff41fe5b67","actor_username":"a01722728@tec.mx","actor_via_sso":false,"log_type":"token"}	2025-05-14 18:34:45.290875+00	
00000000-0000-0000-0000-000000000000	2d736266-7deb-42e6-b24f-89570824d85f	{"action":"token_revoked","actor_id":"36abc818-b3a6-440f-933a-79ff41fe5b67","actor_username":"a01722728@tec.mx","actor_via_sso":false,"log_type":"token"}	2025-05-14 18:34:45.291547+00	
00000000-0000-0000-0000-000000000000	b6617dc5-f8b8-4877-a1c9-2dcff38acde7	{"action":"token_refreshed","actor_id":"36abc818-b3a6-440f-933a-79ff41fe5b67","actor_username":"a01722728@tec.mx","actor_via_sso":false,"log_type":"token"}	2025-05-14 18:34:45.54127+00	
00000000-0000-0000-0000-000000000000	b5206297-bc6e-4d5f-91f5-d1270d51c953	{"action":"token_revoked","actor_id":"36abc818-b3a6-440f-933a-79ff41fe5b67","actor_username":"a01722728@tec.mx","actor_via_sso":false,"log_type":"token"}	2025-05-14 18:34:45.541989+00	
00000000-0000-0000-0000-000000000000	e694ff15-6c9b-4ab9-8f02-0fcc95a5ce32	{"action":"token_refreshed","actor_id":"36abc818-b3a6-440f-933a-79ff41fe5b67","actor_username":"a01722728@tec.mx","actor_via_sso":false,"log_type":"token"}	2025-05-14 18:34:45.635841+00	
00000000-0000-0000-0000-000000000000	a7c35441-931e-49c1-9065-dc076de03d48	{"action":"token_revoked","actor_id":"36abc818-b3a6-440f-933a-79ff41fe5b67","actor_username":"a01722728@tec.mx","actor_via_sso":false,"log_type":"token"}	2025-05-14 18:34:45.636467+00	
00000000-0000-0000-0000-000000000000	7fcc41f8-04f3-4ae5-a6d2-002c92e6248e	{"action":"token_refreshed","actor_id":"36abc818-b3a6-440f-933a-79ff41fe5b67","actor_username":"a01722728@tec.mx","actor_via_sso":false,"log_type":"token"}	2025-05-14 18:34:45.832122+00	
00000000-0000-0000-0000-000000000000	4905237b-3df5-4dea-8b1f-204c93b9531b	{"action":"token_revoked","actor_id":"36abc818-b3a6-440f-933a-79ff41fe5b67","actor_username":"a01722728@tec.mx","actor_via_sso":false,"log_type":"token"}	2025-05-14 18:34:45.832751+00	
00000000-0000-0000-0000-000000000000	e5fcb74b-f19d-4f9c-88e9-815d3862e5d9	{"action":"token_refreshed","actor_id":"36abc818-b3a6-440f-933a-79ff41fe5b67","actor_username":"a01722728@tec.mx","actor_via_sso":false,"log_type":"token"}	2025-05-14 18:34:45.939543+00	
00000000-0000-0000-0000-000000000000	256dbd1a-5149-4426-b30d-203d2c26de46	{"action":"token_revoked","actor_id":"36abc818-b3a6-440f-933a-79ff41fe5b67","actor_username":"a01722728@tec.mx","actor_via_sso":false,"log_type":"token"}	2025-05-14 18:34:45.940589+00	
00000000-0000-0000-0000-000000000000	239abf1e-3792-4b5c-b40e-9c03ec5540f1	{"action":"token_refreshed","actor_id":"36abc818-b3a6-440f-933a-79ff41fe5b67","actor_username":"a01722728@tec.mx","actor_via_sso":false,"log_type":"token"}	2025-05-14 18:34:46.168541+00	
00000000-0000-0000-0000-000000000000	344ba8f2-3701-435a-aa06-611131e970cf	{"action":"token_revoked","actor_id":"36abc818-b3a6-440f-933a-79ff41fe5b67","actor_username":"a01722728@tec.mx","actor_via_sso":false,"log_type":"token"}	2025-05-14 18:34:46.169124+00	
00000000-0000-0000-0000-000000000000	a66d2ebd-fbf5-47a7-84ce-d40ef009e9c1	{"action":"token_refreshed","actor_id":"36abc818-b3a6-440f-933a-79ff41fe5b67","actor_username":"a01722728@tec.mx","actor_via_sso":false,"log_type":"token"}	2025-05-14 18:34:46.280787+00	
00000000-0000-0000-0000-000000000000	c81ca2e4-9509-4216-bef6-67a18f6f5078	{"action":"token_revoked","actor_id":"36abc818-b3a6-440f-933a-79ff41fe5b67","actor_username":"a01722728@tec.mx","actor_via_sso":false,"log_type":"token"}	2025-05-14 18:34:46.281385+00	
00000000-0000-0000-0000-000000000000	cc69b4a6-10b8-4241-af5b-33bad0070cd3	{"action":"token_refreshed","actor_id":"36abc818-b3a6-440f-933a-79ff41fe5b67","actor_username":"a01722728@tec.mx","actor_via_sso":false,"log_type":"token"}	2025-05-14 18:34:46.380419+00	
00000000-0000-0000-0000-000000000000	3133adae-66bc-4159-8785-532100f6dedc	{"action":"token_revoked","actor_id":"36abc818-b3a6-440f-933a-79ff41fe5b67","actor_username":"a01722728@tec.mx","actor_via_sso":false,"log_type":"token"}	2025-05-14 18:34:46.381032+00	
00000000-0000-0000-0000-000000000000	c8721488-c747-41d2-91f6-3eedff4c3bfb	{"action":"token_refreshed","actor_id":"36abc818-b3a6-440f-933a-79ff41fe5b67","actor_username":"a01722728@tec.mx","actor_via_sso":false,"log_type":"token"}	2025-05-14 18:34:46.500772+00	
00000000-0000-0000-0000-000000000000	8c89f5a9-8e82-42ec-a8e8-e107f483b716	{"action":"token_revoked","actor_id":"36abc818-b3a6-440f-933a-79ff41fe5b67","actor_username":"a01722728@tec.mx","actor_via_sso":false,"log_type":"token"}	2025-05-14 18:34:46.501365+00	
00000000-0000-0000-0000-000000000000	322df54c-8b4c-40b9-b306-5120e6af21cf	{"action":"token_refreshed","actor_id":"36abc818-b3a6-440f-933a-79ff41fe5b67","actor_username":"a01722728@tec.mx","actor_via_sso":false,"log_type":"token"}	2025-05-14 18:34:46.610055+00	
00000000-0000-0000-0000-000000000000	5a90c712-d636-48c1-ba5d-d8a0ee3f9ca5	{"action":"token_revoked","actor_id":"36abc818-b3a6-440f-933a-79ff41fe5b67","actor_username":"a01722728@tec.mx","actor_via_sso":false,"log_type":"token"}	2025-05-14 18:34:46.610684+00	
00000000-0000-0000-0000-000000000000	05e565c4-2821-4007-9a7e-e6da0a88bdda	{"action":"token_refreshed","actor_id":"36abc818-b3a6-440f-933a-79ff41fe5b67","actor_username":"a01722728@tec.mx","actor_via_sso":false,"log_type":"token"}	2025-05-14 18:34:46.745686+00	
00000000-0000-0000-0000-000000000000	2f075870-addf-4b46-a96d-0d26f16d8461	{"action":"token_revoked","actor_id":"36abc818-b3a6-440f-933a-79ff41fe5b67","actor_username":"a01722728@tec.mx","actor_via_sso":false,"log_type":"token"}	2025-05-14 18:34:46.746331+00	
00000000-0000-0000-0000-000000000000	b385a341-2991-4f56-a070-a07560650f08	{"action":"token_refreshed","actor_id":"36abc818-b3a6-440f-933a-79ff41fe5b67","actor_username":"a01722728@tec.mx","actor_via_sso":false,"log_type":"token"}	2025-05-14 18:34:46.84281+00	
00000000-0000-0000-0000-000000000000	12fe95fe-fbbd-4a2a-a654-8ff016591f11	{"action":"token_revoked","actor_id":"36abc818-b3a6-440f-933a-79ff41fe5b67","actor_username":"a01722728@tec.mx","actor_via_sso":false,"log_type":"token"}	2025-05-14 18:34:46.84355+00	
00000000-0000-0000-0000-000000000000	ce0b0e54-c136-47bc-876c-25b11a2e68ba	{"action":"token_refreshed","actor_id":"36abc818-b3a6-440f-933a-79ff41fe5b67","actor_username":"a01722728@tec.mx","actor_via_sso":false,"log_type":"token"}	2025-05-14 18:34:46.939013+00	
00000000-0000-0000-0000-000000000000	5263cff0-6a3f-4519-b268-60f79e559ba9	{"action":"token_revoked","actor_id":"36abc818-b3a6-440f-933a-79ff41fe5b67","actor_username":"a01722728@tec.mx","actor_via_sso":false,"log_type":"token"}	2025-05-14 18:34:46.939613+00	
00000000-0000-0000-0000-000000000000	4b046d8a-a04f-4fb5-a884-b42beb212208	{"action":"token_refreshed","actor_id":"36abc818-b3a6-440f-933a-79ff41fe5b67","actor_username":"a01722728@tec.mx","actor_via_sso":false,"log_type":"token"}	2025-05-14 18:34:47.049927+00	
00000000-0000-0000-0000-000000000000	124d6b8c-6b7b-4289-a7f0-201b702afdc4	{"action":"login","actor_id":"5f096705-11c3-49b1-b42c-d7bd17a75439","actor_username":"a01741300@tec.mx","actor_via_sso":false,"log_type":"account","traits":{"provider":"email"}}	2025-04-25 19:36:20.637232+00	
00000000-0000-0000-0000-000000000000	23eb83d0-b4af-4be9-a465-27a3da24ab23	{"action":"logout","actor_id":"5f096705-11c3-49b1-b42c-d7bd17a75439","actor_username":"a01741300@tec.mx","actor_via_sso":false,"log_type":"account"}	2025-04-25 23:16:45.007385+00	
00000000-0000-0000-0000-000000000000	8c76da87-33b0-4c64-899e-fb33414729bb	{"action":"login","actor_id":"36abc818-b3a6-440f-933a-79ff41fe5b67","actor_username":"a01722728@tec.mx","actor_via_sso":false,"log_type":"account","traits":{"provider":"email"}}	2025-04-25 23:17:14.453003+00	
00000000-0000-0000-0000-000000000000	1553ad9f-1a5c-4e46-a0c5-4fea09d9b199	{"action":"user_signedup","actor_id":"386e63ba-dc8f-4af6-9447-44f7976a4a0c","actor_username":"rantonion2004@outlook.com","actor_via_sso":false,"log_type":"team","traits":{"provider":"email"}}	2025-05-13 21:07:21.647144+00	
00000000-0000-0000-0000-000000000000	784cb110-7003-43df-a5b0-746502b4464d	{"action":"login","actor_id":"386e63ba-dc8f-4af6-9447-44f7976a4a0c","actor_username":"rantonion2004@outlook.com","actor_via_sso":false,"log_type":"account","traits":{"provider":"email"}}	2025-05-13 21:07:21.656275+00	
00000000-0000-0000-0000-000000000000	f7debd41-a062-4e5b-af79-fed58c7981ed	{"action":"user_recovery_requested","actor_id":"386e63ba-dc8f-4af6-9447-44f7976a4a0c","actor_username":"rantonion2004@outlook.com","actor_via_sso":false,"log_type":"user"}	2025-05-13 21:08:21.919265+00	
00000000-0000-0000-0000-000000000000	062d82e5-8cc4-440b-babb-52291847c658	{"action":"login","actor_id":"386e63ba-dc8f-4af6-9447-44f7976a4a0c","actor_username":"rantonion2004@outlook.com","actor_via_sso":false,"log_type":"account"}	2025-05-13 21:08:34.837307+00	
00000000-0000-0000-0000-000000000000	c4f0a70b-ad12-4c1c-8050-9b33c9ad4394	{"action":"user_updated_password","actor_id":"386e63ba-dc8f-4af6-9447-44f7976a4a0c","actor_username":"rantonion2004@outlook.com","actor_via_sso":false,"log_type":"user"}	2025-05-13 21:08:43.512398+00	
00000000-0000-0000-0000-000000000000	07b73db4-9cfd-4de6-a2e1-c9fe0ed5e1a9	{"action":"user_modified","actor_id":"386e63ba-dc8f-4af6-9447-44f7976a4a0c","actor_username":"rantonion2004@outlook.com","actor_via_sso":false,"log_type":"user"}	2025-05-13 21:08:43.514399+00	
00000000-0000-0000-0000-000000000000	db068878-c0e3-426c-bc05-6eb20cd08d10	{"action":"login","actor_id":"386e63ba-dc8f-4af6-9447-44f7976a4a0c","actor_username":"rantonion2004@outlook.com","actor_via_sso":false,"log_type":"account","traits":{"provider":"email"}}	2025-05-13 21:08:51.216583+00	
00000000-0000-0000-0000-000000000000	3aeffba7-3813-4cd3-9f93-263579bf12d6	{"action":"token_revoked","actor_id":"36abc818-b3a6-440f-933a-79ff41fe5b67","actor_username":"a01722728@tec.mx","actor_via_sso":false,"log_type":"token"}	2025-05-14 18:34:47.050536+00	
00000000-0000-0000-0000-000000000000	affb3fd3-07ff-4409-82ca-845612f6981d	{"action":"token_refreshed","actor_id":"36abc818-b3a6-440f-933a-79ff41fe5b67","actor_username":"a01722728@tec.mx","actor_via_sso":false,"log_type":"token"}	2025-05-14 18:34:47.154136+00	
00000000-0000-0000-0000-000000000000	54edf86e-668c-45e6-a532-702571090d80	{"action":"token_revoked","actor_id":"36abc818-b3a6-440f-933a-79ff41fe5b67","actor_username":"a01722728@tec.mx","actor_via_sso":false,"log_type":"token"}	2025-05-14 18:34:47.154767+00	
00000000-0000-0000-0000-000000000000	1c54c829-4949-454c-b4d8-c1320ae0f4be	{"action":"token_refreshed","actor_id":"36abc818-b3a6-440f-933a-79ff41fe5b67","actor_username":"a01722728@tec.mx","actor_via_sso":false,"log_type":"token"}	2025-05-14 18:34:47.259825+00	
00000000-0000-0000-0000-000000000000	7dd66df0-3b86-43ef-852c-3a8263e67693	{"action":"token_revoked","actor_id":"36abc818-b3a6-440f-933a-79ff41fe5b67","actor_username":"a01722728@tec.mx","actor_via_sso":false,"log_type":"token"}	2025-05-14 18:34:47.260459+00	
00000000-0000-0000-0000-000000000000	5c3d53c4-f9d1-4e6c-8d10-4a1a92a2505f	{"action":"token_refreshed","actor_id":"36abc818-b3a6-440f-933a-79ff41fe5b67","actor_username":"a01722728@tec.mx","actor_via_sso":false,"log_type":"token"}	2025-05-14 18:34:47.368196+00	
00000000-0000-0000-0000-000000000000	a603927e-63cd-4a50-b09e-f6700beb7307	{"action":"token_revoked","actor_id":"36abc818-b3a6-440f-933a-79ff41fe5b67","actor_username":"a01722728@tec.mx","actor_via_sso":false,"log_type":"token"}	2025-05-14 18:34:47.368857+00	
00000000-0000-0000-0000-000000000000	93ed599f-b827-41a1-aec7-ba792733d64d	{"action":"token_refreshed","actor_id":"36abc818-b3a6-440f-933a-79ff41fe5b67","actor_username":"a01722728@tec.mx","actor_via_sso":false,"log_type":"token"}	2025-05-14 18:48:09.370425+00	
00000000-0000-0000-0000-000000000000	587a2622-b6d3-4a0d-b3f4-a697c27afabe	{"action":"token_revoked","actor_id":"36abc818-b3a6-440f-933a-79ff41fe5b67","actor_username":"a01722728@tec.mx","actor_via_sso":false,"log_type":"token"}	2025-05-14 18:48:09.371121+00	
00000000-0000-0000-0000-000000000000	aacdce09-2f6b-494a-9333-4f5e9aefe361	{"action":"token_refreshed","actor_id":"36abc818-b3a6-440f-933a-79ff41fe5b67","actor_username":"a01722728@tec.mx","actor_via_sso":false,"log_type":"token"}	2025-05-14 18:48:09.490935+00	
00000000-0000-0000-0000-000000000000	148a9a72-1f3b-49e4-8771-9c2e3bde350c	{"action":"token_revoked","actor_id":"36abc818-b3a6-440f-933a-79ff41fe5b67","actor_username":"a01722728@tec.mx","actor_via_sso":false,"log_type":"token"}	2025-05-14 18:48:09.491505+00	
00000000-0000-0000-0000-000000000000	9c215387-27f9-464c-904e-bf4ea1d32960	{"action":"token_refreshed","actor_id":"36abc818-b3a6-440f-933a-79ff41fe5b67","actor_username":"a01722728@tec.mx","actor_via_sso":false,"log_type":"token"}	2025-05-14 18:48:09.609939+00	
00000000-0000-0000-0000-000000000000	d79e4dd0-fdb3-4835-b347-ea0d2f24f09d	{"action":"token_revoked","actor_id":"36abc818-b3a6-440f-933a-79ff41fe5b67","actor_username":"a01722728@tec.mx","actor_via_sso":false,"log_type":"token"}	2025-05-14 18:48:09.61059+00	
00000000-0000-0000-0000-000000000000	36a88bbb-fab9-42f4-aa23-379424fe7522	{"action":"token_refreshed","actor_id":"36abc818-b3a6-440f-933a-79ff41fe5b67","actor_username":"a01722728@tec.mx","actor_via_sso":false,"log_type":"token"}	2025-05-14 18:48:09.713109+00	
00000000-0000-0000-0000-000000000000	d9402d97-5ece-4a2b-a1b5-1df2bff2c39b	{"action":"token_revoked","actor_id":"36abc818-b3a6-440f-933a-79ff41fe5b67","actor_username":"a01722728@tec.mx","actor_via_sso":false,"log_type":"token"}	2025-05-14 18:48:09.713764+00	
00000000-0000-0000-0000-000000000000	28167c11-538c-4a23-bdc4-f9650ea97b92	{"action":"token_refreshed","actor_id":"36abc818-b3a6-440f-933a-79ff41fe5b67","actor_username":"a01722728@tec.mx","actor_via_sso":false,"log_type":"token"}	2025-05-14 18:48:10.022014+00	
00000000-0000-0000-0000-000000000000	e17e1d20-74c6-4965-8de3-d8a96bc2c781	{"action":"token_revoked","actor_id":"36abc818-b3a6-440f-933a-79ff41fe5b67","actor_username":"a01722728@tec.mx","actor_via_sso":false,"log_type":"token"}	2025-05-14 18:48:10.022624+00	
00000000-0000-0000-0000-000000000000	2d23f761-24d7-496f-a44b-8ac65dd66d9f	{"action":"token_refreshed","actor_id":"36abc818-b3a6-440f-933a-79ff41fe5b67","actor_username":"a01722728@tec.mx","actor_via_sso":false,"log_type":"token"}	2025-05-14 18:48:10.136755+00	
00000000-0000-0000-0000-000000000000	f4687e21-a2e4-4852-861d-37c5ed2a3df0	{"action":"token_revoked","actor_id":"36abc818-b3a6-440f-933a-79ff41fe5b67","actor_username":"a01722728@tec.mx","actor_via_sso":false,"log_type":"token"}	2025-05-14 18:48:10.137359+00	
00000000-0000-0000-0000-000000000000	4e8e2b1c-fa5e-4850-9517-f7745706f132	{"action":"token_refreshed","actor_id":"36abc818-b3a6-440f-933a-79ff41fe5b67","actor_username":"a01722728@tec.mx","actor_via_sso":false,"log_type":"token"}	2025-05-14 18:48:10.268282+00	
00000000-0000-0000-0000-000000000000	1b1daacd-8e65-4bb7-b4fa-6871ced51891	{"action":"token_revoked","actor_id":"36abc818-b3a6-440f-933a-79ff41fe5b67","actor_username":"a01722728@tec.mx","actor_via_sso":false,"log_type":"token"}	2025-05-14 18:48:10.268864+00	
00000000-0000-0000-0000-000000000000	b2c2db06-1a7a-4ec9-b1e7-1e2d3a4efd9d	{"action":"token_refreshed","actor_id":"36abc818-b3a6-440f-933a-79ff41fe5b67","actor_username":"a01722728@tec.mx","actor_via_sso":false,"log_type":"token"}	2025-05-14 18:48:10.3703+00	
00000000-0000-0000-0000-000000000000	3fbd906d-c8e4-4cf3-b4b5-9b96eaa2011e	{"action":"token_revoked","actor_id":"36abc818-b3a6-440f-933a-79ff41fe5b67","actor_username":"a01722728@tec.mx","actor_via_sso":false,"log_type":"token"}	2025-05-14 18:48:10.370855+00	
00000000-0000-0000-0000-000000000000	136a03ea-c212-4e4d-a187-ed6a384863c1	{"action":"login","actor_id":"5f096705-11c3-49b1-b42c-d7bd17a75439","actor_username":"a01741300@tec.mx","actor_via_sso":false,"log_type":"account","traits":{"provider":"email"}}	2025-04-25 19:46:05.3027+00	
00000000-0000-0000-0000-000000000000	d9177e67-7c79-4af7-9d1c-77beb122f3bc	{"action":"logout","actor_id":"36abc818-b3a6-440f-933a-79ff41fe5b67","actor_username":"a01722728@tec.mx","actor_via_sso":false,"log_type":"account"}	2025-04-25 23:22:10.780784+00	
00000000-0000-0000-0000-000000000000	ad8322eb-c3b1-4a67-a928-36436bfce90d	{"action":"user_recovery_requested","actor_id":"386e63ba-dc8f-4af6-9447-44f7976a4a0c","actor_username":"rantonion2004@outlook.com","actor_via_sso":false,"log_type":"user"}	2025-05-13 21:14:04.886878+00	
00000000-0000-0000-0000-000000000000	c51cd425-0121-4a6e-ac94-1c9ee7d3e228	{"action":"login","actor_id":"386e63ba-dc8f-4af6-9447-44f7976a4a0c","actor_username":"rantonion2004@outlook.com","actor_via_sso":false,"log_type":"account"}	2025-05-13 21:14:12.99634+00	
00000000-0000-0000-0000-000000000000	b86b628e-17da-49b4-a5b8-0690c4f4cc24	{"action":"login","actor_id":"386e63ba-dc8f-4af6-9447-44f7976a4a0c","actor_username":"rantonion2004@outlook.com","actor_via_sso":false,"log_type":"account","traits":{"provider":"email"}}	2025-05-13 21:14:42.82466+00	
00000000-0000-0000-0000-000000000000	5136c7db-a63d-4c93-bd77-2b30e21e8652	{"action":"user_recovery_requested","actor_id":"b5c684f0-24d7-436f-b752-71cd9e361c8f","actor_username":"a00836530@tec.mx","actor_via_sso":false,"log_type":"user"}	2025-05-13 21:15:01.005177+00	
00000000-0000-0000-0000-000000000000	c9100aeb-3e4d-4d96-bccc-997ed798fb38	{"action":"login","actor_id":"b5c684f0-24d7-436f-b752-71cd9e361c8f","actor_username":"a00836530@tec.mx","actor_via_sso":false,"log_type":"account"}	2025-05-13 21:15:11.508492+00	
00000000-0000-0000-0000-000000000000	163f06bb-010e-4bfd-94e4-c9a8fa0b07e8	{"action":"login","actor_id":"36abc818-b3a6-440f-933a-79ff41fe5b67","actor_username":"a01722728@tec.mx","actor_via_sso":false,"log_type":"account","traits":{"provider":"email"}}	2025-05-14 18:35:22.871555+00	
00000000-0000-0000-0000-000000000000	31f8dccd-59e5-4e41-bde3-a408703e4507	{"action":"token_refreshed","actor_id":"36abc818-b3a6-440f-933a-79ff41fe5b67","actor_username":"a01722728@tec.mx","actor_via_sso":false,"log_type":"token"}	2025-05-14 18:35:22.992598+00	
00000000-0000-0000-0000-000000000000	49544c43-b985-4f93-b9dd-062caa8c9589	{"action":"token_revoked","actor_id":"36abc818-b3a6-440f-933a-79ff41fe5b67","actor_username":"a01722728@tec.mx","actor_via_sso":false,"log_type":"token"}	2025-05-14 18:35:22.993157+00	
00000000-0000-0000-0000-000000000000	0b221f55-fdbc-4e5d-91f8-0b17f35c52fd	{"action":"token_refreshed","actor_id":"36abc818-b3a6-440f-933a-79ff41fe5b67","actor_username":"a01722728@tec.mx","actor_via_sso":false,"log_type":"token"}	2025-05-14 18:35:23.101228+00	
00000000-0000-0000-0000-000000000000	c4473ae1-6707-4f9a-b36b-5ce4ba295368	{"action":"token_revoked","actor_id":"36abc818-b3a6-440f-933a-79ff41fe5b67","actor_username":"a01722728@tec.mx","actor_via_sso":false,"log_type":"token"}	2025-05-14 18:35:23.101797+00	
00000000-0000-0000-0000-000000000000	7d955d42-0476-4482-97fb-3b847b140c91	{"action":"token_refreshed","actor_id":"36abc818-b3a6-440f-933a-79ff41fe5b67","actor_username":"a01722728@tec.mx","actor_via_sso":false,"log_type":"token"}	2025-05-14 18:35:23.200331+00	
00000000-0000-0000-0000-000000000000	f27115b3-afd5-445c-b7ec-1fd513103e85	{"action":"token_revoked","actor_id":"36abc818-b3a6-440f-933a-79ff41fe5b67","actor_username":"a01722728@tec.mx","actor_via_sso":false,"log_type":"token"}	2025-05-14 18:35:23.201015+00	
00000000-0000-0000-0000-000000000000	fa985252-a1b2-4323-92b5-94ac8e831f4f	{"action":"token_refreshed","actor_id":"36abc818-b3a6-440f-933a-79ff41fe5b67","actor_username":"a01722728@tec.mx","actor_via_sso":false,"log_type":"token"}	2025-05-14 18:35:23.307912+00	
00000000-0000-0000-0000-000000000000	b721951d-f259-4dff-b785-c68a16d77cc2	{"action":"token_revoked","actor_id":"36abc818-b3a6-440f-933a-79ff41fe5b67","actor_username":"a01722728@tec.mx","actor_via_sso":false,"log_type":"token"}	2025-05-14 18:35:23.308596+00	
00000000-0000-0000-0000-000000000000	8bfafd6b-a013-4045-8761-0df3a652ed29	{"action":"token_refreshed","actor_id":"36abc818-b3a6-440f-933a-79ff41fe5b67","actor_username":"a01722728@tec.mx","actor_via_sso":false,"log_type":"token"}	2025-05-14 18:35:23.419578+00	
00000000-0000-0000-0000-000000000000	49fcdb30-bb5e-4225-bc5a-80da7c3609a6	{"action":"token_revoked","actor_id":"36abc818-b3a6-440f-933a-79ff41fe5b67","actor_username":"a01722728@tec.mx","actor_via_sso":false,"log_type":"token"}	2025-05-14 18:35:23.420182+00	
00000000-0000-0000-0000-000000000000	4cf44638-0ccb-4da7-8449-9230fd197296	{"action":"token_refreshed","actor_id":"36abc818-b3a6-440f-933a-79ff41fe5b67","actor_username":"a01722728@tec.mx","actor_via_sso":false,"log_type":"token"}	2025-05-14 18:35:23.821409+00	
00000000-0000-0000-0000-000000000000	f644e8bc-49c1-4c24-aa4c-f413f12b57f0	{"action":"token_revoked","actor_id":"36abc818-b3a6-440f-933a-79ff41fe5b67","actor_username":"a01722728@tec.mx","actor_via_sso":false,"log_type":"token"}	2025-05-14 18:35:23.822037+00	
00000000-0000-0000-0000-000000000000	056bcb04-d770-4ddb-89bb-8b7014ebfd1c	{"action":"token_refreshed","actor_id":"36abc818-b3a6-440f-933a-79ff41fe5b67","actor_username":"a01722728@tec.mx","actor_via_sso":false,"log_type":"token"}	2025-05-14 18:35:23.915196+00	
00000000-0000-0000-0000-000000000000	f623db34-9666-4086-b828-25cbcf820489	{"action":"token_revoked","actor_id":"36abc818-b3a6-440f-933a-79ff41fe5b67","actor_username":"a01722728@tec.mx","actor_via_sso":false,"log_type":"token"}	2025-05-14 18:35:23.915775+00	
00000000-0000-0000-0000-000000000000	bc25fffe-4a4a-4e62-bf9e-8c582d05766c	{"action":"token_refreshed","actor_id":"36abc818-b3a6-440f-933a-79ff41fe5b67","actor_username":"a01722728@tec.mx","actor_via_sso":false,"log_type":"token"}	2025-05-14 18:35:24.016966+00	
00000000-0000-0000-0000-000000000000	4fdc5649-1bb4-4ad2-92e6-4bab72075f54	{"action":"token_revoked","actor_id":"36abc818-b3a6-440f-933a-79ff41fe5b67","actor_username":"a01722728@tec.mx","actor_via_sso":false,"log_type":"token"}	2025-05-14 18:35:24.017642+00	
00000000-0000-0000-0000-000000000000	1621e65d-3573-4368-ac61-d5a3411f8bfc	{"action":"token_refreshed","actor_id":"36abc818-b3a6-440f-933a-79ff41fe5b67","actor_username":"a01722728@tec.mx","actor_via_sso":false,"log_type":"token"}	2025-05-14 18:35:24.126202+00	
00000000-0000-0000-0000-000000000000	ffe1f5f6-b0a3-4f52-a462-018c6eedad47	{"action":"token_revoked","actor_id":"36abc818-b3a6-440f-933a-79ff41fe5b67","actor_username":"a01722728@tec.mx","actor_via_sso":false,"log_type":"token"}	2025-05-14 18:35:24.126807+00	
00000000-0000-0000-0000-000000000000	48a563ae-e236-446a-bc4b-27b331e4511e	{"action":"token_refreshed","actor_id":"36abc818-b3a6-440f-933a-79ff41fe5b67","actor_username":"a01722728@tec.mx","actor_via_sso":false,"log_type":"token"}	2025-05-14 18:35:24.238482+00	
00000000-0000-0000-0000-000000000000	c376d0e1-4e80-44ff-afb2-5feaec06952b	{"action":"token_revoked","actor_id":"36abc818-b3a6-440f-933a-79ff41fe5b67","actor_username":"a01722728@tec.mx","actor_via_sso":false,"log_type":"token"}	2025-05-14 18:35:24.239068+00	
00000000-0000-0000-0000-000000000000	970aea36-3ca3-4d06-9441-4ac9c9bb4a03	{"action":"token_refreshed","actor_id":"36abc818-b3a6-440f-933a-79ff41fe5b67","actor_username":"a01722728@tec.mx","actor_via_sso":false,"log_type":"token"}	2025-05-14 18:35:24.363244+00	
00000000-0000-0000-0000-000000000000	204195ab-c44d-475a-bcce-b96480fa8b7a	{"action":"token_revoked","actor_id":"36abc818-b3a6-440f-933a-79ff41fe5b67","actor_username":"a01722728@tec.mx","actor_via_sso":false,"log_type":"token"}	2025-05-14 18:35:24.364005+00	
00000000-0000-0000-0000-000000000000	dd65891b-659d-49cf-9f10-09f89674103b	{"action":"token_refreshed","actor_id":"36abc818-b3a6-440f-933a-79ff41fe5b67","actor_username":"a01722728@tec.mx","actor_via_sso":false,"log_type":"token"}	2025-05-14 18:35:24.509776+00	
00000000-0000-0000-0000-000000000000	0bd71625-e132-4a6d-a210-666fbb30ac36	{"action":"token_revoked","actor_id":"36abc818-b3a6-440f-933a-79ff41fe5b67","actor_username":"a01722728@tec.mx","actor_via_sso":false,"log_type":"token"}	2025-05-14 18:35:24.51041+00	
00000000-0000-0000-0000-000000000000	fe4f3a7e-39d3-41c0-a33a-57bd832d357a	{"action":"token_refreshed","actor_id":"36abc818-b3a6-440f-933a-79ff41fe5b67","actor_username":"a01722728@tec.mx","actor_via_sso":false,"log_type":"token"}	2025-05-14 18:35:24.64099+00	
00000000-0000-0000-0000-000000000000	8e385abb-77bf-49cc-9626-dd3287e816bf	{"action":"token_revoked","actor_id":"36abc818-b3a6-440f-933a-79ff41fe5b67","actor_username":"a01722728@tec.mx","actor_via_sso":false,"log_type":"token"}	2025-05-14 18:35:24.641578+00	
00000000-0000-0000-0000-000000000000	6d3b4a8b-b4a2-4a1f-acd7-b86becf32192	{"action":"login","actor_id":"5f096705-11c3-49b1-b42c-d7bd17a75439","actor_username":"a01741300@tec.mx","actor_via_sso":false,"log_type":"account","traits":{"provider":"email"}}	2025-04-25 19:56:44.031442+00	
00000000-0000-0000-0000-000000000000	29107c87-ed25-4c59-aa59-87aaf72d9e5a	{"action":"token_refreshed","actor_id":"900fdfaf-7517-4876-8d20-b83da73a8347","actor_username":"correoprofesional@gmail.com","actor_via_sso":false,"log_type":"token"}	2025-04-28 22:27:17.523759+00	
00000000-0000-0000-0000-000000000000	1245eb8e-8afa-4fd6-97ab-86010e50d5e2	{"action":"token_revoked","actor_id":"900fdfaf-7517-4876-8d20-b83da73a8347","actor_username":"correoprofesional@gmail.com","actor_via_sso":false,"log_type":"token"}	2025-04-28 22:27:17.542462+00	
00000000-0000-0000-0000-000000000000	939aac9f-728a-41df-8a24-99c69e3acadb	{"action":"login","actor_id":"5f096705-11c3-49b1-b42c-d7bd17a75439","actor_username":"a01741300@tec.mx","actor_via_sso":false,"log_type":"account","traits":{"provider":"email"}}	2025-04-28 22:27:31.449269+00	
00000000-0000-0000-0000-000000000000	143fc4f9-c821-453c-a28e-fe4928071a63	{"action":"user_updated_password","actor_id":"b5c684f0-24d7-436f-b752-71cd9e361c8f","actor_username":"a00836530@tec.mx","actor_via_sso":false,"log_type":"user"}	2025-05-13 21:15:18.439389+00	
00000000-0000-0000-0000-000000000000	65936a5b-0f38-47bc-ab85-200ca0658b09	{"action":"user_modified","actor_id":"b5c684f0-24d7-436f-b752-71cd9e361c8f","actor_username":"a00836530@tec.mx","actor_via_sso":false,"log_type":"user"}	2025-05-13 21:15:18.441108+00	
00000000-0000-0000-0000-000000000000	6ad2964e-b6c5-4435-b31d-707853a0fbe5	{"action":"login","actor_id":"b5c684f0-24d7-436f-b752-71cd9e361c8f","actor_username":"a00836530@tec.mx","actor_via_sso":false,"log_type":"account","traits":{"provider":"email"}}	2025-05-13 21:15:50.217565+00	
00000000-0000-0000-0000-000000000000	47466d67-6716-4cba-ae52-b0c161e1b4d0	{"action":"token_refreshed","actor_id":"36abc818-b3a6-440f-933a-79ff41fe5b67","actor_username":"a01722728@tec.mx","actor_via_sso":false,"log_type":"token"}	2025-05-14 18:35:24.764201+00	
00000000-0000-0000-0000-000000000000	0396a190-cbe5-44cf-b5f0-9881d9b9c10c	{"action":"token_revoked","actor_id":"36abc818-b3a6-440f-933a-79ff41fe5b67","actor_username":"a01722728@tec.mx","actor_via_sso":false,"log_type":"token"}	2025-05-14 18:35:24.764821+00	
00000000-0000-0000-0000-000000000000	7d3f5949-40d4-4540-a096-53b65d08bb34	{"action":"token_refreshed","actor_id":"36abc818-b3a6-440f-933a-79ff41fe5b67","actor_username":"a01722728@tec.mx","actor_via_sso":false,"log_type":"token"}	2025-05-14 18:35:24.868948+00	
00000000-0000-0000-0000-000000000000	9ef50bf5-cf73-4120-9da0-b2e0bae60275	{"action":"token_revoked","actor_id":"36abc818-b3a6-440f-933a-79ff41fe5b67","actor_username":"a01722728@tec.mx","actor_via_sso":false,"log_type":"token"}	2025-05-14 18:35:24.869527+00	
00000000-0000-0000-0000-000000000000	eafb11a3-a692-482e-bac7-5a789817bb23	{"action":"token_refreshed","actor_id":"36abc818-b3a6-440f-933a-79ff41fe5b67","actor_username":"a01722728@tec.mx","actor_via_sso":false,"log_type":"token"}	2025-05-14 18:35:24.975928+00	
00000000-0000-0000-0000-000000000000	69cde442-4e28-4c34-8eb3-e1b8c10c6762	{"action":"token_revoked","actor_id":"36abc818-b3a6-440f-933a-79ff41fe5b67","actor_username":"a01722728@tec.mx","actor_via_sso":false,"log_type":"token"}	2025-05-14 18:35:24.97649+00	
00000000-0000-0000-0000-000000000000	94bc7524-acb4-4d3b-b063-7d1370cbcef9	{"action":"token_refreshed","actor_id":"36abc818-b3a6-440f-933a-79ff41fe5b67","actor_username":"a01722728@tec.mx","actor_via_sso":false,"log_type":"token"}	2025-05-14 18:35:25.084903+00	
00000000-0000-0000-0000-000000000000	4f735d5c-8630-4b08-9501-87ea38bff77e	{"action":"token_revoked","actor_id":"36abc818-b3a6-440f-933a-79ff41fe5b67","actor_username":"a01722728@tec.mx","actor_via_sso":false,"log_type":"token"}	2025-05-14 18:35:25.08555+00	
00000000-0000-0000-0000-000000000000	f436f445-61ee-465c-9fb1-914c0b9daade	{"action":"token_refreshed","actor_id":"36abc818-b3a6-440f-933a-79ff41fe5b67","actor_username":"a01722728@tec.mx","actor_via_sso":false,"log_type":"token"}	2025-05-14 18:35:30.933107+00	
00000000-0000-0000-0000-000000000000	7fd5db0d-2cd7-4ae3-8e0b-41553c6941ef	{"action":"token_revoked","actor_id":"36abc818-b3a6-440f-933a-79ff41fe5b67","actor_username":"a01722728@tec.mx","actor_via_sso":false,"log_type":"token"}	2025-05-14 18:35:30.933733+00	
00000000-0000-0000-0000-000000000000	17de8abd-271b-400e-a279-8fd2aa265cc7	{"action":"token_refreshed","actor_id":"36abc818-b3a6-440f-933a-79ff41fe5b67","actor_username":"a01722728@tec.mx","actor_via_sso":false,"log_type":"token"}	2025-05-14 18:35:31.021224+00	
00000000-0000-0000-0000-000000000000	ae5f7e8f-4bb0-4076-af58-f85fc0b72a08	{"action":"token_revoked","actor_id":"36abc818-b3a6-440f-933a-79ff41fe5b67","actor_username":"a01722728@tec.mx","actor_via_sso":false,"log_type":"token"}	2025-05-14 18:35:31.021825+00	
00000000-0000-0000-0000-000000000000	6d706398-e4a2-4949-8e36-2e36614262f3	{"action":"token_refreshed","actor_id":"36abc818-b3a6-440f-933a-79ff41fe5b67","actor_username":"a01722728@tec.mx","actor_via_sso":false,"log_type":"token"}	2025-05-14 18:35:32.276275+00	
00000000-0000-0000-0000-000000000000	e64ad312-bff8-41d8-ab49-265829b13dc0	{"action":"token_revoked","actor_id":"36abc818-b3a6-440f-933a-79ff41fe5b67","actor_username":"a01722728@tec.mx","actor_via_sso":false,"log_type":"token"}	2025-05-14 18:35:32.277825+00	
00000000-0000-0000-0000-000000000000	bbb6353f-c006-47df-bf4b-235d8a8118b4	{"action":"token_refreshed","actor_id":"36abc818-b3a6-440f-933a-79ff41fe5b67","actor_username":"a01722728@tec.mx","actor_via_sso":false,"log_type":"token"}	2025-05-14 18:35:32.388849+00	
00000000-0000-0000-0000-000000000000	dc76101f-2afc-40b9-8e58-959af5412593	{"action":"token_revoked","actor_id":"36abc818-b3a6-440f-933a-79ff41fe5b67","actor_username":"a01722728@tec.mx","actor_via_sso":false,"log_type":"token"}	2025-05-14 18:35:32.389437+00	
00000000-0000-0000-0000-000000000000	1f3b0ded-0f0a-403b-be93-744253bd0645	{"action":"token_refreshed","actor_id":"36abc818-b3a6-440f-933a-79ff41fe5b67","actor_username":"a01722728@tec.mx","actor_via_sso":false,"log_type":"token"}	2025-05-14 18:35:34.740393+00	
00000000-0000-0000-0000-000000000000	adc8d783-4374-45c6-8c57-4612a9a19ea8	{"action":"token_revoked","actor_id":"36abc818-b3a6-440f-933a-79ff41fe5b67","actor_username":"a01722728@tec.mx","actor_via_sso":false,"log_type":"token"}	2025-05-14 18:35:34.740975+00	
00000000-0000-0000-0000-000000000000	1f8047e5-281f-4c95-947e-416e6ebe9f98	{"action":"token_refreshed","actor_id":"36abc818-b3a6-440f-933a-79ff41fe5b67","actor_username":"a01722728@tec.mx","actor_via_sso":false,"log_type":"token"}	2025-05-14 18:35:34.840276+00	
00000000-0000-0000-0000-000000000000	85456ca9-3662-4cd6-ba42-03c9f54e691b	{"action":"token_revoked","actor_id":"36abc818-b3a6-440f-933a-79ff41fe5b67","actor_username":"a01722728@tec.mx","actor_via_sso":false,"log_type":"token"}	2025-05-14 18:35:34.840831+00	
00000000-0000-0000-0000-000000000000	19938a0a-b27b-45e6-a8c7-188fa724de18	{"action":"token_refreshed","actor_id":"36abc818-b3a6-440f-933a-79ff41fe5b67","actor_username":"a01722728@tec.mx","actor_via_sso":false,"log_type":"token"}	2025-05-14 18:35:38.71947+00	
00000000-0000-0000-0000-000000000000	1ad0c86e-e0f8-41d2-bb14-4fb13fe371e3	{"action":"token_revoked","actor_id":"36abc818-b3a6-440f-933a-79ff41fe5b67","actor_username":"a01722728@tec.mx","actor_via_sso":false,"log_type":"token"}	2025-05-14 18:35:38.72021+00	
00000000-0000-0000-0000-000000000000	a69c381b-b5e7-4ef9-b2bd-2d67f838e8dc	{"action":"token_refreshed","actor_id":"36abc818-b3a6-440f-933a-79ff41fe5b67","actor_username":"a01722728@tec.mx","actor_via_sso":false,"log_type":"token"}	2025-05-14 18:35:38.826709+00	
00000000-0000-0000-0000-000000000000	4b0f8833-b10c-4b1d-ac2f-d23f881f78f3	{"action":"token_revoked","actor_id":"36abc818-b3a6-440f-933a-79ff41fe5b67","actor_username":"a01722728@tec.mx","actor_via_sso":false,"log_type":"token"}	2025-05-14 18:35:38.827344+00	
00000000-0000-0000-0000-000000000000	42a9a284-739b-4bf6-a3ad-7bf7f2cb461c	{"action":"token_refreshed","actor_id":"36abc818-b3a6-440f-933a-79ff41fe5b67","actor_username":"a01722728@tec.mx","actor_via_sso":false,"log_type":"token"}	2025-05-14 18:35:40.169568+00	
00000000-0000-0000-0000-000000000000	387032f5-30a6-4100-8c6a-e45cfceb2fa4	{"action":"token_revoked","actor_id":"36abc818-b3a6-440f-933a-79ff41fe5b67","actor_username":"a01722728@tec.mx","actor_via_sso":false,"log_type":"token"}	2025-05-14 18:35:40.170192+00	
00000000-0000-0000-0000-000000000000	6a69e167-1c40-467b-9226-b17bab8ba81a	{"action":"login","actor_id":"36abc818-b3a6-440f-933a-79ff41fe5b67","actor_username":"a01722728@tec.mx","actor_via_sso":false,"log_type":"account","traits":{"provider":"email"}}	2025-05-14 18:35:48.396681+00	
00000000-0000-0000-0000-000000000000	010ac5a7-db4b-4056-ae98-94a1df43e31d	{"action":"login","actor_id":"5f096705-11c3-49b1-b42c-d7bd17a75439","actor_username":"a01741300@tec.mx","actor_via_sso":false,"log_type":"account","traits":{"provider":"email"}}	2025-04-25 20:05:01.043764+00	
00000000-0000-0000-0000-000000000000	cecac6b7-883e-4577-8f15-64bf1dee766f	{"action":"login","actor_id":"5f096705-11c3-49b1-b42c-d7bd17a75439","actor_username":"a01741300@tec.mx","actor_via_sso":false,"log_type":"account","traits":{"provider":"email"}}	2025-04-25 20:05:06.542506+00	
00000000-0000-0000-0000-000000000000	85ca4ae8-f3a8-4a3c-aef7-a04e8f51a372	{"action":"logout","actor_id":"5f096705-11c3-49b1-b42c-d7bd17a75439","actor_username":"a01741300@tec.mx","actor_via_sso":false,"log_type":"account"}	2025-04-28 22:29:32.056555+00	
00000000-0000-0000-0000-000000000000	2fe3f866-e269-4334-adc1-0ddcd87912f4	{"action":"login","actor_id":"5f096705-11c3-49b1-b42c-d7bd17a75439","actor_username":"a01741300@tec.mx","actor_via_sso":false,"log_type":"account","traits":{"provider":"email"}}	2025-04-28 22:29:44.78836+00	
00000000-0000-0000-0000-000000000000	891babd4-a206-4353-9472-259c4779c93a	{"action":"login","actor_id":"386e63ba-dc8f-4af6-9447-44f7976a4a0c","actor_username":"rantonion2004@outlook.com","actor_via_sso":false,"log_type":"account","traits":{"provider":"email"}}	2025-05-13 21:26:26.599657+00	
00000000-0000-0000-0000-000000000000	00f69005-de9a-4437-a0e6-e4a54f1f9c09	{"action":"token_refreshed","actor_id":"36abc818-b3a6-440f-933a-79ff41fe5b67","actor_username":"a01722728@tec.mx","actor_via_sso":false,"log_type":"token"}	2025-05-14 18:35:48.509933+00	
00000000-0000-0000-0000-000000000000	510af022-9750-4a32-a1a3-6832a6549dfe	{"action":"token_revoked","actor_id":"36abc818-b3a6-440f-933a-79ff41fe5b67","actor_username":"a01722728@tec.mx","actor_via_sso":false,"log_type":"token"}	2025-05-14 18:35:48.511124+00	
00000000-0000-0000-0000-000000000000	dc214a62-316d-4f22-bfd3-e06c392039cd	{"action":"token_refreshed","actor_id":"36abc818-b3a6-440f-933a-79ff41fe5b67","actor_username":"a01722728@tec.mx","actor_via_sso":false,"log_type":"token"}	2025-05-14 18:35:48.696168+00	
00000000-0000-0000-0000-000000000000	b3f13d87-34ca-4fbb-92b1-f632f9efef8b	{"action":"token_revoked","actor_id":"36abc818-b3a6-440f-933a-79ff41fe5b67","actor_username":"a01722728@tec.mx","actor_via_sso":false,"log_type":"token"}	2025-05-14 18:35:48.696805+00	
00000000-0000-0000-0000-000000000000	2a4ff1e0-53e8-402f-a8d4-be6b8f7c6cc1	{"action":"token_refreshed","actor_id":"36abc818-b3a6-440f-933a-79ff41fe5b67","actor_username":"a01722728@tec.mx","actor_via_sso":false,"log_type":"token"}	2025-05-14 18:35:48.800844+00	
00000000-0000-0000-0000-000000000000	6a7ae31c-89ee-4843-a3a8-9bc9c2dea4a2	{"action":"token_revoked","actor_id":"36abc818-b3a6-440f-933a-79ff41fe5b67","actor_username":"a01722728@tec.mx","actor_via_sso":false,"log_type":"token"}	2025-05-14 18:35:48.801518+00	
00000000-0000-0000-0000-000000000000	f1ff29a6-28a6-4b63-8c83-42ab487f4ced	{"action":"login","actor_id":"36abc818-b3a6-440f-933a-79ff41fe5b67","actor_username":"a01722728@tec.mx","actor_via_sso":false,"log_type":"account","traits":{"provider":"email"}}	2025-05-14 18:36:10.341093+00	
00000000-0000-0000-0000-000000000000	821081a3-be94-4102-8588-47687cd58225	{"action":"token_refreshed","actor_id":"36abc818-b3a6-440f-933a-79ff41fe5b67","actor_username":"a01722728@tec.mx","actor_via_sso":false,"log_type":"token"}	2025-05-14 18:36:10.440796+00	
00000000-0000-0000-0000-000000000000	d614922b-624b-4026-9df7-2175857422f6	{"action":"token_revoked","actor_id":"36abc818-b3a6-440f-933a-79ff41fe5b67","actor_username":"a01722728@tec.mx","actor_via_sso":false,"log_type":"token"}	2025-05-14 18:36:10.441417+00	
00000000-0000-0000-0000-000000000000	59a5e4cb-4eb3-4831-883e-44191c55368e	{"action":"token_refreshed","actor_id":"36abc818-b3a6-440f-933a-79ff41fe5b67","actor_username":"a01722728@tec.mx","actor_via_sso":false,"log_type":"token"}	2025-05-14 18:36:10.5451+00	
00000000-0000-0000-0000-000000000000	4ea6f896-ac05-4269-8f4f-1ba527fcbbd3	{"action":"token_revoked","actor_id":"36abc818-b3a6-440f-933a-79ff41fe5b67","actor_username":"a01722728@tec.mx","actor_via_sso":false,"log_type":"token"}	2025-05-14 18:36:10.546989+00	
00000000-0000-0000-0000-000000000000	8a807742-9074-4777-9715-8c7e40f4f6b1	{"action":"token_refreshed","actor_id":"36abc818-b3a6-440f-933a-79ff41fe5b67","actor_username":"a01722728@tec.mx","actor_via_sso":false,"log_type":"token"}	2025-05-14 18:36:10.674993+00	
00000000-0000-0000-0000-000000000000	db1d73d5-62fe-4c7a-9e0b-4e48d0ab5fd8	{"action":"token_revoked","actor_id":"36abc818-b3a6-440f-933a-79ff41fe5b67","actor_username":"a01722728@tec.mx","actor_via_sso":false,"log_type":"token"}	2025-05-14 18:36:10.67559+00	
00000000-0000-0000-0000-000000000000	4d3eb95b-a3a4-4f6b-b0ac-e50d2c13c134	{"action":"token_refreshed","actor_id":"36abc818-b3a6-440f-933a-79ff41fe5b67","actor_username":"a01722728@tec.mx","actor_via_sso":false,"log_type":"token"}	2025-05-14 18:36:10.769223+00	
00000000-0000-0000-0000-000000000000	4c361f90-393b-4b77-ae49-a66f3844848f	{"action":"token_revoked","actor_id":"36abc818-b3a6-440f-933a-79ff41fe5b67","actor_username":"a01722728@tec.mx","actor_via_sso":false,"log_type":"token"}	2025-05-14 18:36:10.769906+00	
00000000-0000-0000-0000-000000000000	2644da1a-cff4-4b3f-abd8-97ea85b7e488	{"action":"token_refreshed","actor_id":"36abc818-b3a6-440f-933a-79ff41fe5b67","actor_username":"a01722728@tec.mx","actor_via_sso":false,"log_type":"token"}	2025-05-14 18:36:10.871603+00	
00000000-0000-0000-0000-000000000000	d2175bf7-b6e8-45cb-b25b-bb81a952ba17	{"action":"token_revoked","actor_id":"36abc818-b3a6-440f-933a-79ff41fe5b67","actor_username":"a01722728@tec.mx","actor_via_sso":false,"log_type":"token"}	2025-05-14 18:36:10.872217+00	
00000000-0000-0000-0000-000000000000	ae930887-6b6b-43fc-a2b5-8ec83b600a5f	{"action":"token_refreshed","actor_id":"36abc818-b3a6-440f-933a-79ff41fe5b67","actor_username":"a01722728@tec.mx","actor_via_sso":false,"log_type":"token"}	2025-05-14 18:36:11.21084+00	
00000000-0000-0000-0000-000000000000	77774dcc-3300-43af-bf0f-4d0aa139a4db	{"action":"token_revoked","actor_id":"36abc818-b3a6-440f-933a-79ff41fe5b67","actor_username":"a01722728@tec.mx","actor_via_sso":false,"log_type":"token"}	2025-05-14 18:36:11.211498+00	
00000000-0000-0000-0000-000000000000	3021dba6-bc2e-4e32-a94c-38068d363a98	{"action":"token_refreshed","actor_id":"36abc818-b3a6-440f-933a-79ff41fe5b67","actor_username":"a01722728@tec.mx","actor_via_sso":false,"log_type":"token"}	2025-05-14 18:36:11.317462+00	
00000000-0000-0000-0000-000000000000	159c97c1-7147-4f48-9cec-62de52c8788c	{"action":"token_revoked","actor_id":"36abc818-b3a6-440f-933a-79ff41fe5b67","actor_username":"a01722728@tec.mx","actor_via_sso":false,"log_type":"token"}	2025-05-14 18:36:11.31807+00	
00000000-0000-0000-0000-000000000000	1ef8df70-8bd7-471e-af61-bc6c9e547397	{"action":"token_refreshed","actor_id":"36abc818-b3a6-440f-933a-79ff41fe5b67","actor_username":"a01722728@tec.mx","actor_via_sso":false,"log_type":"token"}	2025-05-14 18:36:11.421062+00	
00000000-0000-0000-0000-000000000000	86aa3dcf-4676-4dbc-aefc-c34d911eb9aa	{"action":"token_revoked","actor_id":"36abc818-b3a6-440f-933a-79ff41fe5b67","actor_username":"a01722728@tec.mx","actor_via_sso":false,"log_type":"token"}	2025-05-14 18:36:11.421611+00	
00000000-0000-0000-0000-000000000000	a8c95c8c-a938-439c-a2e8-acc1735ff057	{"action":"token_refreshed","actor_id":"36abc818-b3a6-440f-933a-79ff41fe5b67","actor_username":"a01722728@tec.mx","actor_via_sso":false,"log_type":"token"}	2025-05-14 18:36:11.539675+00	
00000000-0000-0000-0000-000000000000	4f6a8204-271d-45d2-9e99-90aefa345c25	{"action":"token_revoked","actor_id":"36abc818-b3a6-440f-933a-79ff41fe5b67","actor_username":"a01722728@tec.mx","actor_via_sso":false,"log_type":"token"}	2025-05-14 18:36:11.540277+00	
00000000-0000-0000-0000-000000000000	5e4bc1b2-068f-4fbd-adc5-c9cdb2aafa7f	{"action":"token_refreshed","actor_id":"36abc818-b3a6-440f-933a-79ff41fe5b67","actor_username":"a01722728@tec.mx","actor_via_sso":false,"log_type":"token"}	2025-05-14 18:36:11.637334+00	
00000000-0000-0000-0000-000000000000	0b0f3bfb-c3a1-429b-bff9-96d299ecbcf3	{"action":"token_revoked","actor_id":"36abc818-b3a6-440f-933a-79ff41fe5b67","actor_username":"a01722728@tec.mx","actor_via_sso":false,"log_type":"token"}	2025-05-14 18:36:11.637986+00	
00000000-0000-0000-0000-000000000000	6def0f10-b172-4ace-80fa-e428d9e8af1c	{"action":"token_refreshed","actor_id":"36abc818-b3a6-440f-933a-79ff41fe5b67","actor_username":"a01722728@tec.mx","actor_via_sso":false,"log_type":"token"}	2025-05-14 18:48:10.481401+00	
00000000-0000-0000-0000-000000000000	dd362043-8258-421d-93c8-8c6d87a8a789	{"action":"token_revoked","actor_id":"36abc818-b3a6-440f-933a-79ff41fe5b67","actor_username":"a01722728@tec.mx","actor_via_sso":false,"log_type":"token"}	2025-05-14 18:48:10.483478+00	
00000000-0000-0000-0000-000000000000	30069d01-3906-4a83-bb77-11731ddae9d2	{"action":"login","actor_id":"5f096705-11c3-49b1-b42c-d7bd17a75439","actor_username":"a01741300@tec.mx","actor_via_sso":false,"log_type":"account","traits":{"provider":"email"}}	2025-04-25 20:08:23.744581+00	
00000000-0000-0000-0000-000000000000	e765c37b-e439-4d6e-b231-2631d9347890	{"action":"logout","actor_id":"5f096705-11c3-49b1-b42c-d7bd17a75439","actor_username":"a01741300@tec.mx","actor_via_sso":false,"log_type":"account"}	2025-04-28 22:35:10.034179+00	
00000000-0000-0000-0000-000000000000	891d63c8-a98c-40ca-9ed5-98f428dc57e0	{"action":"login","actor_id":"3912d459-b96e-4150-9a2a-fb9135ebc374","actor_username":"jose@gmail.com","actor_via_sso":false,"log_type":"account","traits":{"provider":"email"}}	2025-04-28 22:35:45.155654+00	
00000000-0000-0000-0000-000000000000	5299dc47-9eb8-4490-b0f8-b982fbf2feb2	{"action":"token_refreshed","actor_id":"36abc818-b3a6-440f-933a-79ff41fe5b67","actor_username":"a01722728@tec.mx","actor_via_sso":false,"log_type":"token"}	2025-05-13 23:13:03.488808+00	
00000000-0000-0000-0000-000000000000	d6cb0e0a-20dd-4fc5-8382-5c520ec0942f	{"action":"token_revoked","actor_id":"36abc818-b3a6-440f-933a-79ff41fe5b67","actor_username":"a01722728@tec.mx","actor_via_sso":false,"log_type":"token"}	2025-05-13 23:13:03.492158+00	
00000000-0000-0000-0000-000000000000	f1e9605d-923e-4015-8ac4-76a208080506	{"action":"login","actor_id":"36abc818-b3a6-440f-933a-79ff41fe5b67","actor_username":"a01722728@tec.mx","actor_via_sso":false,"log_type":"account","traits":{"provider":"email"}}	2025-05-13 23:13:06.397661+00	
00000000-0000-0000-0000-000000000000	a226dbf0-1eab-411c-a417-42a524e7a21e	{"action":"login","actor_id":"36abc818-b3a6-440f-933a-79ff41fe5b67","actor_username":"a01722728@tec.mx","actor_via_sso":false,"log_type":"account","traits":{"provider":"email"}}	2025-05-13 23:13:08.183819+00	
00000000-0000-0000-0000-000000000000	bad2516a-5660-45b9-8f0a-cf5750fa97a1	{"action":"login","actor_id":"36abc818-b3a6-440f-933a-79ff41fe5b67","actor_username":"a01722728@tec.mx","actor_via_sso":false,"log_type":"account","traits":{"provider":"email"}}	2025-05-14 18:42:52.828162+00	
00000000-0000-0000-0000-000000000000	dde20d1e-4e50-473e-bcc3-ead7c748ef73	{"action":"token_refreshed","actor_id":"36abc818-b3a6-440f-933a-79ff41fe5b67","actor_username":"a01722728@tec.mx","actor_via_sso":false,"log_type":"token"}	2025-05-14 18:42:53.054427+00	
00000000-0000-0000-0000-000000000000	c4d52f71-2e32-490e-a009-1ee38425618a	{"action":"token_revoked","actor_id":"36abc818-b3a6-440f-933a-79ff41fe5b67","actor_username":"a01722728@tec.mx","actor_via_sso":false,"log_type":"token"}	2025-05-14 18:42:53.055573+00	
00000000-0000-0000-0000-000000000000	3b6919d9-06a0-4da0-aa82-a0282f932fa2	{"action":"token_refreshed","actor_id":"36abc818-b3a6-440f-933a-79ff41fe5b67","actor_username":"a01722728@tec.mx","actor_via_sso":false,"log_type":"token"}	2025-05-14 18:42:53.238527+00	
00000000-0000-0000-0000-000000000000	d89875c8-6bd2-465b-9f7f-c13b7ef4e389	{"action":"token_revoked","actor_id":"36abc818-b3a6-440f-933a-79ff41fe5b67","actor_username":"a01722728@tec.mx","actor_via_sso":false,"log_type":"token"}	2025-05-14 18:42:53.239967+00	
00000000-0000-0000-0000-000000000000	ee1a877f-8a41-4e75-ad26-45431e2940f1	{"action":"token_refreshed","actor_id":"36abc818-b3a6-440f-933a-79ff41fe5b67","actor_username":"a01722728@tec.mx","actor_via_sso":false,"log_type":"token"}	2025-05-14 18:42:53.419004+00	
00000000-0000-0000-0000-000000000000	189e8dcb-70d9-46b0-bd55-b5761bd77cc3	{"action":"token_revoked","actor_id":"36abc818-b3a6-440f-933a-79ff41fe5b67","actor_username":"a01722728@tec.mx","actor_via_sso":false,"log_type":"token"}	2025-05-14 18:42:53.420206+00	
00000000-0000-0000-0000-000000000000	ae4fca79-6a9a-46a7-bbab-3490d120ffd0	{"action":"token_refreshed","actor_id":"36abc818-b3a6-440f-933a-79ff41fe5b67","actor_username":"a01722728@tec.mx","actor_via_sso":false,"log_type":"token"}	2025-05-14 18:42:53.520101+00	
00000000-0000-0000-0000-000000000000	c93dbe8b-1a55-441d-b56a-196be979c63f	{"action":"token_revoked","actor_id":"36abc818-b3a6-440f-933a-79ff41fe5b67","actor_username":"a01722728@tec.mx","actor_via_sso":false,"log_type":"token"}	2025-05-14 18:42:53.520726+00	
00000000-0000-0000-0000-000000000000	2167eca1-01ce-4e17-956a-a8840a21ba40	{"action":"token_refreshed","actor_id":"36abc818-b3a6-440f-933a-79ff41fe5b67","actor_username":"a01722728@tec.mx","actor_via_sso":false,"log_type":"token"}	2025-05-14 18:42:53.70722+00	
00000000-0000-0000-0000-000000000000	e15bea64-84e4-4b45-93f6-3b53ecf4a510	{"action":"token_revoked","actor_id":"36abc818-b3a6-440f-933a-79ff41fe5b67","actor_username":"a01722728@tec.mx","actor_via_sso":false,"log_type":"token"}	2025-05-14 18:42:53.708312+00	
00000000-0000-0000-0000-000000000000	ab46fe80-d989-4518-96ab-556cae82f84f	{"action":"login","actor_id":"36abc818-b3a6-440f-933a-79ff41fe5b67","actor_username":"a01722728@tec.mx","actor_via_sso":false,"log_type":"account","traits":{"provider":"email"}}	2025-05-14 18:42:53.876015+00	
00000000-0000-0000-0000-000000000000	7c866deb-e951-4002-bf10-a2ce3fda5a4a	{"action":"token_refreshed","actor_id":"36abc818-b3a6-440f-933a-79ff41fe5b67","actor_username":"a01722728@tec.mx","actor_via_sso":false,"log_type":"token"}	2025-05-14 18:42:54.043968+00	
00000000-0000-0000-0000-000000000000	223e57b5-f23c-473e-8548-2f42cd3390b6	{"action":"token_revoked","actor_id":"36abc818-b3a6-440f-933a-79ff41fe5b67","actor_username":"a01722728@tec.mx","actor_via_sso":false,"log_type":"token"}	2025-05-14 18:42:54.045393+00	
00000000-0000-0000-0000-000000000000	ad806b43-5377-450c-baad-ca7a6289da44	{"action":"token_refreshed","actor_id":"36abc818-b3a6-440f-933a-79ff41fe5b67","actor_username":"a01722728@tec.mx","actor_via_sso":false,"log_type":"token"}	2025-05-14 18:42:54.162757+00	
00000000-0000-0000-0000-000000000000	b15787b1-3593-4b30-aa7a-ba3132c6dc49	{"action":"token_revoked","actor_id":"36abc818-b3a6-440f-933a-79ff41fe5b67","actor_username":"a01722728@tec.mx","actor_via_sso":false,"log_type":"token"}	2025-05-14 18:42:54.163355+00	
00000000-0000-0000-0000-000000000000	5737e0cb-93e3-4e1b-a086-571842150db1	{"action":"token_refreshed","actor_id":"36abc818-b3a6-440f-933a-79ff41fe5b67","actor_username":"a01722728@tec.mx","actor_via_sso":false,"log_type":"token"}	2025-05-14 18:42:54.271637+00	
00000000-0000-0000-0000-000000000000	16cbdd94-e2a6-4c3d-9160-5455736fe2e2	{"action":"token_revoked","actor_id":"36abc818-b3a6-440f-933a-79ff41fe5b67","actor_username":"a01722728@tec.mx","actor_via_sso":false,"log_type":"token"}	2025-05-14 18:42:54.272264+00	
00000000-0000-0000-0000-000000000000	4963326c-abf7-4e56-be63-398979ad6eea	{"action":"token_refreshed","actor_id":"36abc818-b3a6-440f-933a-79ff41fe5b67","actor_username":"a01722728@tec.mx","actor_via_sso":false,"log_type":"token"}	2025-05-14 18:42:54.470042+00	
00000000-0000-0000-0000-000000000000	cc0af529-85b0-4131-b516-56547624e235	{"action":"token_revoked","actor_id":"36abc818-b3a6-440f-933a-79ff41fe5b67","actor_username":"a01722728@tec.mx","actor_via_sso":false,"log_type":"token"}	2025-05-14 18:42:54.470662+00	
00000000-0000-0000-0000-000000000000	824f1e51-512f-4adb-bc07-4c3368d6c4d9	{"action":"token_refreshed","actor_id":"36abc818-b3a6-440f-933a-79ff41fe5b67","actor_username":"a01722728@tec.mx","actor_via_sso":false,"log_type":"token"}	2025-05-14 18:42:54.645647+00	
00000000-0000-0000-0000-000000000000	2807ba82-2818-45e5-85fc-f5cd3137975f	{"action":"token_revoked","actor_id":"36abc818-b3a6-440f-933a-79ff41fe5b67","actor_username":"a01722728@tec.mx","actor_via_sso":false,"log_type":"token"}	2025-05-14 18:42:54.646275+00	
00000000-0000-0000-0000-000000000000	16dcb2ea-3682-4ed6-ae32-189468e7e698	{"action":"token_refreshed","actor_id":"36abc818-b3a6-440f-933a-79ff41fe5b67","actor_username":"a01722728@tec.mx","actor_via_sso":false,"log_type":"token"}	2025-05-14 18:42:54.818797+00	
00000000-0000-0000-0000-000000000000	3f71e519-92b4-49f3-a428-685158dff2e9	{"action":"token_revoked","actor_id":"36abc818-b3a6-440f-933a-79ff41fe5b67","actor_username":"a01722728@tec.mx","actor_via_sso":false,"log_type":"token"}	2025-05-14 18:42:54.819363+00	
00000000-0000-0000-0000-000000000000	3f9b9ee5-d7a3-448e-ba27-3f95fc01e36c	{"action":"token_refreshed","actor_id":"36abc818-b3a6-440f-933a-79ff41fe5b67","actor_username":"a01722728@tec.mx","actor_via_sso":false,"log_type":"token"}	2025-05-14 18:42:54.924682+00	
00000000-0000-0000-0000-000000000000	51a21776-6699-4e7a-a1f8-f28f33949ac3	{"action":"token_revoked","actor_id":"36abc818-b3a6-440f-933a-79ff41fe5b67","actor_username":"a01722728@tec.mx","actor_via_sso":false,"log_type":"token"}	2025-05-14 18:42:54.925943+00	
00000000-0000-0000-0000-000000000000	f909aab5-5ccd-4e90-a6d7-e068850238a7	{"action":"token_refreshed","actor_id":"36abc818-b3a6-440f-933a-79ff41fe5b67","actor_username":"a01722728@tec.mx","actor_via_sso":false,"log_type":"token"}	2025-05-14 18:42:55.032706+00	
00000000-0000-0000-0000-000000000000	0b7a0402-6289-4f4b-9d13-5db227b5756a	{"action":"user_signedup","actor_id":"5ad0bb87-f4fc-413c-adba-ef4b0b9402d1","actor_username":"a01198327@tec.mx","actor_via_sso":false,"log_type":"team","traits":{"provider":"email"}}	2025-04-25 20:16:55.199111+00	
00000000-0000-0000-0000-000000000000	6140808c-bcf4-4c9e-9021-e925f21206f3	{"action":"login","actor_id":"5ad0bb87-f4fc-413c-adba-ef4b0b9402d1","actor_username":"a01198327@tec.mx","actor_via_sso":false,"log_type":"account","traits":{"provider":"email"}}	2025-04-25 20:16:55.207494+00	
00000000-0000-0000-0000-000000000000	5c91590d-d617-44c3-87a2-728508e3d33b	{"action":"token_refreshed","actor_id":"3912d459-b96e-4150-9a2a-fb9135ebc374","actor_username":"jose@gmail.com","actor_via_sso":false,"log_type":"token"}	2025-04-28 23:55:23.16158+00	
00000000-0000-0000-0000-000000000000	6c0021eb-ccc9-4de0-b360-24571579fe14	{"action":"token_revoked","actor_id":"3912d459-b96e-4150-9a2a-fb9135ebc374","actor_username":"jose@gmail.com","actor_via_sso":false,"log_type":"token"}	2025-04-28 23:55:23.168033+00	
00000000-0000-0000-0000-000000000000	f739648a-c951-425a-8eed-e075bef1fb82	{"action":"token_refreshed","actor_id":"386e63ba-dc8f-4af6-9447-44f7976a4a0c","actor_username":"rantonion2004@outlook.com","actor_via_sso":false,"log_type":"token"}	2025-05-14 00:42:05.486931+00	
00000000-0000-0000-0000-000000000000	466677b0-3140-4686-8a38-336444c1a0e0	{"action":"token_revoked","actor_id":"386e63ba-dc8f-4af6-9447-44f7976a4a0c","actor_username":"rantonion2004@outlook.com","actor_via_sso":false,"log_type":"token"}	2025-05-14 00:42:05.489082+00	
00000000-0000-0000-0000-000000000000	53311665-06a2-4bd2-991d-fcb5d6381399	{"action":"token_revoked","actor_id":"36abc818-b3a6-440f-933a-79ff41fe5b67","actor_username":"a01722728@tec.mx","actor_via_sso":false,"log_type":"token"}	2025-05-14 18:42:55.033351+00	
00000000-0000-0000-0000-000000000000	ebc0f442-b05d-4245-8fdd-3d9bbe5e01f1	{"action":"token_refreshed","actor_id":"36abc818-b3a6-440f-933a-79ff41fe5b67","actor_username":"a01722728@tec.mx","actor_via_sso":false,"log_type":"token"}	2025-05-14 18:42:55.136299+00	
00000000-0000-0000-0000-000000000000	c83ad722-e3f2-4530-9b0b-53bb2b3a8b31	{"action":"token_revoked","actor_id":"36abc818-b3a6-440f-933a-79ff41fe5b67","actor_username":"a01722728@tec.mx","actor_via_sso":false,"log_type":"token"}	2025-05-14 18:42:55.13699+00	
00000000-0000-0000-0000-000000000000	c7e16839-ef0f-4469-858d-a135ef46b44d	{"action":"token_refreshed","actor_id":"36abc818-b3a6-440f-933a-79ff41fe5b67","actor_username":"a01722728@tec.mx","actor_via_sso":false,"log_type":"token"}	2025-05-14 18:42:55.238768+00	
00000000-0000-0000-0000-000000000000	ae2eefb4-d482-4485-aa51-d4afa6047612	{"action":"token_revoked","actor_id":"36abc818-b3a6-440f-933a-79ff41fe5b67","actor_username":"a01722728@tec.mx","actor_via_sso":false,"log_type":"token"}	2025-05-14 18:42:55.239347+00	
00000000-0000-0000-0000-000000000000	801edbd8-8d77-45bd-9d7b-4a7ee2ede8ad	{"action":"token_refreshed","actor_id":"36abc818-b3a6-440f-933a-79ff41fe5b67","actor_username":"a01722728@tec.mx","actor_via_sso":false,"log_type":"token"}	2025-05-14 18:42:55.440772+00	
00000000-0000-0000-0000-000000000000	c03f7351-3e72-4c6c-be70-f837c3085c70	{"action":"token_revoked","actor_id":"36abc818-b3a6-440f-933a-79ff41fe5b67","actor_username":"a01722728@tec.mx","actor_via_sso":false,"log_type":"token"}	2025-05-14 18:42:55.441415+00	
00000000-0000-0000-0000-000000000000	c9057113-96a6-47d9-8ec8-fdb115da4f44	{"action":"token_refreshed","actor_id":"36abc818-b3a6-440f-933a-79ff41fe5b67","actor_username":"a01722728@tec.mx","actor_via_sso":false,"log_type":"token"}	2025-05-14 18:42:58.452811+00	
00000000-0000-0000-0000-000000000000	b6be6a54-76a7-401f-856a-6d09744c3163	{"action":"token_revoked","actor_id":"36abc818-b3a6-440f-933a-79ff41fe5b67","actor_username":"a01722728@tec.mx","actor_via_sso":false,"log_type":"token"}	2025-05-14 18:42:58.453473+00	
00000000-0000-0000-0000-000000000000	a5b57b86-1ca9-417d-8dc6-aac20816695c	{"action":"token_refreshed","actor_id":"36abc818-b3a6-440f-933a-79ff41fe5b67","actor_username":"a01722728@tec.mx","actor_via_sso":false,"log_type":"token"}	2025-05-14 18:42:58.544159+00	
00000000-0000-0000-0000-000000000000	a1415889-c958-45cf-9a56-499157ad4a84	{"action":"token_revoked","actor_id":"36abc818-b3a6-440f-933a-79ff41fe5b67","actor_username":"a01722728@tec.mx","actor_via_sso":false,"log_type":"token"}	2025-05-14 18:42:58.54479+00	
00000000-0000-0000-0000-000000000000	2b7779a4-e40a-4446-bab4-5a8f9ed1af9f	{"action":"token_refreshed","actor_id":"36abc818-b3a6-440f-933a-79ff41fe5b67","actor_username":"a01722728@tec.mx","actor_via_sso":false,"log_type":"token"}	2025-05-14 18:42:58.765187+00	
00000000-0000-0000-0000-000000000000	d9bfa2aa-2280-4792-965c-8e549ac10343	{"action":"token_revoked","actor_id":"36abc818-b3a6-440f-933a-79ff41fe5b67","actor_username":"a01722728@tec.mx","actor_via_sso":false,"log_type":"token"}	2025-05-14 18:42:58.765828+00	
00000000-0000-0000-0000-000000000000	4e3f33e1-d011-45cd-b238-ead0858b0061	{"action":"token_refreshed","actor_id":"36abc818-b3a6-440f-933a-79ff41fe5b67","actor_username":"a01722728@tec.mx","actor_via_sso":false,"log_type":"token"}	2025-05-14 18:42:58.8572+00	
00000000-0000-0000-0000-000000000000	b9213ea3-fe07-4cd3-9d7c-03242c44ae17	{"action":"token_revoked","actor_id":"36abc818-b3a6-440f-933a-79ff41fe5b67","actor_username":"a01722728@tec.mx","actor_via_sso":false,"log_type":"token"}	2025-05-14 18:42:58.857841+00	
00000000-0000-0000-0000-000000000000	4d3684d0-4c4f-4b54-9817-00daa7655a94	{"action":"token_refreshed","actor_id":"36abc818-b3a6-440f-933a-79ff41fe5b67","actor_username":"a01722728@tec.mx","actor_via_sso":false,"log_type":"token"}	2025-05-14 18:42:58.962923+00	
00000000-0000-0000-0000-000000000000	4ee914f9-db44-4dca-8ab1-de1a596d73d9	{"action":"token_revoked","actor_id":"36abc818-b3a6-440f-933a-79ff41fe5b67","actor_username":"a01722728@tec.mx","actor_via_sso":false,"log_type":"token"}	2025-05-14 18:42:58.9635+00	
00000000-0000-0000-0000-000000000000	95c46ffe-9e1f-4248-9e4f-94efba1f285f	{"action":"token_refreshed","actor_id":"36abc818-b3a6-440f-933a-79ff41fe5b67","actor_username":"a01722728@tec.mx","actor_via_sso":false,"log_type":"token"}	2025-05-14 18:42:59.066086+00	
00000000-0000-0000-0000-000000000000	2ef7a7ce-4503-4c8e-8462-ad730f05cbc9	{"action":"token_revoked","actor_id":"36abc818-b3a6-440f-933a-79ff41fe5b67","actor_username":"a01722728@tec.mx","actor_via_sso":false,"log_type":"token"}	2025-05-14 18:42:59.066678+00	
00000000-0000-0000-0000-000000000000	6d4886a5-bf5e-4fbb-b5dc-043100847c0d	{"action":"token_refreshed","actor_id":"36abc818-b3a6-440f-933a-79ff41fe5b67","actor_username":"a01722728@tec.mx","actor_via_sso":false,"log_type":"token"}	2025-05-14 18:42:59.169246+00	
00000000-0000-0000-0000-000000000000	93629abc-114e-478b-8bc3-e857dc65494e	{"action":"token_revoked","actor_id":"36abc818-b3a6-440f-933a-79ff41fe5b67","actor_username":"a01722728@tec.mx","actor_via_sso":false,"log_type":"token"}	2025-05-14 18:42:59.169801+00	
00000000-0000-0000-0000-000000000000	b5764152-3b85-4464-9df2-558756b545ba	{"action":"token_refreshed","actor_id":"36abc818-b3a6-440f-933a-79ff41fe5b67","actor_username":"a01722728@tec.mx","actor_via_sso":false,"log_type":"token"}	2025-05-14 18:42:59.258672+00	
00000000-0000-0000-0000-000000000000	5e110faa-0685-4fe3-a9bf-cdb3ccfa8be7	{"action":"token_revoked","actor_id":"36abc818-b3a6-440f-933a-79ff41fe5b67","actor_username":"a01722728@tec.mx","actor_via_sso":false,"log_type":"token"}	2025-05-14 18:42:59.259281+00	
00000000-0000-0000-0000-000000000000	bfa34a5d-8ae4-4ad8-bff7-b8bdcb70fddf	{"action":"token_refreshed","actor_id":"36abc818-b3a6-440f-933a-79ff41fe5b67","actor_username":"a01722728@tec.mx","actor_via_sso":false,"log_type":"token"}	2025-05-14 18:42:59.360238+00	
00000000-0000-0000-0000-000000000000	3232d5ca-e7b0-4adb-b385-1376d6549940	{"action":"token_revoked","actor_id":"36abc818-b3a6-440f-933a-79ff41fe5b67","actor_username":"a01722728@tec.mx","actor_via_sso":false,"log_type":"token"}	2025-05-14 18:42:59.360827+00	
00000000-0000-0000-0000-000000000000	9fee7ce5-6916-4eaf-b8b2-79a8c63f9ae1	{"action":"token_refreshed","actor_id":"36abc818-b3a6-440f-933a-79ff41fe5b67","actor_username":"a01722728@tec.mx","actor_via_sso":false,"log_type":"token"}	2025-05-14 18:42:59.46152+00	
00000000-0000-0000-0000-000000000000	e1ee0a2d-411b-4ff6-97c4-47a2056ec66d	{"action":"token_revoked","actor_id":"36abc818-b3a6-440f-933a-79ff41fe5b67","actor_username":"a01722728@tec.mx","actor_via_sso":false,"log_type":"token"}	2025-05-14 18:42:59.462111+00	
00000000-0000-0000-0000-000000000000	7bed46c8-3174-409e-8d9d-afb3266afc96	{"action":"token_refreshed","actor_id":"36abc818-b3a6-440f-933a-79ff41fe5b67","actor_username":"a01722728@tec.mx","actor_via_sso":false,"log_type":"token"}	2025-05-14 18:42:59.551946+00	
00000000-0000-0000-0000-000000000000	087d7f1f-a936-430d-ba83-7eee6072e76d	{"action":"user_signedup","actor_id":"900fdfaf-7517-4876-8d20-b83da73a8347","actor_username":"correoprofesional@gmail.com","actor_via_sso":false,"log_type":"team","traits":{"provider":"email"}}	2025-04-25 20:22:20.97798+00	
00000000-0000-0000-0000-000000000000	c0d9c22a-05ad-43eb-8c37-bf6407e010ce	{"action":"login","actor_id":"900fdfaf-7517-4876-8d20-b83da73a8347","actor_username":"correoprofesional@gmail.com","actor_via_sso":false,"log_type":"account","traits":{"provider":"email"}}	2025-04-25 20:22:20.98696+00	
00000000-0000-0000-0000-000000000000	4ba6540a-fcc8-4ae9-8e79-2bd580083357	{"action":"token_refreshed","actor_id":"3912d459-b96e-4150-9a2a-fb9135ebc374","actor_username":"jose@gmail.com","actor_via_sso":false,"log_type":"token"}	2025-04-29 20:45:55.731489+00	
00000000-0000-0000-0000-000000000000	5b7b2b4e-8065-49ef-aea9-9bea3cc3e251	{"action":"token_revoked","actor_id":"3912d459-b96e-4150-9a2a-fb9135ebc374","actor_username":"jose@gmail.com","actor_via_sso":false,"log_type":"token"}	2025-04-29 20:45:55.751721+00	
00000000-0000-0000-0000-000000000000	1f3dc49b-cb5d-4a84-b850-9bb127f70d1a	{"action":"login","actor_id":"5f096705-11c3-49b1-b42c-d7bd17a75439","actor_username":"a01741300@tec.mx","actor_via_sso":false,"log_type":"account","traits":{"provider":"email"}}	2025-04-29 20:46:04.941392+00	
00000000-0000-0000-0000-000000000000	919de3db-dddc-4ff3-b556-22d1610fea04	{"action":"token_refreshed","actor_id":"386e63ba-dc8f-4af6-9447-44f7976a4a0c","actor_username":"rantonion2004@outlook.com","actor_via_sso":false,"log_type":"token"}	2025-05-14 01:40:21.162099+00	
00000000-0000-0000-0000-000000000000	2afec6c4-be8c-47a2-923f-b60d8c5bc7f4	{"action":"token_revoked","actor_id":"386e63ba-dc8f-4af6-9447-44f7976a4a0c","actor_username":"rantonion2004@outlook.com","actor_via_sso":false,"log_type":"token"}	2025-05-14 01:40:21.164436+00	
00000000-0000-0000-0000-000000000000	51135f7c-26fd-4f69-9545-91a462db7e2e	{"action":"token_revoked","actor_id":"36abc818-b3a6-440f-933a-79ff41fe5b67","actor_username":"a01722728@tec.mx","actor_via_sso":false,"log_type":"token"}	2025-05-14 18:42:59.552547+00	
00000000-0000-0000-0000-000000000000	7125f790-6b9d-4247-bc84-8838c566674a	{"action":"token_refreshed","actor_id":"36abc818-b3a6-440f-933a-79ff41fe5b67","actor_username":"a01722728@tec.mx","actor_via_sso":false,"log_type":"token"}	2025-05-14 18:42:59.657707+00	
00000000-0000-0000-0000-000000000000	862ed5f0-b625-49dc-a0a1-2e5e589492c5	{"action":"token_revoked","actor_id":"36abc818-b3a6-440f-933a-79ff41fe5b67","actor_username":"a01722728@tec.mx","actor_via_sso":false,"log_type":"token"}	2025-05-14 18:42:59.658291+00	
00000000-0000-0000-0000-000000000000	1c5192de-9734-4938-90e3-8e9855992db4	{"action":"token_refreshed","actor_id":"36abc818-b3a6-440f-933a-79ff41fe5b67","actor_username":"a01722728@tec.mx","actor_via_sso":false,"log_type":"token"}	2025-05-14 18:42:59.767225+00	
00000000-0000-0000-0000-000000000000	eaf0c9b9-ee20-4524-bcdc-26e2b651076f	{"action":"token_revoked","actor_id":"36abc818-b3a6-440f-933a-79ff41fe5b67","actor_username":"a01722728@tec.mx","actor_via_sso":false,"log_type":"token"}	2025-05-14 18:42:59.767793+00	
00000000-0000-0000-0000-000000000000	2a1878b0-0a46-4746-95ab-65e84bd741d9	{"action":"token_refreshed","actor_id":"36abc818-b3a6-440f-933a-79ff41fe5b67","actor_username":"a01722728@tec.mx","actor_via_sso":false,"log_type":"token"}	2025-05-14 18:42:59.869287+00	
00000000-0000-0000-0000-000000000000	5b7ffc1a-8516-42de-af58-92d00b871bc6	{"action":"token_revoked","actor_id":"36abc818-b3a6-440f-933a-79ff41fe5b67","actor_username":"a01722728@tec.mx","actor_via_sso":false,"log_type":"token"}	2025-05-14 18:42:59.869837+00	
00000000-0000-0000-0000-000000000000	0490cd6b-3fe1-4032-85f9-37e7b8dbb9f9	{"action":"token_refreshed","actor_id":"36abc818-b3a6-440f-933a-79ff41fe5b67","actor_username":"a01722728@tec.mx","actor_via_sso":false,"log_type":"token"}	2025-05-14 18:42:59.980333+00	
00000000-0000-0000-0000-000000000000	dad74ea1-aee8-4cd0-9aa4-2dd82280f0e8	{"action":"token_revoked","actor_id":"36abc818-b3a6-440f-933a-79ff41fe5b67","actor_username":"a01722728@tec.mx","actor_via_sso":false,"log_type":"token"}	2025-05-14 18:42:59.980917+00	
00000000-0000-0000-0000-000000000000	0d5369c0-31b8-4486-9dcc-553c8aac3c8d	{"action":"login","actor_id":"36abc818-b3a6-440f-933a-79ff41fe5b67","actor_username":"a01722728@tec.mx","actor_via_sso":false,"log_type":"account","traits":{"provider":"email"}}	2025-05-14 18:43:29.77767+00	
00000000-0000-0000-0000-000000000000	399dac8b-4edb-4401-8adf-cc122b51db12	{"action":"token_refreshed","actor_id":"36abc818-b3a6-440f-933a-79ff41fe5b67","actor_username":"a01722728@tec.mx","actor_via_sso":false,"log_type":"token"}	2025-05-14 18:43:29.974707+00	
00000000-0000-0000-0000-000000000000	5300c736-0d4d-4dd4-aded-e4281b23e233	{"action":"token_revoked","actor_id":"36abc818-b3a6-440f-933a-79ff41fe5b67","actor_username":"a01722728@tec.mx","actor_via_sso":false,"log_type":"token"}	2025-05-14 18:43:29.976031+00	
00000000-0000-0000-0000-000000000000	9799dea3-bc5d-4bc8-b358-940f602599ca	{"action":"token_refreshed","actor_id":"36abc818-b3a6-440f-933a-79ff41fe5b67","actor_username":"a01722728@tec.mx","actor_via_sso":false,"log_type":"token"}	2025-05-14 18:43:30.14397+00	
00000000-0000-0000-0000-000000000000	62c6668e-91f3-4891-8708-ad1583ad38d9	{"action":"token_revoked","actor_id":"36abc818-b3a6-440f-933a-79ff41fe5b67","actor_username":"a01722728@tec.mx","actor_via_sso":false,"log_type":"token"}	2025-05-14 18:43:30.145304+00	
00000000-0000-0000-0000-000000000000	5fe39347-3784-4361-8002-adf96cc2af67	{"action":"token_refreshed","actor_id":"36abc818-b3a6-440f-933a-79ff41fe5b67","actor_username":"a01722728@tec.mx","actor_via_sso":false,"log_type":"token"}	2025-05-14 18:43:30.391639+00	
00000000-0000-0000-0000-000000000000	5c4139ef-4dcf-45da-989d-3e8507b5b510	{"action":"token_revoked","actor_id":"36abc818-b3a6-440f-933a-79ff41fe5b67","actor_username":"a01722728@tec.mx","actor_via_sso":false,"log_type":"token"}	2025-05-14 18:43:30.39295+00	
00000000-0000-0000-0000-000000000000	c300049a-bc72-4996-af43-623621d4b1a6	{"action":"token_refreshed","actor_id":"36abc818-b3a6-440f-933a-79ff41fe5b67","actor_username":"a01722728@tec.mx","actor_via_sso":false,"log_type":"token"}	2025-05-14 18:43:30.483089+00	
00000000-0000-0000-0000-000000000000	047f9867-5f2f-4621-8a8b-c9e8f932f7d8	{"action":"token_revoked","actor_id":"36abc818-b3a6-440f-933a-79ff41fe5b67","actor_username":"a01722728@tec.mx","actor_via_sso":false,"log_type":"token"}	2025-05-14 18:43:30.484201+00	
00000000-0000-0000-0000-000000000000	41e69a29-22cf-44c5-bff0-5218dc67bf03	{"action":"token_refreshed","actor_id":"36abc818-b3a6-440f-933a-79ff41fe5b67","actor_username":"a01722728@tec.mx","actor_via_sso":false,"log_type":"token"}	2025-05-14 18:43:30.583384+00	
00000000-0000-0000-0000-000000000000	2a66a8aa-6110-4b77-a265-30475d221fd3	{"action":"token_revoked","actor_id":"36abc818-b3a6-440f-933a-79ff41fe5b67","actor_username":"a01722728@tec.mx","actor_via_sso":false,"log_type":"token"}	2025-05-14 18:43:30.583997+00	
00000000-0000-0000-0000-000000000000	80a53dff-ac27-48c8-9ad2-e03c9939542d	{"action":"token_refreshed","actor_id":"36abc818-b3a6-440f-933a-79ff41fe5b67","actor_username":"a01722728@tec.mx","actor_via_sso":false,"log_type":"token"}	2025-05-14 18:43:30.948462+00	
00000000-0000-0000-0000-000000000000	0c36c106-5c1b-4c4f-8d9d-c04173debc1d	{"action":"token_revoked","actor_id":"36abc818-b3a6-440f-933a-79ff41fe5b67","actor_username":"a01722728@tec.mx","actor_via_sso":false,"log_type":"token"}	2025-05-14 18:43:30.949632+00	
00000000-0000-0000-0000-000000000000	872b485b-c8ea-41b6-9d67-221b065b04d7	{"action":"token_refreshed","actor_id":"36abc818-b3a6-440f-933a-79ff41fe5b67","actor_username":"a01722728@tec.mx","actor_via_sso":false,"log_type":"token"}	2025-05-14 18:43:31.087679+00	
00000000-0000-0000-0000-000000000000	2a354bba-05f9-4c52-b803-2586b0ae9023	{"action":"token_revoked","actor_id":"36abc818-b3a6-440f-933a-79ff41fe5b67","actor_username":"a01722728@tec.mx","actor_via_sso":false,"log_type":"token"}	2025-05-14 18:43:31.088305+00	
00000000-0000-0000-0000-000000000000	a6792c17-f7b8-4934-882b-effba421be36	{"action":"token_refreshed","actor_id":"36abc818-b3a6-440f-933a-79ff41fe5b67","actor_username":"a01722728@tec.mx","actor_via_sso":false,"log_type":"token"}	2025-05-14 18:43:31.244276+00	
00000000-0000-0000-0000-000000000000	f79b1ce5-3d00-431d-82ff-dd61ff5d373f	{"action":"token_revoked","actor_id":"36abc818-b3a6-440f-933a-79ff41fe5b67","actor_username":"a01722728@tec.mx","actor_via_sso":false,"log_type":"token"}	2025-05-14 18:43:31.244832+00	
00000000-0000-0000-0000-000000000000	00bdbaf1-8f47-447d-a41f-599e02716241	{"action":"token_refreshed","actor_id":"36abc818-b3a6-440f-933a-79ff41fe5b67","actor_username":"a01722728@tec.mx","actor_via_sso":false,"log_type":"token"}	2025-05-14 18:43:31.341735+00	
00000000-0000-0000-0000-000000000000	2cdc4b8e-786d-425e-80e4-279885f78eed	{"action":"login","actor_id":"5f096705-11c3-49b1-b42c-d7bd17a75439","actor_username":"a01741300@tec.mx","actor_via_sso":false,"log_type":"account","traits":{"provider":"email"}}	2025-04-25 20:31:38.441639+00	
00000000-0000-0000-0000-000000000000	d9dc4bf0-0872-427b-8c75-7c110544563a	{"action":"login","actor_id":"36abc818-b3a6-440f-933a-79ff41fe5b67","actor_username":"a01722728@tec.mx","actor_via_sso":false,"log_type":"account","traits":{"provider":"email"}}	2025-04-29 21:23:39.44859+00	
00000000-0000-0000-0000-000000000000	c1f5ca51-55f8-4e2a-b5ad-dadf6defc0cf	{"action":"login","actor_id":"36abc818-b3a6-440f-933a-79ff41fe5b67","actor_username":"a01722728@tec.mx","actor_via_sso":false,"log_type":"account","traits":{"provider":"email"}}	2025-04-29 21:23:41.181903+00	
00000000-0000-0000-0000-000000000000	44a71b55-c078-4e24-81db-4533c18e8a64	{"action":"login","actor_id":"36abc818-b3a6-440f-933a-79ff41fe5b67","actor_username":"a01722728@tec.mx","actor_via_sso":false,"log_type":"account","traits":{"provider":"email"}}	2025-04-29 21:23:41.866887+00	
00000000-0000-0000-0000-000000000000	2dcc20fc-7e52-441b-a053-c63b21fd5f18	{"action":"login","actor_id":"36abc818-b3a6-440f-933a-79ff41fe5b67","actor_username":"a01722728@tec.mx","actor_via_sso":false,"log_type":"account","traits":{"provider":"email"}}	2025-04-29 21:23:42.013009+00	
00000000-0000-0000-0000-000000000000	9a1e17a6-144e-4e09-ac74-228d98242b59	{"action":"token_refreshed","actor_id":"386e63ba-dc8f-4af6-9447-44f7976a4a0c","actor_username":"rantonion2004@outlook.com","actor_via_sso":false,"log_type":"token"}	2025-05-14 02:38:51.378272+00	
00000000-0000-0000-0000-000000000000	6bdba5ca-ab9f-4948-acfe-e7f1aeed5d3f	{"action":"token_revoked","actor_id":"386e63ba-dc8f-4af6-9447-44f7976a4a0c","actor_username":"rantonion2004@outlook.com","actor_via_sso":false,"log_type":"token"}	2025-05-14 02:38:51.386312+00	
00000000-0000-0000-0000-000000000000	f5e7f354-0076-4337-a1ce-c725760c417c	{"action":"token_revoked","actor_id":"36abc818-b3a6-440f-933a-79ff41fe5b67","actor_username":"a01722728@tec.mx","actor_via_sso":false,"log_type":"token"}	2025-05-14 18:43:31.342336+00	
00000000-0000-0000-0000-000000000000	bd32bb13-6c8c-4eb9-accf-d9ea55d5a206	{"action":"token_refreshed","actor_id":"36abc818-b3a6-440f-933a-79ff41fe5b67","actor_username":"a01722728@tec.mx","actor_via_sso":false,"log_type":"token"}	2025-05-14 18:43:31.432739+00	
00000000-0000-0000-0000-000000000000	315d4e53-8a5d-4c08-8eb6-d7fc0294545e	{"action":"token_revoked","actor_id":"36abc818-b3a6-440f-933a-79ff41fe5b67","actor_username":"a01722728@tec.mx","actor_via_sso":false,"log_type":"token"}	2025-05-14 18:43:31.433639+00	
00000000-0000-0000-0000-000000000000	41bf0300-c5e3-4b97-99bd-67daebe4db0d	{"action":"token_refreshed","actor_id":"36abc818-b3a6-440f-933a-79ff41fe5b67","actor_username":"a01722728@tec.mx","actor_via_sso":false,"log_type":"token"}	2025-05-14 18:43:31.641639+00	
00000000-0000-0000-0000-000000000000	c2d9531a-fb42-4db8-b327-36d67908b67f	{"action":"token_revoked","actor_id":"36abc818-b3a6-440f-933a-79ff41fe5b67","actor_username":"a01722728@tec.mx","actor_via_sso":false,"log_type":"token"}	2025-05-14 18:43:31.64223+00	
00000000-0000-0000-0000-000000000000	80ec65a8-3a32-4888-82ad-2f97f5b6335f	{"action":"token_refreshed","actor_id":"36abc818-b3a6-440f-933a-79ff41fe5b67","actor_username":"a01722728@tec.mx","actor_via_sso":false,"log_type":"token"}	2025-05-14 18:43:33.444112+00	
00000000-0000-0000-0000-000000000000	42145f56-a6ed-4ddd-872f-b401923fb9ab	{"action":"token_revoked","actor_id":"36abc818-b3a6-440f-933a-79ff41fe5b67","actor_username":"a01722728@tec.mx","actor_via_sso":false,"log_type":"token"}	2025-05-14 18:43:33.444718+00	
00000000-0000-0000-0000-000000000000	545b9295-e39c-4248-b0ad-d8b65e6ac6ee	{"action":"token_refreshed","actor_id":"36abc818-b3a6-440f-933a-79ff41fe5b67","actor_username":"a01722728@tec.mx","actor_via_sso":false,"log_type":"token"}	2025-05-14 18:43:33.554282+00	
00000000-0000-0000-0000-000000000000	b2089886-4a10-4321-8ddf-6df68609d22e	{"action":"token_revoked","actor_id":"36abc818-b3a6-440f-933a-79ff41fe5b67","actor_username":"a01722728@tec.mx","actor_via_sso":false,"log_type":"token"}	2025-05-14 18:43:33.554916+00	
00000000-0000-0000-0000-000000000000	86a2ee73-d628-4d08-8543-1f8b913c496e	{"action":"token_refreshed","actor_id":"36abc818-b3a6-440f-933a-79ff41fe5b67","actor_username":"a01722728@tec.mx","actor_via_sso":false,"log_type":"token"}	2025-05-14 18:43:33.80385+00	
00000000-0000-0000-0000-000000000000	9e532093-2f0a-421a-affd-34f7390c5100	{"action":"token_revoked","actor_id":"36abc818-b3a6-440f-933a-79ff41fe5b67","actor_username":"a01722728@tec.mx","actor_via_sso":false,"log_type":"token"}	2025-05-14 18:43:33.804583+00	
00000000-0000-0000-0000-000000000000	1ca48e24-ffec-4d85-ad4f-5af8880e276b	{"action":"token_refreshed","actor_id":"36abc818-b3a6-440f-933a-79ff41fe5b67","actor_username":"a01722728@tec.mx","actor_via_sso":false,"log_type":"token"}	2025-05-14 18:43:33.901153+00	
00000000-0000-0000-0000-000000000000	0fc945fe-312e-4b67-899d-e80676bad31a	{"action":"token_revoked","actor_id":"36abc818-b3a6-440f-933a-79ff41fe5b67","actor_username":"a01722728@tec.mx","actor_via_sso":false,"log_type":"token"}	2025-05-14 18:43:33.901802+00	
00000000-0000-0000-0000-000000000000	e96d5152-5cf0-4fc6-9b35-830cb2d0a243	{"action":"token_refreshed","actor_id":"36abc818-b3a6-440f-933a-79ff41fe5b67","actor_username":"a01722728@tec.mx","actor_via_sso":false,"log_type":"token"}	2025-05-14 18:43:34.00973+00	
00000000-0000-0000-0000-000000000000	ee6727b1-5b9c-4a3a-96d3-748694579bdf	{"action":"token_revoked","actor_id":"36abc818-b3a6-440f-933a-79ff41fe5b67","actor_username":"a01722728@tec.mx","actor_via_sso":false,"log_type":"token"}	2025-05-14 18:43:34.01044+00	
00000000-0000-0000-0000-000000000000	b8ef265c-5a18-4030-a462-f0da107e42f5	{"action":"token_refreshed","actor_id":"36abc818-b3a6-440f-933a-79ff41fe5b67","actor_username":"a01722728@tec.mx","actor_via_sso":false,"log_type":"token"}	2025-05-14 18:48:10.719735+00	
00000000-0000-0000-0000-000000000000	c84110f6-b050-417c-9f0c-701be6f2c09b	{"action":"token_revoked","actor_id":"36abc818-b3a6-440f-933a-79ff41fe5b67","actor_username":"a01722728@tec.mx","actor_via_sso":false,"log_type":"token"}	2025-05-14 18:48:10.720323+00	
00000000-0000-0000-0000-000000000000	e219569c-09d9-485a-ba0e-38d0c29e33bf	{"action":"token_refreshed","actor_id":"36abc818-b3a6-440f-933a-79ff41fe5b67","actor_username":"a01722728@tec.mx","actor_via_sso":false,"log_type":"token"}	2025-05-14 18:48:44.838535+00	
00000000-0000-0000-0000-000000000000	c8ddc0f4-3b79-4be9-a5dc-cccae11cb4ad	{"action":"token_revoked","actor_id":"36abc818-b3a6-440f-933a-79ff41fe5b67","actor_username":"a01722728@tec.mx","actor_via_sso":false,"log_type":"token"}	2025-05-14 18:48:44.83978+00	
00000000-0000-0000-0000-000000000000	95e5e3a6-a7f5-411d-9d09-5ae777999ea9	{"action":"token_refreshed","actor_id":"36abc818-b3a6-440f-933a-79ff41fe5b67","actor_username":"a01722728@tec.mx","actor_via_sso":false,"log_type":"token"}	2025-05-14 18:48:44.983148+00	
00000000-0000-0000-0000-000000000000	9c5f7367-dc83-4c6c-a2e8-1f0db04e1e22	{"action":"token_revoked","actor_id":"36abc818-b3a6-440f-933a-79ff41fe5b67","actor_username":"a01722728@tec.mx","actor_via_sso":false,"log_type":"token"}	2025-05-14 18:48:44.983862+00	
00000000-0000-0000-0000-000000000000	a481e156-d33b-4982-90e0-150bf4ad8e3e	{"action":"token_refreshed","actor_id":"36abc818-b3a6-440f-933a-79ff41fe5b67","actor_username":"a01722728@tec.mx","actor_via_sso":false,"log_type":"token"}	2025-05-14 18:48:45.200373+00	
00000000-0000-0000-0000-000000000000	4b214542-8193-496e-b1c6-c68305c41b2d	{"action":"token_revoked","actor_id":"36abc818-b3a6-440f-933a-79ff41fe5b67","actor_username":"a01722728@tec.mx","actor_via_sso":false,"log_type":"token"}	2025-05-14 18:48:45.201109+00	
00000000-0000-0000-0000-000000000000	f6eb4c61-5200-45f3-a2b3-92696e437206	{"action":"token_refreshed","actor_id":"36abc818-b3a6-440f-933a-79ff41fe5b67","actor_username":"a01722728@tec.mx","actor_via_sso":false,"log_type":"token"}	2025-05-14 18:48:46.832469+00	
00000000-0000-0000-0000-000000000000	be91b900-7f55-48d0-b92d-f222bbde5436	{"action":"token_revoked","actor_id":"36abc818-b3a6-440f-933a-79ff41fe5b67","actor_username":"a01722728@tec.mx","actor_via_sso":false,"log_type":"token"}	2025-05-14 18:48:46.83309+00	
00000000-0000-0000-0000-000000000000	419c3c2d-9d6a-4a24-ada0-dc12f5b9f86e	{"action":"token_refreshed","actor_id":"36abc818-b3a6-440f-933a-79ff41fe5b67","actor_username":"a01722728@tec.mx","actor_via_sso":false,"log_type":"token"}	2025-05-14 18:48:46.934903+00	
00000000-0000-0000-0000-000000000000	5f65be31-be22-430b-8f8a-92aadf2fd48b	{"action":"token_revoked","actor_id":"36abc818-b3a6-440f-933a-79ff41fe5b67","actor_username":"a01722728@tec.mx","actor_via_sso":false,"log_type":"token"}	2025-05-14 18:48:46.935572+00	
00000000-0000-0000-0000-000000000000	63803ff2-e455-428a-94b2-7f6556c771b4	{"action":"token_refreshed","actor_id":"5f096705-11c3-49b1-b42c-d7bd17a75439","actor_username":"a01741300@tec.mx","actor_via_sso":false,"log_type":"token"}	2025-04-25 20:39:01.146281+00	
00000000-0000-0000-0000-000000000000	ceadaa10-8443-45b1-bc8a-c5902a46b3c5	{"action":"token_revoked","actor_id":"5f096705-11c3-49b1-b42c-d7bd17a75439","actor_username":"a01741300@tec.mx","actor_via_sso":false,"log_type":"token"}	2025-04-25 20:39:01.14866+00	
00000000-0000-0000-0000-000000000000	ee48050a-eda9-4cca-83d4-020985b62706	{"action":"token_refreshed","actor_id":"5f096705-11c3-49b1-b42c-d7bd17a75439","actor_username":"a01741300@tec.mx","actor_via_sso":false,"log_type":"token"}	2025-04-29 21:58:42.741736+00	
00000000-0000-0000-0000-000000000000	dfd9fc26-f5a8-4806-9e02-371e4ed39033	{"action":"token_revoked","actor_id":"5f096705-11c3-49b1-b42c-d7bd17a75439","actor_username":"a01741300@tec.mx","actor_via_sso":false,"log_type":"token"}	2025-04-29 21:58:42.74627+00	
00000000-0000-0000-0000-000000000000	71d4c6f2-47b3-446d-98a2-62380a25852e	{"action":"logout","actor_id":"5f096705-11c3-49b1-b42c-d7bd17a75439","actor_username":"a01741300@tec.mx","actor_via_sso":false,"log_type":"account"}	2025-04-29 21:58:53.135517+00	
00000000-0000-0000-0000-000000000000	289319cf-dbb8-4792-ae6b-e919a8e09c70	{"action":"login","actor_id":"5f096705-11c3-49b1-b42c-d7bd17a75439","actor_username":"a01741300@tec.mx","actor_via_sso":false,"log_type":"account","traits":{"provider":"email"}}	2025-04-29 21:59:17.209644+00	
00000000-0000-0000-0000-000000000000	1a2c116d-906e-4277-8ba0-134913f72af0	{"action":"token_refreshed","actor_id":"386e63ba-dc8f-4af6-9447-44f7976a4a0c","actor_username":"rantonion2004@outlook.com","actor_via_sso":false,"log_type":"token"}	2025-05-14 03:37:08.374813+00	
00000000-0000-0000-0000-000000000000	45480fd1-046b-4ddd-983f-040fb028e087	{"action":"token_revoked","actor_id":"386e63ba-dc8f-4af6-9447-44f7976a4a0c","actor_username":"rantonion2004@outlook.com","actor_via_sso":false,"log_type":"token"}	2025-05-14 03:37:08.378064+00	
00000000-0000-0000-0000-000000000000	2149d9fb-d56e-4c44-a995-1cad4ce5aaad	{"action":"login","actor_id":"36abc818-b3a6-440f-933a-79ff41fe5b67","actor_username":"a01722728@tec.mx","actor_via_sso":false,"log_type":"account","traits":{"provider":"email"}}	2025-05-14 18:44:23.838838+00	
00000000-0000-0000-0000-000000000000	fb0005ab-d621-410e-ac95-7f342a7c6b3d	{"action":"token_refreshed","actor_id":"36abc818-b3a6-440f-933a-79ff41fe5b67","actor_username":"a01722728@tec.mx","actor_via_sso":false,"log_type":"token"}	2025-05-14 18:44:24.010225+00	
00000000-0000-0000-0000-000000000000	c3839513-d1c9-4086-9858-b74f5a41ba84	{"action":"token_revoked","actor_id":"36abc818-b3a6-440f-933a-79ff41fe5b67","actor_username":"a01722728@tec.mx","actor_via_sso":false,"log_type":"token"}	2025-05-14 18:44:24.010874+00	
00000000-0000-0000-0000-000000000000	21503bfc-8ec2-456f-b86a-09585a670fc8	{"action":"login","actor_id":"36abc818-b3a6-440f-933a-79ff41fe5b67","actor_username":"a01722728@tec.mx","actor_via_sso":false,"log_type":"account","traits":{"provider":"email"}}	2025-05-14 18:44:24.102103+00	
00000000-0000-0000-0000-000000000000	529841b8-a392-4140-9760-f0941a813654	{"action":"token_refreshed","actor_id":"36abc818-b3a6-440f-933a-79ff41fe5b67","actor_username":"a01722728@tec.mx","actor_via_sso":false,"log_type":"token"}	2025-05-14 18:44:24.118137+00	
00000000-0000-0000-0000-000000000000	af447dc0-09a7-4be7-84e4-98ee6957530b	{"action":"token_revoked","actor_id":"36abc818-b3a6-440f-933a-79ff41fe5b67","actor_username":"a01722728@tec.mx","actor_via_sso":false,"log_type":"token"}	2025-05-14 18:44:24.118707+00	
00000000-0000-0000-0000-000000000000	cddb8da0-7053-4b8b-8036-bc9274e9b60b	{"action":"token_refreshed","actor_id":"36abc818-b3a6-440f-933a-79ff41fe5b67","actor_username":"a01722728@tec.mx","actor_via_sso":false,"log_type":"token"}	2025-05-14 18:44:24.297579+00	
00000000-0000-0000-0000-000000000000	7007b5d8-9d03-454f-9846-42fcc91a9989	{"action":"token_revoked","actor_id":"36abc818-b3a6-440f-933a-79ff41fe5b67","actor_username":"a01722728@tec.mx","actor_via_sso":false,"log_type":"token"}	2025-05-14 18:44:24.298187+00	
00000000-0000-0000-0000-000000000000	fdede3a7-3d75-4b1d-91db-9c7b427481d3	{"action":"token_refreshed","actor_id":"36abc818-b3a6-440f-933a-79ff41fe5b67","actor_username":"a01722728@tec.mx","actor_via_sso":false,"log_type":"token"}	2025-05-14 18:44:24.403525+00	
00000000-0000-0000-0000-000000000000	80b16a88-b0ab-4b41-b397-52bdbf23f744	{"action":"token_revoked","actor_id":"36abc818-b3a6-440f-933a-79ff41fe5b67","actor_username":"a01722728@tec.mx","actor_via_sso":false,"log_type":"token"}	2025-05-14 18:44:24.404108+00	
00000000-0000-0000-0000-000000000000	14781103-2251-4266-9314-23649aa54f80	{"action":"token_refreshed","actor_id":"36abc818-b3a6-440f-933a-79ff41fe5b67","actor_username":"a01722728@tec.mx","actor_via_sso":false,"log_type":"token"}	2025-05-14 18:44:24.497466+00	
00000000-0000-0000-0000-000000000000	c1481bfb-56a5-418d-bbdf-77eb9a6a5ccb	{"action":"token_revoked","actor_id":"36abc818-b3a6-440f-933a-79ff41fe5b67","actor_username":"a01722728@tec.mx","actor_via_sso":false,"log_type":"token"}	2025-05-14 18:44:24.498058+00	
00000000-0000-0000-0000-000000000000	1f8b703e-9334-49c8-80ea-5f046cd4e30d	{"action":"token_refreshed","actor_id":"36abc818-b3a6-440f-933a-79ff41fe5b67","actor_username":"a01722728@tec.mx","actor_via_sso":false,"log_type":"token"}	2025-05-14 18:44:24.668729+00	
00000000-0000-0000-0000-000000000000	6499821f-c458-4046-8ea1-943914cb2008	{"action":"token_revoked","actor_id":"36abc818-b3a6-440f-933a-79ff41fe5b67","actor_username":"a01722728@tec.mx","actor_via_sso":false,"log_type":"token"}	2025-05-14 18:44:24.669389+00	
00000000-0000-0000-0000-000000000000	9505f952-b3ff-42d3-a94d-ae9e954d06c1	{"action":"token_refreshed","actor_id":"36abc818-b3a6-440f-933a-79ff41fe5b67","actor_username":"a01722728@tec.mx","actor_via_sso":false,"log_type":"token"}	2025-05-14 18:44:24.84371+00	
00000000-0000-0000-0000-000000000000	8a69a24c-2e17-4896-b83e-0a84ad9de6bb	{"action":"token_revoked","actor_id":"36abc818-b3a6-440f-933a-79ff41fe5b67","actor_username":"a01722728@tec.mx","actor_via_sso":false,"log_type":"token"}	2025-05-14 18:44:24.844363+00	
00000000-0000-0000-0000-000000000000	10dc97ec-ecff-4255-9262-56559f80e786	{"action":"token_refreshed","actor_id":"36abc818-b3a6-440f-933a-79ff41fe5b67","actor_username":"a01722728@tec.mx","actor_via_sso":false,"log_type":"token"}	2025-05-14 18:44:25.022573+00	
00000000-0000-0000-0000-000000000000	82a25e71-a005-43b3-abc9-e34fb82af8fd	{"action":"token_revoked","actor_id":"36abc818-b3a6-440f-933a-79ff41fe5b67","actor_username":"a01722728@tec.mx","actor_via_sso":false,"log_type":"token"}	2025-05-14 18:44:25.02316+00	
00000000-0000-0000-0000-000000000000	e072fcf5-be97-45fc-b9cb-2bdced53e55b	{"action":"token_refreshed","actor_id":"36abc818-b3a6-440f-933a-79ff41fe5b67","actor_username":"a01722728@tec.mx","actor_via_sso":false,"log_type":"token"}	2025-05-14 18:44:25.123602+00	
00000000-0000-0000-0000-000000000000	c208afda-f314-459b-aa9c-12d08b395acd	{"action":"token_revoked","actor_id":"36abc818-b3a6-440f-933a-79ff41fe5b67","actor_username":"a01722728@tec.mx","actor_via_sso":false,"log_type":"token"}	2025-05-14 18:44:25.124098+00	
00000000-0000-0000-0000-000000000000	a137254f-2990-40f2-ab94-d91c0dbbf1ce	{"action":"login","actor_id":"36abc818-b3a6-440f-933a-79ff41fe5b67","actor_username":"a01722728@tec.mx","actor_via_sso":false,"log_type":"account","traits":{"provider":"email"}}	2025-05-14 18:44:25.167183+00	
00000000-0000-0000-0000-000000000000	31a4acc3-a666-4ddf-a5ee-9bb08a317535	{"action":"token_refreshed","actor_id":"36abc818-b3a6-440f-933a-79ff41fe5b67","actor_username":"a01722728@tec.mx","actor_via_sso":false,"log_type":"token"}	2025-05-14 18:44:25.226524+00	
00000000-0000-0000-0000-000000000000	0ac44908-6a72-48d2-a06c-c28bdac8087a	{"action":"token_revoked","actor_id":"36abc818-b3a6-440f-933a-79ff41fe5b67","actor_username":"a01722728@tec.mx","actor_via_sso":false,"log_type":"token"}	2025-05-14 18:44:25.227079+00	
00000000-0000-0000-0000-000000000000	07ef7a65-7d90-41cc-a599-73a231fb9495	{"action":"token_refreshed","actor_id":"36abc818-b3a6-440f-933a-79ff41fe5b67","actor_username":"a01722728@tec.mx","actor_via_sso":false,"log_type":"token"}	2025-05-14 18:44:25.333674+00	
00000000-0000-0000-0000-000000000000	94507f74-21f8-4f9d-9a7b-85416c07c6b7	{"action":"token_revoked","actor_id":"36abc818-b3a6-440f-933a-79ff41fe5b67","actor_username":"a01722728@tec.mx","actor_via_sso":false,"log_type":"token"}	2025-05-14 18:44:25.334599+00	
00000000-0000-0000-0000-000000000000	b12672ea-5b5f-4764-a674-20024461a74d	{"action":"token_refreshed","actor_id":"36abc818-b3a6-440f-933a-79ff41fe5b67","actor_username":"a01722728@tec.mx","actor_via_sso":false,"log_type":"token"}	2025-05-14 18:44:25.44037+00	
00000000-0000-0000-0000-000000000000	11322d81-0c6d-4865-8f13-26f283e384c9	{"action":"login","actor_id":"5f096705-11c3-49b1-b42c-d7bd17a75439","actor_username":"a01741300@tec.mx","actor_via_sso":false,"log_type":"account","traits":{"provider":"email"}}	2025-04-25 20:42:49.147247+00	
00000000-0000-0000-0000-000000000000	aa1e4dfe-3c6e-4ce8-972a-6893ee49a3b7	{"action":"logout","actor_id":"5f096705-11c3-49b1-b42c-d7bd17a75439","actor_username":"a01741300@tec.mx","actor_via_sso":false,"log_type":"account"}	2025-04-25 20:42:58.208301+00	
00000000-0000-0000-0000-000000000000	c5af7a92-b0f4-4e39-ac0c-9958396dc2d9	{"action":"login","actor_id":"5f096705-11c3-49b1-b42c-d7bd17a75439","actor_username":"a01741300@tec.mx","actor_via_sso":false,"log_type":"account","traits":{"provider":"email"}}	2025-04-25 20:44:17.564604+00	
00000000-0000-0000-0000-000000000000	c12feba8-d3f2-4907-bce3-5f80cc1163a9	{"action":"login","actor_id":"5ad0bb87-f4fc-413c-adba-ef4b0b9402d1","actor_username":"a01198327@tec.mx","actor_via_sso":false,"log_type":"account","traits":{"provider":"email"}}	2025-04-25 20:46:00.057317+00	
00000000-0000-0000-0000-000000000000	c5a5e2f2-6cc8-4e58-b91a-a124100b8114	{"action":"user_signedup","actor_id":"fc1276e7-efc6-4ec5-b2cd-bfab2005930e","actor_username":"yolanda@gmail.com","actor_via_sso":false,"log_type":"team","traits":{"provider":"email"}}	2025-04-29 22:01:27.151551+00	
00000000-0000-0000-0000-000000000000	61273838-fc1e-438b-af91-708033322381	{"action":"login","actor_id":"fc1276e7-efc6-4ec5-b2cd-bfab2005930e","actor_username":"yolanda@gmail.com","actor_via_sso":false,"log_type":"account","traits":{"provider":"email"}}	2025-04-29 22:01:27.158861+00	
00000000-0000-0000-0000-000000000000	742218dd-6fef-4123-9c6c-713cd370e356	{"action":"token_refreshed","actor_id":"386e63ba-dc8f-4af6-9447-44f7976a4a0c","actor_username":"rantonion2004@outlook.com","actor_via_sso":false,"log_type":"token"}	2025-05-14 04:35:31.344203+00	
00000000-0000-0000-0000-000000000000	96cd351a-4bd1-4f72-bf28-efcec089cfc4	{"action":"token_revoked","actor_id":"386e63ba-dc8f-4af6-9447-44f7976a4a0c","actor_username":"rantonion2004@outlook.com","actor_via_sso":false,"log_type":"token"}	2025-05-14 04:35:31.347509+00	
00000000-0000-0000-0000-000000000000	7f161bb6-4668-4c71-b7a9-6ee650c810a0	{"action":"token_revoked","actor_id":"36abc818-b3a6-440f-933a-79ff41fe5b67","actor_username":"a01722728@tec.mx","actor_via_sso":false,"log_type":"token"}	2025-05-14 18:44:25.44203+00	
00000000-0000-0000-0000-000000000000	8fd321e1-d935-499f-84f4-f83ecbec6961	{"action":"token_refreshed","actor_id":"36abc818-b3a6-440f-933a-79ff41fe5b67","actor_username":"a01722728@tec.mx","actor_via_sso":false,"log_type":"token"}	2025-05-14 18:44:25.543359+00	
00000000-0000-0000-0000-000000000000	22871231-8122-4aa2-90e7-6dcde4dbe0e2	{"action":"token_revoked","actor_id":"36abc818-b3a6-440f-933a-79ff41fe5b67","actor_username":"a01722728@tec.mx","actor_via_sso":false,"log_type":"token"}	2025-05-14 18:44:25.544003+00	
00000000-0000-0000-0000-000000000000	52c20a3d-364a-4eec-9612-51eff93b88e3	{"action":"token_refreshed","actor_id":"36abc818-b3a6-440f-933a-79ff41fe5b67","actor_username":"a01722728@tec.mx","actor_via_sso":false,"log_type":"token"}	2025-05-14 18:44:25.647817+00	
00000000-0000-0000-0000-000000000000	f91ac3fe-d533-4c2f-afa5-0d65b6b72e57	{"action":"token_revoked","actor_id":"36abc818-b3a6-440f-933a-79ff41fe5b67","actor_username":"a01722728@tec.mx","actor_via_sso":false,"log_type":"token"}	2025-05-14 18:44:25.648417+00	
00000000-0000-0000-0000-000000000000	76e40d53-ddf8-4099-af1c-fc6a9d24163e	{"action":"token_refreshed","actor_id":"36abc818-b3a6-440f-933a-79ff41fe5b67","actor_username":"a01722728@tec.mx","actor_via_sso":false,"log_type":"token"}	2025-05-14 18:44:25.761348+00	
00000000-0000-0000-0000-000000000000	edbeabf4-95bd-43ec-b4bb-1f578b293f46	{"action":"token_revoked","actor_id":"36abc818-b3a6-440f-933a-79ff41fe5b67","actor_username":"a01722728@tec.mx","actor_via_sso":false,"log_type":"token"}	2025-05-14 18:44:25.761951+00	
00000000-0000-0000-0000-000000000000	72ce10a9-4599-42c7-9570-66234b1a7fb8	{"action":"token_refreshed","actor_id":"36abc818-b3a6-440f-933a-79ff41fe5b67","actor_username":"a01722728@tec.mx","actor_via_sso":false,"log_type":"token"}	2025-05-14 18:44:25.859269+00	
00000000-0000-0000-0000-000000000000	5a854706-19f7-41e6-b5e1-1f2935ff427c	{"action":"token_revoked","actor_id":"36abc818-b3a6-440f-933a-79ff41fe5b67","actor_username":"a01722728@tec.mx","actor_via_sso":false,"log_type":"token"}	2025-05-14 18:44:25.859965+00	
00000000-0000-0000-0000-000000000000	7ceede8f-3eba-4d30-90de-274a6d838036	{"action":"token_refreshed","actor_id":"36abc818-b3a6-440f-933a-79ff41fe5b67","actor_username":"a01722728@tec.mx","actor_via_sso":false,"log_type":"token"}	2025-05-14 18:44:25.953289+00	
00000000-0000-0000-0000-000000000000	c11e251c-ee97-4a13-afb2-f12f3072674e	{"action":"token_revoked","actor_id":"36abc818-b3a6-440f-933a-79ff41fe5b67","actor_username":"a01722728@tec.mx","actor_via_sso":false,"log_type":"token"}	2025-05-14 18:44:25.953925+00	
00000000-0000-0000-0000-000000000000	b3148be2-7170-4118-909d-7b200a48ed5e	{"action":"token_refreshed","actor_id":"36abc818-b3a6-440f-933a-79ff41fe5b67","actor_username":"a01722728@tec.mx","actor_via_sso":false,"log_type":"token"}	2025-05-14 18:44:26.056163+00	
00000000-0000-0000-0000-000000000000	96ebb318-bc97-4ef1-be9b-161a5f524815	{"action":"token_revoked","actor_id":"36abc818-b3a6-440f-933a-79ff41fe5b67","actor_username":"a01722728@tec.mx","actor_via_sso":false,"log_type":"token"}	2025-05-14 18:44:26.056785+00	
00000000-0000-0000-0000-000000000000	ee485276-03f4-4e7e-b0aa-a684fa26b8aa	{"action":"token_refreshed","actor_id":"36abc818-b3a6-440f-933a-79ff41fe5b67","actor_username":"a01722728@tec.mx","actor_via_sso":false,"log_type":"token"}	2025-05-14 18:44:26.160989+00	
00000000-0000-0000-0000-000000000000	cf054fad-8a90-4e5a-b8d9-54478251d1b2	{"action":"token_revoked","actor_id":"36abc818-b3a6-440f-933a-79ff41fe5b67","actor_username":"a01722728@tec.mx","actor_via_sso":false,"log_type":"token"}	2025-05-14 18:44:26.161686+00	
00000000-0000-0000-0000-000000000000	74c1688e-831f-47ba-aa2a-11674b42b16b	{"action":"token_refreshed","actor_id":"36abc818-b3a6-440f-933a-79ff41fe5b67","actor_username":"a01722728@tec.mx","actor_via_sso":false,"log_type":"token"}	2025-05-14 18:44:26.273088+00	
00000000-0000-0000-0000-000000000000	60b4cd31-c2f0-41a5-8f8c-a8de1f6aa3c4	{"action":"token_revoked","actor_id":"36abc818-b3a6-440f-933a-79ff41fe5b67","actor_username":"a01722728@tec.mx","actor_via_sso":false,"log_type":"token"}	2025-05-14 18:44:26.273805+00	
00000000-0000-0000-0000-000000000000	1778b582-90a0-43a0-91dd-84efddfc2b5d	{"action":"token_refreshed","actor_id":"36abc818-b3a6-440f-933a-79ff41fe5b67","actor_username":"a01722728@tec.mx","actor_via_sso":false,"log_type":"token"}	2025-05-14 18:44:26.487974+00	
00000000-0000-0000-0000-000000000000	87221ed8-e31f-442a-a9a6-24b692579198	{"action":"token_revoked","actor_id":"36abc818-b3a6-440f-933a-79ff41fe5b67","actor_username":"a01722728@tec.mx","actor_via_sso":false,"log_type":"token"}	2025-05-14 18:44:26.488592+00	
00000000-0000-0000-0000-000000000000	3dbc33fe-57f9-41c3-93de-c29399d6dcdc	{"action":"token_refreshed","actor_id":"36abc818-b3a6-440f-933a-79ff41fe5b67","actor_username":"a01722728@tec.mx","actor_via_sso":false,"log_type":"token"}	2025-05-14 18:44:39.35395+00	
00000000-0000-0000-0000-000000000000	7bc958e6-8480-4f75-8845-8a2c56f5bc12	{"action":"token_revoked","actor_id":"36abc818-b3a6-440f-933a-79ff41fe5b67","actor_username":"a01722728@tec.mx","actor_via_sso":false,"log_type":"token"}	2025-05-14 18:44:39.354616+00	
00000000-0000-0000-0000-000000000000	f0390203-799f-4082-92b0-50776d871d81	{"action":"token_refreshed","actor_id":"36abc818-b3a6-440f-933a-79ff41fe5b67","actor_username":"a01722728@tec.mx","actor_via_sso":false,"log_type":"token"}	2025-05-14 18:44:39.46554+00	
00000000-0000-0000-0000-000000000000	4ced7144-c9fa-4b1b-bac8-cb2344e87e89	{"action":"token_revoked","actor_id":"36abc818-b3a6-440f-933a-79ff41fe5b67","actor_username":"a01722728@tec.mx","actor_via_sso":false,"log_type":"token"}	2025-05-14 18:44:39.466133+00	
00000000-0000-0000-0000-000000000000	6e85365a-a60f-47fe-8126-84185393dfa6	{"action":"token_refreshed","actor_id":"36abc818-b3a6-440f-933a-79ff41fe5b67","actor_username":"a01722728@tec.mx","actor_via_sso":false,"log_type":"token"}	2025-05-14 18:44:39.671021+00	
00000000-0000-0000-0000-000000000000	e4aabfb1-61f0-4246-a70d-1613e587a43f	{"action":"token_revoked","actor_id":"36abc818-b3a6-440f-933a-79ff41fe5b67","actor_username":"a01722728@tec.mx","actor_via_sso":false,"log_type":"token"}	2025-05-14 18:44:39.671585+00	
00000000-0000-0000-0000-000000000000	f6d9d700-31c7-48d4-9a8b-2d2ee8121efb	{"action":"token_refreshed","actor_id":"36abc818-b3a6-440f-933a-79ff41fe5b67","actor_username":"a01722728@tec.mx","actor_via_sso":false,"log_type":"token"}	2025-05-14 18:44:39.776091+00	
00000000-0000-0000-0000-000000000000	c357a774-64a3-492c-808c-c90aea412725	{"action":"login","actor_id":"5f096705-11c3-49b1-b42c-d7bd17a75439","actor_username":"a01741300@tec.mx","actor_via_sso":false,"log_type":"account","traits":{"provider":"email"}}	2025-04-25 20:52:33.953036+00	
00000000-0000-0000-0000-000000000000	42929039-2b24-4fda-8730-622d4d726d99	{"action":"user_signedup","actor_id":"36abc818-b3a6-440f-933a-79ff41fe5b67","actor_username":"a01722728@tec.mx","actor_via_sso":false,"log_type":"team","traits":{"provider":"email"}}	2025-04-25 20:53:07.522917+00	
00000000-0000-0000-0000-000000000000	905410b9-0259-4e66-a7a0-ff812170c3af	{"action":"login","actor_id":"36abc818-b3a6-440f-933a-79ff41fe5b67","actor_username":"a01722728@tec.mx","actor_via_sso":false,"log_type":"account","traits":{"provider":"email"}}	2025-04-25 20:53:07.528459+00	
00000000-0000-0000-0000-000000000000	99e44ad1-2df9-4673-870c-31015f34ce89	{"action":"login","actor_id":"36abc818-b3a6-440f-933a-79ff41fe5b67","actor_username":"a01722728@tec.mx","actor_via_sso":false,"log_type":"account","traits":{"provider":"email"}}	2025-04-25 20:53:14.924664+00	
00000000-0000-0000-0000-000000000000	b29a6e84-5c61-4834-97e0-0afd6f7cd6f0	{"action":"logout","actor_id":"fc1276e7-efc6-4ec5-b2cd-bfab2005930e","actor_username":"yolanda@gmail.com","actor_via_sso":false,"log_type":"account"}	2025-04-29 22:05:14.968469+00	
00000000-0000-0000-0000-000000000000	1b216517-ebe1-46d6-a4f4-cdae0032c998	{"action":"login","actor_id":"fc1276e7-efc6-4ec5-b2cd-bfab2005930e","actor_username":"yolanda@gmail.com","actor_via_sso":false,"log_type":"account","traits":{"provider":"email"}}	2025-04-29 22:05:27.26932+00	
00000000-0000-0000-0000-000000000000	bee4dd95-2f03-43fe-afb5-18086c2c257d	{"action":"token_refreshed","actor_id":"386e63ba-dc8f-4af6-9447-44f7976a4a0c","actor_username":"rantonion2004@outlook.com","actor_via_sso":false,"log_type":"token"}	2025-05-14 05:34:01.383701+00	
00000000-0000-0000-0000-000000000000	19e8dd88-c54a-4ae6-8bec-9c67475abe8f	{"action":"token_revoked","actor_id":"386e63ba-dc8f-4af6-9447-44f7976a4a0c","actor_username":"rantonion2004@outlook.com","actor_via_sso":false,"log_type":"token"}	2025-05-14 05:34:01.386839+00	
00000000-0000-0000-0000-000000000000	a9b45271-abe2-46ee-b4fb-b17f00a63135	{"action":"token_revoked","actor_id":"36abc818-b3a6-440f-933a-79ff41fe5b67","actor_username":"a01722728@tec.mx","actor_via_sso":false,"log_type":"token"}	2025-05-14 18:44:39.776775+00	
00000000-0000-0000-0000-000000000000	00a72324-d4e0-4212-80ea-f4c1368de8b5	{"action":"token_refreshed","actor_id":"36abc818-b3a6-440f-933a-79ff41fe5b67","actor_username":"a01722728@tec.mx","actor_via_sso":false,"log_type":"token"}	2025-05-14 18:44:39.882578+00	
00000000-0000-0000-0000-000000000000	e1c04f64-bac2-4514-94f7-ed715f1a2f6c	{"action":"token_revoked","actor_id":"36abc818-b3a6-440f-933a-79ff41fe5b67","actor_username":"a01722728@tec.mx","actor_via_sso":false,"log_type":"token"}	2025-05-14 18:44:39.883159+00	
00000000-0000-0000-0000-000000000000	9592f8f3-a350-4e16-97d4-d45a64fc0f1f	{"action":"token_refreshed","actor_id":"36abc818-b3a6-440f-933a-79ff41fe5b67","actor_username":"a01722728@tec.mx","actor_via_sso":false,"log_type":"token"}	2025-05-14 18:44:39.996529+00	
00000000-0000-0000-0000-000000000000	1e3d6b57-d461-41aa-b0a6-daca226d1fbb	{"action":"token_revoked","actor_id":"36abc818-b3a6-440f-933a-79ff41fe5b67","actor_username":"a01722728@tec.mx","actor_via_sso":false,"log_type":"token"}	2025-05-14 18:44:39.997091+00	
00000000-0000-0000-0000-000000000000	4f949f16-0f78-4ca8-88b2-8a964ed63b36	{"action":"token_refreshed","actor_id":"36abc818-b3a6-440f-933a-79ff41fe5b67","actor_username":"a01722728@tec.mx","actor_via_sso":false,"log_type":"token"}	2025-05-14 18:44:40.088248+00	
00000000-0000-0000-0000-000000000000	f4137436-8fd1-4a17-829e-7278d1eba10e	{"action":"token_revoked","actor_id":"36abc818-b3a6-440f-933a-79ff41fe5b67","actor_username":"a01722728@tec.mx","actor_via_sso":false,"log_type":"token"}	2025-05-14 18:44:40.088933+00	
00000000-0000-0000-0000-000000000000	065097a7-787a-45a6-a1e7-7a397db0caa4	{"action":"token_refreshed","actor_id":"36abc818-b3a6-440f-933a-79ff41fe5b67","actor_username":"a01722728@tec.mx","actor_via_sso":false,"log_type":"token"}	2025-05-14 18:44:40.198911+00	
00000000-0000-0000-0000-000000000000	84a90f8e-95ed-4eb6-bb3f-4fa6b8a6078f	{"action":"token_revoked","actor_id":"36abc818-b3a6-440f-933a-79ff41fe5b67","actor_username":"a01722728@tec.mx","actor_via_sso":false,"log_type":"token"}	2025-05-14 18:44:40.199572+00	
00000000-0000-0000-0000-000000000000	e4059116-ed04-43ea-9704-3fc5d9511be0	{"action":"token_refreshed","actor_id":"36abc818-b3a6-440f-933a-79ff41fe5b67","actor_username":"a01722728@tec.mx","actor_via_sso":false,"log_type":"token"}	2025-05-14 18:44:40.315687+00	
00000000-0000-0000-0000-000000000000	4d6da896-a9d7-4bea-a4c9-be68c2b3040d	{"action":"token_revoked","actor_id":"36abc818-b3a6-440f-933a-79ff41fe5b67","actor_username":"a01722728@tec.mx","actor_via_sso":false,"log_type":"token"}	2025-05-14 18:44:40.316257+00	
00000000-0000-0000-0000-000000000000	b15a44ad-d1aa-4142-ba8f-26b6bfcfccfc	{"action":"logout","actor_id":"386e63ba-dc8f-4af6-9447-44f7976a4a0c","actor_username":"rantonion2004@outlook.com","actor_via_sso":false,"log_type":"account"}	2025-05-14 18:45:21.200121+00	
00000000-0000-0000-0000-000000000000	80a20be9-36b0-4898-aecb-35a3d00c4044	{"action":"logout","actor_id":"5ad0bb87-f4fc-413c-adba-ef4b0b9402d1","actor_username":"a01198327@tec.mx","actor_via_sso":false,"log_type":"account"}	2025-05-14 18:45:35.949024+00	
00000000-0000-0000-0000-000000000000	7ee7b2ed-9982-458b-8050-5a2736bb3a37	{"action":"login","actor_id":"36abc818-b3a6-440f-933a-79ff41fe5b67","actor_username":"a01722728@tec.mx","actor_via_sso":false,"log_type":"account","traits":{"provider":"email"}}	2025-05-14 18:45:43.528824+00	
00000000-0000-0000-0000-000000000000	32f1d8ce-ffdf-42ef-9b9d-3ca7eee3e45b	{"action":"login","actor_id":"36abc818-b3a6-440f-933a-79ff41fe5b67","actor_username":"a01722728@tec.mx","actor_via_sso":false,"log_type":"account","traits":{"provider":"email"}}	2025-05-14 18:45:59.572457+00	
00000000-0000-0000-0000-000000000000	4e8a0adc-753b-4902-b173-b03aa673d774	{"action":"login","actor_id":"36abc818-b3a6-440f-933a-79ff41fe5b67","actor_username":"a01722728@tec.mx","actor_via_sso":false,"log_type":"account","traits":{"provider":"email"}}	2025-05-14 18:46:05.613472+00	
00000000-0000-0000-0000-000000000000	68f55302-bca1-4d77-ae0d-76a6d8bdb1d9	{"action":"token_refreshed","actor_id":"36abc818-b3a6-440f-933a-79ff41fe5b67","actor_username":"a01722728@tec.mx","actor_via_sso":false,"log_type":"token"}	2025-05-14 18:46:05.733294+00	
00000000-0000-0000-0000-000000000000	027bfe0b-f66b-4a62-b804-901439693a59	{"action":"token_revoked","actor_id":"36abc818-b3a6-440f-933a-79ff41fe5b67","actor_username":"a01722728@tec.mx","actor_via_sso":false,"log_type":"token"}	2025-05-14 18:46:05.733955+00	
00000000-0000-0000-0000-000000000000	83113cf4-8c74-4719-90a0-606274dd0e86	{"action":"token_refreshed","actor_id":"36abc818-b3a6-440f-933a-79ff41fe5b67","actor_username":"a01722728@tec.mx","actor_via_sso":false,"log_type":"token"}	2025-05-14 18:46:05.827604+00	
00000000-0000-0000-0000-000000000000	598efe4b-3cda-437f-b89a-a0894482ffe6	{"action":"token_revoked","actor_id":"36abc818-b3a6-440f-933a-79ff41fe5b67","actor_username":"a01722728@tec.mx","actor_via_sso":false,"log_type":"token"}	2025-05-14 18:46:05.828194+00	
00000000-0000-0000-0000-000000000000	7022b2a3-44af-44e3-b3a6-c1895728d21e	{"action":"token_refreshed","actor_id":"36abc818-b3a6-440f-933a-79ff41fe5b67","actor_username":"a01722728@tec.mx","actor_via_sso":false,"log_type":"token"}	2025-05-14 18:46:05.913484+00	
00000000-0000-0000-0000-000000000000	1612869a-fc97-4f41-8f71-d7fb75fd1c2b	{"action":"token_revoked","actor_id":"36abc818-b3a6-440f-933a-79ff41fe5b67","actor_username":"a01722728@tec.mx","actor_via_sso":false,"log_type":"token"}	2025-05-14 18:46:05.918299+00	
00000000-0000-0000-0000-000000000000	63d20b5a-d9da-44cc-bbcf-2f0ce4e75979	{"action":"token_refreshed","actor_id":"36abc818-b3a6-440f-933a-79ff41fe5b67","actor_username":"a01722728@tec.mx","actor_via_sso":false,"log_type":"token"}	2025-05-14 18:46:06.006156+00	
00000000-0000-0000-0000-000000000000	5d21912c-0f9d-4c65-9e1d-26a94ef21ce1	{"action":"token_revoked","actor_id":"36abc818-b3a6-440f-933a-79ff41fe5b67","actor_username":"a01722728@tec.mx","actor_via_sso":false,"log_type":"token"}	2025-05-14 18:46:06.006942+00	
00000000-0000-0000-0000-000000000000	9dd097b2-5f26-4ec3-983f-ea4babef0db3	{"action":"token_refreshed","actor_id":"36abc818-b3a6-440f-933a-79ff41fe5b67","actor_username":"a01722728@tec.mx","actor_via_sso":false,"log_type":"token"}	2025-05-14 18:46:06.09341+00	
00000000-0000-0000-0000-000000000000	e9808493-875b-4f0e-aef8-50e3e5d25a93	{"action":"user_deleted","actor_id":"00000000-0000-0000-0000-000000000000","actor_username":"service_role","actor_via_sso":false,"log_type":"team","traits":{"user_email":"test01@g.com","user_id":"2ccb7762-72c7-4aeb-93ab-5b628ea330f3","user_phone":""}}	2025-04-25 17:53:23.059966+00	
00000000-0000-0000-0000-000000000000	32f16b10-59a5-4aab-82f6-72f2f97ec595	{"action":"token_refreshed","actor_id":"36abc818-b3a6-440f-933a-79ff41fe5b67","actor_username":"a01722728@tec.mx","actor_via_sso":false,"log_type":"token"}	2025-05-14 18:48:13.267278+00	
00000000-0000-0000-0000-000000000000	a1a24835-d7b5-4475-bf0a-25e4481f2574	{"action":"token_revoked","actor_id":"36abc818-b3a6-440f-933a-79ff41fe5b67","actor_username":"a01722728@tec.mx","actor_via_sso":false,"log_type":"token"}	2025-05-14 18:48:13.268571+00	
00000000-0000-0000-0000-000000000000	08cb0b74-e861-4e58-a56d-7930fe7bfa39	{"action":"token_refreshed","actor_id":"36abc818-b3a6-440f-933a-79ff41fe5b67","actor_username":"a01722728@tec.mx","actor_via_sso":false,"log_type":"token"}	2025-05-14 18:48:13.384818+00	
00000000-0000-0000-0000-000000000000	5cd6384e-ca3c-4633-a99a-bca9fdcf0e10	{"action":"token_revoked","actor_id":"36abc818-b3a6-440f-933a-79ff41fe5b67","actor_username":"a01722728@tec.mx","actor_via_sso":false,"log_type":"token"}	2025-05-14 18:48:13.385395+00	
00000000-0000-0000-0000-000000000000	4efb83c6-7a37-43c6-8240-160c0e952a99	{"action":"token_refreshed","actor_id":"36abc818-b3a6-440f-933a-79ff41fe5b67","actor_username":"a01722728@tec.mx","actor_via_sso":false,"log_type":"token"}	2025-05-14 18:48:13.616211+00	
00000000-0000-0000-0000-000000000000	fec436d0-e14b-444a-924c-33fd1f1feefa	{"action":"token_revoked","actor_id":"36abc818-b3a6-440f-933a-79ff41fe5b67","actor_username":"a01722728@tec.mx","actor_via_sso":false,"log_type":"token"}	2025-05-14 18:48:13.6168+00	
00000000-0000-0000-0000-000000000000	65e74e65-12d0-4f4a-9595-a812c1589fc2	{"action":"token_refreshed","actor_id":"36abc818-b3a6-440f-933a-79ff41fe5b67","actor_username":"a01722728@tec.mx","actor_via_sso":false,"log_type":"token"}	2025-05-14 18:48:13.741043+00	
00000000-0000-0000-0000-000000000000	a8cfbefc-7eb2-433b-8225-f1fce4814f16	{"action":"token_revoked","actor_id":"36abc818-b3a6-440f-933a-79ff41fe5b67","actor_username":"a01722728@tec.mx","actor_via_sso":false,"log_type":"token"}	2025-05-14 18:48:13.741667+00	
00000000-0000-0000-0000-000000000000	365e2585-8eb7-4c75-8d10-80297bbc52a9	{"action":"token_refreshed","actor_id":"36abc818-b3a6-440f-933a-79ff41fe5b67","actor_username":"a01722728@tec.mx","actor_via_sso":false,"log_type":"token"}	2025-05-14 18:48:13.854143+00	
00000000-0000-0000-0000-000000000000	8009d0be-5df2-45e6-bf56-ec656b69070a	{"action":"token_revoked","actor_id":"36abc818-b3a6-440f-933a-79ff41fe5b67","actor_username":"a01722728@tec.mx","actor_via_sso":false,"log_type":"token"}	2025-05-14 18:48:13.85472+00	
00000000-0000-0000-0000-000000000000	2f5696cb-e791-429f-84b9-b1b44deb5f0a	{"action":"token_refreshed","actor_id":"36abc818-b3a6-440f-933a-79ff41fe5b67","actor_username":"a01722728@tec.mx","actor_via_sso":false,"log_type":"token"}	2025-05-14 18:48:13.955281+00	
00000000-0000-0000-0000-000000000000	031910d1-7247-4499-8c87-2b56a2c5d937	{"action":"token_revoked","actor_id":"36abc818-b3a6-440f-933a-79ff41fe5b67","actor_username":"a01722728@tec.mx","actor_via_sso":false,"log_type":"token"}	2025-05-14 18:48:13.955847+00	
00000000-0000-0000-0000-000000000000	23993313-a0bd-47b0-8e33-a71ca73bddcb	{"action":"token_refreshed","actor_id":"36abc818-b3a6-440f-933a-79ff41fe5b67","actor_username":"a01722728@tec.mx","actor_via_sso":false,"log_type":"token"}	2025-05-14 18:48:14.107469+00	
00000000-0000-0000-0000-000000000000	e789d9f0-2ef8-4913-b84d-a166c50964c3	{"action":"token_revoked","actor_id":"36abc818-b3a6-440f-933a-79ff41fe5b67","actor_username":"a01722728@tec.mx","actor_via_sso":false,"log_type":"token"}	2025-05-14 18:48:14.108543+00	
00000000-0000-0000-0000-000000000000	ce7d0aa5-ef08-459e-ba39-d442ad1753a5	{"action":"token_refreshed","actor_id":"36abc818-b3a6-440f-933a-79ff41fe5b67","actor_username":"a01722728@tec.mx","actor_via_sso":false,"log_type":"token"}	2025-05-14 18:48:14.233307+00	
00000000-0000-0000-0000-000000000000	be3fa52d-528b-4c26-b98b-8d67e83db0d9	{"action":"token_revoked","actor_id":"36abc818-b3a6-440f-933a-79ff41fe5b67","actor_username":"a01722728@tec.mx","actor_via_sso":false,"log_type":"token"}	2025-05-14 18:48:14.233873+00	
00000000-0000-0000-0000-000000000000	5a022d94-f5bc-4dcb-b1af-6af0f7792b2c	{"action":"login","actor_id":"36abc818-b3a6-440f-933a-79ff41fe5b67","actor_username":"a01722728@tec.mx","actor_via_sso":false,"log_type":"account","traits":{"provider":"email"}}	2025-05-14 18:48:43.611228+00	
00000000-0000-0000-0000-000000000000	665b4b75-dfc1-4409-896e-9631756013f4	{"action":"token_refreshed","actor_id":"36abc818-b3a6-440f-933a-79ff41fe5b67","actor_username":"a01722728@tec.mx","actor_via_sso":false,"log_type":"token"}	2025-05-14 18:48:43.769966+00	
00000000-0000-0000-0000-000000000000	deba3e7c-6815-4770-9775-80cb5b2b27b5	{"action":"token_revoked","actor_id":"36abc818-b3a6-440f-933a-79ff41fe5b67","actor_username":"a01722728@tec.mx","actor_via_sso":false,"log_type":"token"}	2025-05-14 18:48:43.77067+00	
00000000-0000-0000-0000-000000000000	956f7839-af05-4337-8eab-1a4eaa42f085	{"action":"token_refreshed","actor_id":"36abc818-b3a6-440f-933a-79ff41fe5b67","actor_username":"a01722728@tec.mx","actor_via_sso":false,"log_type":"token"}	2025-05-14 18:48:43.874237+00	
00000000-0000-0000-0000-000000000000	976653f9-bb04-48d8-8c1f-168f170a99a1	{"action":"token_revoked","actor_id":"36abc818-b3a6-440f-933a-79ff41fe5b67","actor_username":"a01722728@tec.mx","actor_via_sso":false,"log_type":"token"}	2025-05-14 18:48:43.87487+00	
00000000-0000-0000-0000-000000000000	57730713-b9d1-4792-9fb7-35d4bca23970	{"action":"token_refreshed","actor_id":"36abc818-b3a6-440f-933a-79ff41fe5b67","actor_username":"a01722728@tec.mx","actor_via_sso":false,"log_type":"token"}	2025-05-14 18:48:43.982935+00	
00000000-0000-0000-0000-000000000000	702f35be-1319-4b16-bc12-fd3cfdbb1a7e	{"action":"token_revoked","actor_id":"36abc818-b3a6-440f-933a-79ff41fe5b67","actor_username":"a01722728@tec.mx","actor_via_sso":false,"log_type":"token"}	2025-05-14 18:48:43.983685+00	
00000000-0000-0000-0000-000000000000	5e663b14-75a1-40be-8bba-58cd499dc244	{"action":"token_refreshed","actor_id":"36abc818-b3a6-440f-933a-79ff41fe5b67","actor_username":"a01722728@tec.mx","actor_via_sso":false,"log_type":"token"}	2025-05-14 18:48:44.077486+00	
00000000-0000-0000-0000-000000000000	3343f9d3-e35b-4092-9ae4-f21fe4283f45	{"action":"token_revoked","actor_id":"36abc818-b3a6-440f-933a-79ff41fe5b67","actor_username":"a01722728@tec.mx","actor_via_sso":false,"log_type":"token"}	2025-05-14 18:48:44.078202+00	
00000000-0000-0000-0000-000000000000	47e3641e-8408-4d94-ba21-b599c0900e55	{"action":"token_refreshed","actor_id":"36abc818-b3a6-440f-933a-79ff41fe5b67","actor_username":"a01722728@tec.mx","actor_via_sso":false,"log_type":"token"}	2025-05-14 18:48:44.199566+00	
00000000-0000-0000-0000-000000000000	891585c1-5def-4cd7-bf66-713561fd7894	{"action":"token_revoked","actor_id":"36abc818-b3a6-440f-933a-79ff41fe5b67","actor_username":"a01722728@tec.mx","actor_via_sso":false,"log_type":"token"}	2025-05-14 18:48:44.200688+00	
00000000-0000-0000-0000-000000000000	dbbef119-7440-4f68-a0f5-497f201f58a5	{"action":"token_refreshed","actor_id":"36abc818-b3a6-440f-933a-79ff41fe5b67","actor_username":"a01722728@tec.mx","actor_via_sso":false,"log_type":"token"}	2025-05-14 18:48:44.528349+00	
00000000-0000-0000-0000-000000000000	9dd9e911-0773-499b-8282-df3687c0d8cc	{"action":"token_revoked","actor_id":"36abc818-b3a6-440f-933a-79ff41fe5b67","actor_username":"a01722728@tec.mx","actor_via_sso":false,"log_type":"token"}	2025-05-14 18:48:44.528978+00	
00000000-0000-0000-0000-000000000000	7b7c641f-c088-4388-a659-77bd14143c41	{"action":"token_refreshed","actor_id":"36abc818-b3a6-440f-933a-79ff41fe5b67","actor_username":"a01722728@tec.mx","actor_via_sso":false,"log_type":"token"}	2025-05-14 18:48:44.624026+00	
00000000-0000-0000-0000-000000000000	58080d03-2ac0-4a6f-aeaa-4d4b7fcf1ba4	{"action":"token_revoked","actor_id":"36abc818-b3a6-440f-933a-79ff41fe5b67","actor_username":"a01722728@tec.mx","actor_via_sso":false,"log_type":"token"}	2025-05-14 18:48:44.624658+00	
00000000-0000-0000-0000-000000000000	81c84b44-636a-44a8-87a7-88fd41f56be6	{"action":"token_refreshed","actor_id":"36abc818-b3a6-440f-933a-79ff41fe5b67","actor_username":"a01722728@tec.mx","actor_via_sso":false,"log_type":"token"}	2025-05-14 18:48:44.724208+00	
00000000-0000-0000-0000-000000000000	d73aa478-12a8-49e9-a88a-aa876c402c1f	{"action":"token_revoked","actor_id":"36abc818-b3a6-440f-933a-79ff41fe5b67","actor_username":"a01722728@tec.mx","actor_via_sso":false,"log_type":"token"}	2025-05-14 18:48:44.724967+00	
00000000-0000-0000-0000-000000000000	2e116cfd-aee6-4897-92b0-6ccc46630096	{"action":"token_refreshed","actor_id":"36abc818-b3a6-440f-933a-79ff41fe5b67","actor_username":"a01722728@tec.mx","actor_via_sso":false,"log_type":"token"}	2025-05-14 18:48:47.176846+00	
00000000-0000-0000-0000-000000000000	06096470-fec1-4aec-bc7f-e66bf5f1edd7	{"action":"token_revoked","actor_id":"36abc818-b3a6-440f-933a-79ff41fe5b67","actor_username":"a01722728@tec.mx","actor_via_sso":false,"log_type":"token"}	2025-05-14 18:48:47.177532+00	
00000000-0000-0000-0000-000000000000	c8944bf3-6e1b-43b8-b109-f9ba8c956a5d	{"action":"token_refreshed","actor_id":"36abc818-b3a6-440f-933a-79ff41fe5b67","actor_username":"a01722728@tec.mx","actor_via_sso":false,"log_type":"token"}	2025-05-14 18:48:47.284082+00	
00000000-0000-0000-0000-000000000000	89f698bd-0e82-4b0c-ab1e-c0275e7f4387	{"action":"token_revoked","actor_id":"36abc818-b3a6-440f-933a-79ff41fe5b67","actor_username":"a01722728@tec.mx","actor_via_sso":false,"log_type":"token"}	2025-05-14 18:48:47.284704+00	
00000000-0000-0000-0000-000000000000	2d750ccd-3eab-4e7a-9bc6-001e964690a0	{"action":"login","actor_id":"36abc818-b3a6-440f-933a-79ff41fe5b67","actor_username":"a01722728@tec.mx","actor_via_sso":false,"log_type":"account","traits":{"provider":"email"}}	2025-05-14 18:50:18.866591+00	
00000000-0000-0000-0000-000000000000	9a958296-ff39-4ea1-bbe1-aa660328db33	{"action":"token_refreshed","actor_id":"36abc818-b3a6-440f-933a-79ff41fe5b67","actor_username":"a01722728@tec.mx","actor_via_sso":false,"log_type":"token"}	2025-05-14 18:50:18.990155+00	
00000000-0000-0000-0000-000000000000	a4226c51-aef3-4b53-8527-8763534083f2	{"action":"token_revoked","actor_id":"36abc818-b3a6-440f-933a-79ff41fe5b67","actor_username":"a01722728@tec.mx","actor_via_sso":false,"log_type":"token"}	2025-05-14 18:50:18.991574+00	
00000000-0000-0000-0000-000000000000	d1154321-15df-40e7-a5e5-94b10b8f68a6	{"action":"token_refreshed","actor_id":"36abc818-b3a6-440f-933a-79ff41fe5b67","actor_username":"a01722728@tec.mx","actor_via_sso":false,"log_type":"token"}	2025-05-14 18:50:19.139325+00	
00000000-0000-0000-0000-000000000000	4e2adae4-f6db-420a-ae59-5abf82be0e52	{"action":"token_revoked","actor_id":"36abc818-b3a6-440f-933a-79ff41fe5b67","actor_username":"a01722728@tec.mx","actor_via_sso":false,"log_type":"token"}	2025-05-14 18:50:19.139897+00	
00000000-0000-0000-0000-000000000000	cf4f6eeb-5a90-41c6-9580-ed2e9bbe388c	{"action":"token_refreshed","actor_id":"36abc818-b3a6-440f-933a-79ff41fe5b67","actor_username":"a01722728@tec.mx","actor_via_sso":false,"log_type":"token"}	2025-05-14 18:50:19.275096+00	
00000000-0000-0000-0000-000000000000	5a2d28cd-db31-4937-8b6d-e05002fa2625	{"action":"token_revoked","actor_id":"36abc818-b3a6-440f-933a-79ff41fe5b67","actor_username":"a01722728@tec.mx","actor_via_sso":false,"log_type":"token"}	2025-05-14 18:50:19.275674+00	
00000000-0000-0000-0000-000000000000	d22581df-d64a-450e-86a6-59b557c8ef1f	{"action":"token_refreshed","actor_id":"36abc818-b3a6-440f-933a-79ff41fe5b67","actor_username":"a01722728@tec.mx","actor_via_sso":false,"log_type":"token"}	2025-05-14 18:50:19.407217+00	
00000000-0000-0000-0000-000000000000	db70f4bc-046b-43f2-afd3-94eb1d4d14a3	{"action":"token_revoked","actor_id":"36abc818-b3a6-440f-933a-79ff41fe5b67","actor_username":"a01722728@tec.mx","actor_via_sso":false,"log_type":"token"}	2025-05-14 18:50:19.40793+00	
00000000-0000-0000-0000-000000000000	91604af3-8978-464a-849c-a1fbd6edfae2	{"action":"token_refreshed","actor_id":"36abc818-b3a6-440f-933a-79ff41fe5b67","actor_username":"a01722728@tec.mx","actor_via_sso":false,"log_type":"token"}	2025-05-14 18:50:19.513957+00	
00000000-0000-0000-0000-000000000000	d415c29d-e93d-4464-b88b-476e27f0b4f0	{"action":"token_revoked","actor_id":"36abc818-b3a6-440f-933a-79ff41fe5b67","actor_username":"a01722728@tec.mx","actor_via_sso":false,"log_type":"token"}	2025-05-14 18:50:19.514635+00	
00000000-0000-0000-0000-000000000000	fbcfa817-d34f-4441-b146-374288b14ba6	{"action":"token_refreshed","actor_id":"36abc818-b3a6-440f-933a-79ff41fe5b67","actor_username":"a01722728@tec.mx","actor_via_sso":false,"log_type":"token"}	2025-05-14 18:50:19.783711+00	
00000000-0000-0000-0000-000000000000	3e67524b-168a-49a3-ba5b-9e9c8389db3c	{"action":"token_revoked","actor_id":"36abc818-b3a6-440f-933a-79ff41fe5b67","actor_username":"a01722728@tec.mx","actor_via_sso":false,"log_type":"token"}	2025-05-14 18:50:19.784293+00	
00000000-0000-0000-0000-000000000000	83656aa3-d60e-4d2c-92bd-ce0ca908260e	{"action":"token_refreshed","actor_id":"36abc818-b3a6-440f-933a-79ff41fe5b67","actor_username":"a01722728@tec.mx","actor_via_sso":false,"log_type":"token"}	2025-05-14 18:50:19.895726+00	
00000000-0000-0000-0000-000000000000	428fb1a2-c9f5-416a-88da-bc6c9319b581	{"action":"token_revoked","actor_id":"36abc818-b3a6-440f-933a-79ff41fe5b67","actor_username":"a01722728@tec.mx","actor_via_sso":false,"log_type":"token"}	2025-05-14 18:50:19.896486+00	
00000000-0000-0000-0000-000000000000	06cff77c-5f2a-4073-a8e1-b8206f395942	{"action":"token_refreshed","actor_id":"36abc818-b3a6-440f-933a-79ff41fe5b67","actor_username":"a01722728@tec.mx","actor_via_sso":false,"log_type":"token"}	2025-05-14 18:50:19.995645+00	
00000000-0000-0000-0000-000000000000	72e30638-6803-40e9-95ab-1ab4af736411	{"action":"token_revoked","actor_id":"36abc818-b3a6-440f-933a-79ff41fe5b67","actor_username":"a01722728@tec.mx","actor_via_sso":false,"log_type":"token"}	2025-05-14 18:50:19.99626+00	
00000000-0000-0000-0000-000000000000	5f79eded-3238-4e9b-a6a6-d0a599cc2ab3	{"action":"token_refreshed","actor_id":"36abc818-b3a6-440f-933a-79ff41fe5b67","actor_username":"a01722728@tec.mx","actor_via_sso":false,"log_type":"token"}	2025-05-14 18:50:20.122099+00	
00000000-0000-0000-0000-000000000000	6f4e7ee9-a92e-4399-aa8e-f6a8e87fd650	{"action":"token_revoked","actor_id":"36abc818-b3a6-440f-933a-79ff41fe5b67","actor_username":"a01722728@tec.mx","actor_via_sso":false,"log_type":"token"}	2025-05-14 18:50:20.122718+00	
00000000-0000-0000-0000-000000000000	993870d5-005f-40c0-b08c-60509575c32c	{"action":"token_refreshed","actor_id":"36abc818-b3a6-440f-933a-79ff41fe5b67","actor_username":"a01722728@tec.mx","actor_via_sso":false,"log_type":"token"}	2025-05-14 18:50:20.227903+00	
00000000-0000-0000-0000-000000000000	f1ca59b5-7415-4efa-a26c-bd161f3e0e3d	{"action":"token_revoked","actor_id":"36abc818-b3a6-440f-933a-79ff41fe5b67","actor_username":"a01722728@tec.mx","actor_via_sso":false,"log_type":"token"}	2025-05-14 18:50:20.228402+00	
00000000-0000-0000-0000-000000000000	72cfa0ea-6513-453a-acc0-ebd966dad123	{"action":"token_refreshed","actor_id":"36abc818-b3a6-440f-933a-79ff41fe5b67","actor_username":"a01722728@tec.mx","actor_via_sso":false,"log_type":"token"}	2025-05-14 18:50:20.455093+00	
00000000-0000-0000-0000-000000000000	1b2266bd-809c-4476-ac4b-fc21a7e8bfcc	{"action":"token_revoked","actor_id":"36abc818-b3a6-440f-933a-79ff41fe5b67","actor_username":"a01722728@tec.mx","actor_via_sso":false,"log_type":"token"}	2025-05-14 18:50:20.455745+00	
00000000-0000-0000-0000-000000000000	4f46399c-83d5-4a9b-b637-ea3475457c62	{"action":"token_refreshed","actor_id":"36abc818-b3a6-440f-933a-79ff41fe5b67","actor_username":"a01722728@tec.mx","actor_via_sso":false,"log_type":"token"}	2025-05-14 18:50:23.117295+00	
00000000-0000-0000-0000-000000000000	8662af9c-9643-4c25-a3c9-c25ae4ff86be	{"action":"token_revoked","actor_id":"36abc818-b3a6-440f-933a-79ff41fe5b67","actor_username":"a01722728@tec.mx","actor_via_sso":false,"log_type":"token"}	2025-05-14 18:50:23.117899+00	
00000000-0000-0000-0000-000000000000	de0f965c-2910-4148-bc30-fd1d73b0c517	{"action":"token_refreshed","actor_id":"36abc818-b3a6-440f-933a-79ff41fe5b67","actor_username":"a01722728@tec.mx","actor_via_sso":false,"log_type":"token"}	2025-05-14 18:50:23.370382+00	
00000000-0000-0000-0000-000000000000	09849ef3-5c49-442c-9f7e-812dae46f001	{"action":"token_revoked","actor_id":"36abc818-b3a6-440f-933a-79ff41fe5b67","actor_username":"a01722728@tec.mx","actor_via_sso":false,"log_type":"token"}	2025-05-14 18:50:23.371008+00	
00000000-0000-0000-0000-000000000000	98616665-ca9b-4730-921c-78256a4f881f	{"action":"token_refreshed","actor_id":"36abc818-b3a6-440f-933a-79ff41fe5b67","actor_username":"a01722728@tec.mx","actor_via_sso":false,"log_type":"token"}	2025-05-14 18:50:23.499135+00	
00000000-0000-0000-0000-000000000000	fb8e13c0-042e-4ba6-b713-e868b1fea7b1	{"action":"token_revoked","actor_id":"36abc818-b3a6-440f-933a-79ff41fe5b67","actor_username":"a01722728@tec.mx","actor_via_sso":false,"log_type":"token"}	2025-05-14 18:50:23.499705+00	
00000000-0000-0000-0000-000000000000	5ab80f89-5254-4b12-8d65-db339cdf0ba9	{"action":"token_refreshed","actor_id":"36abc818-b3a6-440f-933a-79ff41fe5b67","actor_username":"a01722728@tec.mx","actor_via_sso":false,"log_type":"token"}	2025-05-14 18:50:23.608913+00	
00000000-0000-0000-0000-000000000000	7b62267e-a37f-4225-8d28-213f1adad950	{"action":"token_revoked","actor_id":"36abc818-b3a6-440f-933a-79ff41fe5b67","actor_username":"a01722728@tec.mx","actor_via_sso":false,"log_type":"token"}	2025-05-14 18:50:23.609489+00	
00000000-0000-0000-0000-000000000000	cc42140a-397c-46f7-9c52-3cd6ad83bdf3	{"action":"token_refreshed","actor_id":"36abc818-b3a6-440f-933a-79ff41fe5b67","actor_username":"a01722728@tec.mx","actor_via_sso":false,"log_type":"token"}	2025-05-14 18:50:23.732147+00	
00000000-0000-0000-0000-000000000000	ec1d7b02-3c17-410f-9621-8af260b580eb	{"action":"token_revoked","actor_id":"36abc818-b3a6-440f-933a-79ff41fe5b67","actor_username":"a01722728@tec.mx","actor_via_sso":false,"log_type":"token"}	2025-05-14 18:50:23.732902+00	
00000000-0000-0000-0000-000000000000	7fc860f7-6e38-4c9c-8239-64691b508244	{"action":"token_refreshed","actor_id":"36abc818-b3a6-440f-933a-79ff41fe5b67","actor_username":"a01722728@tec.mx","actor_via_sso":false,"log_type":"token"}	2025-05-14 18:50:24.842318+00	
00000000-0000-0000-0000-000000000000	201dd16b-9ba7-45bd-9378-71a14c75b89e	{"action":"token_revoked","actor_id":"36abc818-b3a6-440f-933a-79ff41fe5b67","actor_username":"a01722728@tec.mx","actor_via_sso":false,"log_type":"token"}	2025-05-14 18:50:24.843377+00	
00000000-0000-0000-0000-000000000000	b9062cf1-b2e4-404d-b551-f0ebca74b23e	{"action":"token_refreshed","actor_id":"36abc818-b3a6-440f-933a-79ff41fe5b67","actor_username":"a01722728@tec.mx","actor_via_sso":false,"log_type":"token"}	2025-05-14 18:50:24.953498+00	
00000000-0000-0000-0000-000000000000	761d8052-7722-446b-a1ff-0c54f6ea0e6c	{"action":"token_revoked","actor_id":"36abc818-b3a6-440f-933a-79ff41fe5b67","actor_username":"a01722728@tec.mx","actor_via_sso":false,"log_type":"token"}	2025-05-14 18:50:24.954146+00	
00000000-0000-0000-0000-000000000000	9aef1cc7-5694-4b6a-902c-d2c633af3a96	{"action":"token_refreshed","actor_id":"36abc818-b3a6-440f-933a-79ff41fe5b67","actor_username":"a01722728@tec.mx","actor_via_sso":false,"log_type":"token"}	2025-05-14 18:50:25.167558+00	
00000000-0000-0000-0000-000000000000	e24738b4-0961-4c3d-939c-84e6e528378b	{"action":"token_revoked","actor_id":"36abc818-b3a6-440f-933a-79ff41fe5b67","actor_username":"a01722728@tec.mx","actor_via_sso":false,"log_type":"token"}	2025-05-14 18:50:25.168163+00	
00000000-0000-0000-0000-000000000000	8d388e75-8bb0-485b-9c0e-19a6264eef1b	{"action":"token_refreshed","actor_id":"36abc818-b3a6-440f-933a-79ff41fe5b67","actor_username":"a01722728@tec.mx","actor_via_sso":false,"log_type":"token"}	2025-05-14 18:50:25.29036+00	
00000000-0000-0000-0000-000000000000	1d92ffc6-a3f9-4882-a31c-00754e40f59c	{"action":"token_revoked","actor_id":"36abc818-b3a6-440f-933a-79ff41fe5b67","actor_username":"a01722728@tec.mx","actor_via_sso":false,"log_type":"token"}	2025-05-14 18:50:25.290956+00	
00000000-0000-0000-0000-000000000000	586ad1d3-c112-42d2-9a55-22c073a7a39c	{"action":"token_refreshed","actor_id":"36abc818-b3a6-440f-933a-79ff41fe5b67","actor_username":"a01722728@tec.mx","actor_via_sso":false,"log_type":"token"}	2025-05-14 18:50:25.390945+00	
00000000-0000-0000-0000-000000000000	c12a33ca-1ab4-4d85-9169-01dfe8afcbbf	{"action":"token_revoked","actor_id":"36abc818-b3a6-440f-933a-79ff41fe5b67","actor_username":"a01722728@tec.mx","actor_via_sso":false,"log_type":"token"}	2025-05-14 18:50:25.391582+00	
00000000-0000-0000-0000-000000000000	a19659a4-98c1-41c7-8038-5131c02e319a	{"action":"token_refreshed","actor_id":"36abc818-b3a6-440f-933a-79ff41fe5b67","actor_username":"a01722728@tec.mx","actor_via_sso":false,"log_type":"token"}	2025-05-14 18:50:25.493512+00	
00000000-0000-0000-0000-000000000000	8875f057-b84a-4e93-8d5a-bf48ecf90c2b	{"action":"token_revoked","actor_id":"36abc818-b3a6-440f-933a-79ff41fe5b67","actor_username":"a01722728@tec.mx","actor_via_sso":false,"log_type":"token"}	2025-05-14 18:50:25.494636+00	
00000000-0000-0000-0000-000000000000	171c9252-c838-47df-bad8-05b2c1512f9b	{"action":"token_refreshed","actor_id":"36abc818-b3a6-440f-933a-79ff41fe5b67","actor_username":"a01722728@tec.mx","actor_via_sso":false,"log_type":"token"}	2025-05-14 18:50:25.594312+00	
00000000-0000-0000-0000-000000000000	473da9fe-ce23-49d3-829d-97e1920d6823	{"action":"token_revoked","actor_id":"36abc818-b3a6-440f-933a-79ff41fe5b67","actor_username":"a01722728@tec.mx","actor_via_sso":false,"log_type":"token"}	2025-05-14 18:50:25.594869+00	
00000000-0000-0000-0000-000000000000	93e55bb5-033a-42f3-9a8c-be7f4ea1aca2	{"action":"token_refreshed","actor_id":"36abc818-b3a6-440f-933a-79ff41fe5b67","actor_username":"a01722728@tec.mx","actor_via_sso":false,"log_type":"token"}	2025-05-14 18:50:25.697125+00	
00000000-0000-0000-0000-000000000000	2c2946c8-5957-4cc1-aa3d-01f8f28b2cd4	{"action":"token_revoked","actor_id":"36abc818-b3a6-440f-933a-79ff41fe5b67","actor_username":"a01722728@tec.mx","actor_via_sso":false,"log_type":"token"}	2025-05-14 18:50:25.697812+00	
00000000-0000-0000-0000-000000000000	5ac91b18-2c46-45a6-bec9-ca401b702532	{"action":"token_refreshed","actor_id":"36abc818-b3a6-440f-933a-79ff41fe5b67","actor_username":"a01722728@tec.mx","actor_via_sso":false,"log_type":"token"}	2025-05-14 18:50:25.826441+00	
00000000-0000-0000-0000-000000000000	096f0a61-dbde-4804-a34f-ed213113f602	{"action":"token_revoked","actor_id":"36abc818-b3a6-440f-933a-79ff41fe5b67","actor_username":"a01722728@tec.mx","actor_via_sso":false,"log_type":"token"}	2025-05-14 18:50:25.827056+00	
00000000-0000-0000-0000-000000000000	9a246f66-c24f-4f66-9326-26aa577bfb73	{"action":"token_refreshed","actor_id":"36abc818-b3a6-440f-933a-79ff41fe5b67","actor_username":"a01722728@tec.mx","actor_via_sso":false,"log_type":"token"}	2025-05-14 18:50:25.941571+00	
00000000-0000-0000-0000-000000000000	2908c842-a212-4e2f-bbdf-19540d0cdfdc	{"action":"token_revoked","actor_id":"36abc818-b3a6-440f-933a-79ff41fe5b67","actor_username":"a01722728@tec.mx","actor_via_sso":false,"log_type":"token"}	2025-05-14 18:50:25.943435+00	
00000000-0000-0000-0000-000000000000	f37eb1f3-0d12-4f60-845d-21c62c5081a5	{"action":"token_refreshed","actor_id":"36abc818-b3a6-440f-933a-79ff41fe5b67","actor_username":"a01722728@tec.mx","actor_via_sso":false,"log_type":"token"}	2025-05-14 18:50:26.046449+00	
00000000-0000-0000-0000-000000000000	020ee208-5812-41ae-b40c-7f9f81cd5869	{"action":"token_revoked","actor_id":"36abc818-b3a6-440f-933a-79ff41fe5b67","actor_username":"a01722728@tec.mx","actor_via_sso":false,"log_type":"token"}	2025-05-14 18:50:26.047163+00	
00000000-0000-0000-0000-000000000000	e7efe180-c55f-43e2-b31c-923a062a98cb	{"action":"token_refreshed","actor_id":"36abc818-b3a6-440f-933a-79ff41fe5b67","actor_username":"a01722728@tec.mx","actor_via_sso":false,"log_type":"token"}	2025-05-14 18:50:26.149655+00	
00000000-0000-0000-0000-000000000000	fa176da8-bc20-4173-8687-f2d8b6ecf292	{"action":"token_revoked","actor_id":"36abc818-b3a6-440f-933a-79ff41fe5b67","actor_username":"a01722728@tec.mx","actor_via_sso":false,"log_type":"token"}	2025-05-14 18:50:26.150227+00	
00000000-0000-0000-0000-000000000000	184dbebc-176a-414a-a8c0-0a72ce3b8e5a	{"action":"token_refreshed","actor_id":"36abc818-b3a6-440f-933a-79ff41fe5b67","actor_username":"a01722728@tec.mx","actor_via_sso":false,"log_type":"token"}	2025-05-14 18:50:26.258044+00	
00000000-0000-0000-0000-000000000000	ee0ffa7c-4b6f-4882-b78b-41bf1552e966	{"action":"token_revoked","actor_id":"36abc818-b3a6-440f-933a-79ff41fe5b67","actor_username":"a01722728@tec.mx","actor_via_sso":false,"log_type":"token"}	2025-05-14 18:50:26.258642+00	
00000000-0000-0000-0000-000000000000	c11a98aa-edca-4b9f-9d96-a34104109eb4	{"action":"token_refreshed","actor_id":"36abc818-b3a6-440f-933a-79ff41fe5b67","actor_username":"a01722728@tec.mx","actor_via_sso":false,"log_type":"token"}	2025-05-14 18:50:26.356406+00	
00000000-0000-0000-0000-000000000000	a1d6a5db-5c27-45b6-97ce-1bf3891dd47c	{"action":"token_revoked","actor_id":"36abc818-b3a6-440f-933a-79ff41fe5b67","actor_username":"a01722728@tec.mx","actor_via_sso":false,"log_type":"token"}	2025-05-14 18:50:26.357023+00	
00000000-0000-0000-0000-000000000000	e466f073-a34d-4d33-b75f-06b5407e6936	{"action":"token_refreshed","actor_id":"36abc818-b3a6-440f-933a-79ff41fe5b67","actor_username":"a01722728@tec.mx","actor_via_sso":false,"log_type":"token"}	2025-05-14 18:50:26.454583+00	
00000000-0000-0000-0000-000000000000	a633810d-c20e-4a7e-a8bf-88ac27fc6519	{"action":"token_revoked","actor_id":"36abc818-b3a6-440f-933a-79ff41fe5b67","actor_username":"a01722728@tec.mx","actor_via_sso":false,"log_type":"token"}	2025-05-14 18:50:26.455122+00	
00000000-0000-0000-0000-000000000000	781d98e4-5b37-4dc8-bafd-50f1fa42467e	{"action":"token_refreshed","actor_id":"36abc818-b3a6-440f-933a-79ff41fe5b67","actor_username":"a01722728@tec.mx","actor_via_sso":false,"log_type":"token"}	2025-05-14 18:50:26.56721+00	
00000000-0000-0000-0000-000000000000	d07f7996-41ca-4ace-bc97-f80449810a36	{"action":"token_revoked","actor_id":"36abc818-b3a6-440f-933a-79ff41fe5b67","actor_username":"a01722728@tec.mx","actor_via_sso":false,"log_type":"token"}	2025-05-14 18:50:26.567879+00	
00000000-0000-0000-0000-000000000000	3167cf24-8639-4249-9f13-7c66e90ff662	{"action":"token_refreshed","actor_id":"386e63ba-dc8f-4af6-9447-44f7976a4a0c","actor_username":"rantonion2004@outlook.com","actor_via_sso":false,"log_type":"token"}	2025-05-15 02:02:49.350261+00	
00000000-0000-0000-0000-000000000000	a4dd35d3-6b81-42cf-a968-8ad975a28929	{"action":"token_revoked","actor_id":"386e63ba-dc8f-4af6-9447-44f7976a4a0c","actor_username":"rantonion2004@outlook.com","actor_via_sso":false,"log_type":"token"}	2025-05-15 02:02:49.358428+00	
00000000-0000-0000-0000-000000000000	5e996dba-3e0a-423a-99ee-5e445d01149e	{"action":"token_refreshed","actor_id":"386e63ba-dc8f-4af6-9447-44f7976a4a0c","actor_username":"rantonion2004@outlook.com","actor_via_sso":false,"log_type":"token"}	2025-05-15 03:08:17.419581+00	
00000000-0000-0000-0000-000000000000	f4e17a79-391e-413f-93ba-1b4f0742ffe3	{"action":"token_revoked","actor_id":"386e63ba-dc8f-4af6-9447-44f7976a4a0c","actor_username":"rantonion2004@outlook.com","actor_via_sso":false,"log_type":"token"}	2025-05-15 03:08:17.42451+00	
00000000-0000-0000-0000-000000000000	f787128f-d511-48bd-8163-23e91f75a906	{"action":"token_refreshed","actor_id":"386e63ba-dc8f-4af6-9447-44f7976a4a0c","actor_username":"rantonion2004@outlook.com","actor_via_sso":false,"log_type":"token"}	2025-05-15 04:06:44.276769+00	
00000000-0000-0000-0000-000000000000	c0282862-5a10-41cc-9116-3cc9de457b4e	{"action":"token_revoked","actor_id":"386e63ba-dc8f-4af6-9447-44f7976a4a0c","actor_username":"rantonion2004@outlook.com","actor_via_sso":false,"log_type":"token"}	2025-05-15 04:06:44.279198+00	
00000000-0000-0000-0000-000000000000	869561ea-3f56-4488-8cc1-a45242a1b950	{"action":"token_refreshed","actor_id":"386e63ba-dc8f-4af6-9447-44f7976a4a0c","actor_username":"rantonion2004@outlook.com","actor_via_sso":false,"log_type":"token"}	2025-05-15 05:25:11.263243+00	
00000000-0000-0000-0000-000000000000	052642ed-ddc6-492f-9d6d-92a5a0bf80a0	{"action":"token_revoked","actor_id":"386e63ba-dc8f-4af6-9447-44f7976a4a0c","actor_username":"rantonion2004@outlook.com","actor_via_sso":false,"log_type":"token"}	2025-05-15 05:25:11.266161+00	
00000000-0000-0000-0000-000000000000	f7c2e96a-18fd-4014-b5ac-ecc1d48ccde5	{"action":"token_refreshed","actor_id":"386e63ba-dc8f-4af6-9447-44f7976a4a0c","actor_username":"rantonion2004@outlook.com","actor_via_sso":false,"log_type":"token"}	2025-05-15 06:49:53.156112+00	
00000000-0000-0000-0000-000000000000	fa6514a2-19aa-4836-ad05-2b41e3c60b35	{"action":"token_revoked","actor_id":"386e63ba-dc8f-4af6-9447-44f7976a4a0c","actor_username":"rantonion2004@outlook.com","actor_via_sso":false,"log_type":"token"}	2025-05-15 06:49:53.164916+00	
00000000-0000-0000-0000-000000000000	d9d54dd5-d62e-4982-b25f-6719d31a970f	{"action":"token_refreshed","actor_id":"386e63ba-dc8f-4af6-9447-44f7976a4a0c","actor_username":"rantonion2004@outlook.com","actor_via_sso":false,"log_type":"token"}	2025-05-15 08:05:53.82657+00	
00000000-0000-0000-0000-000000000000	d8a75d86-869f-4265-a56b-45e3e24fa531	{"action":"token_revoked","actor_id":"386e63ba-dc8f-4af6-9447-44f7976a4a0c","actor_username":"rantonion2004@outlook.com","actor_via_sso":false,"log_type":"token"}	2025-05-15 08:05:53.832882+00	
00000000-0000-0000-0000-000000000000	642c7d48-e972-4804-b450-4075807be9ac	{"action":"token_refreshed","actor_id":"386e63ba-dc8f-4af6-9447-44f7976a4a0c","actor_username":"rantonion2004@outlook.com","actor_via_sso":false,"log_type":"token"}	2025-05-15 09:08:29.892511+00	
00000000-0000-0000-0000-000000000000	deb416cb-52e7-4356-ab87-9ce9000701ef	{"action":"token_revoked","actor_id":"386e63ba-dc8f-4af6-9447-44f7976a4a0c","actor_username":"rantonion2004@outlook.com","actor_via_sso":false,"log_type":"token"}	2025-05-15 09:08:29.896353+00	
00000000-0000-0000-0000-000000000000	0ed88792-71d9-45ba-93d9-7d54a7e7c471	{"action":"user_signedup","actor_id":"00000000-0000-0000-0000-000000000000","actor_username":"service_role","actor_via_sso":false,"log_type":"team","traits":{"user_email":"a01198676@tec.mx","user_id":"7837ec00-0dda-4264-b747-dc18e782360a","user_phone":""}}	2025-05-15 15:42:07.878112+00	
00000000-0000-0000-0000-000000000000	545e79e8-943f-4d2a-a584-02efcae1d221	{"action":"login","actor_id":"7837ec00-0dda-4264-b747-dc18e782360a","actor_username":"a01198676@tec.mx","actor_via_sso":false,"log_type":"account","traits":{"provider":"email"}}	2025-05-15 15:42:34.085748+00	
00000000-0000-0000-0000-000000000000	9b62670b-e6c4-42d0-a8c8-cc24919d417c	{"action":"user_deleted","actor_id":"00000000-0000-0000-0000-000000000000","actor_username":"service_role","actor_via_sso":false,"log_type":"team","traits":{"user_email":"correoprofesional@gmail.com","user_id":"900fdfaf-7517-4876-8d20-b83da73a8347","user_phone":""}}	2025-05-15 15:53:10.207588+00	
00000000-0000-0000-0000-000000000000	b5e30e7b-cbb0-4397-9f13-2aaab8a62117	{"action":"user_repeated_signup","actor_id":"7837ec00-0dda-4264-b747-dc18e782360a","actor_username":"a01198676@tec.mx","actor_via_sso":false,"log_type":"user","traits":{"provider":"email"}}	2025-05-15 16:05:15.939344+00	
00000000-0000-0000-0000-000000000000	31135d1f-c352-4f62-b6fe-e1cc8b5877c1	{"action":"user_deleted","actor_id":"00000000-0000-0000-0000-000000000000","actor_username":"service_role","actor_via_sso":false,"log_type":"team","traits":{"user_email":"a01198676@tec.mx","user_id":"7837ec00-0dda-4264-b747-dc18e782360a","user_phone":""}}	2025-05-15 16:05:31.168413+00	
00000000-0000-0000-0000-000000000000	7ecab3c6-1a41-4edf-8e20-79be839ee929	{"action":"user_signedup","actor_id":"7b23b8a4-8f26-40a9-86c0-c591b423ea6a","actor_username":"a01198676@tec.mx","actor_via_sso":false,"log_type":"team","traits":{"provider":"email"}}	2025-05-15 16:05:38.262287+00	
00000000-0000-0000-0000-000000000000	eb17e305-48f5-4161-9d68-07b7273b0050	{"action":"login","actor_id":"7b23b8a4-8f26-40a9-86c0-c591b423ea6a","actor_username":"a01198676@tec.mx","actor_via_sso":false,"log_type":"account","traits":{"provider":"email"}}	2025-05-15 16:05:38.268673+00	
00000000-0000-0000-0000-000000000000	f973d924-87c7-4b66-9db3-c851b39bdbfc	{"action":"user_recovery_requested","actor_id":"7b23b8a4-8f26-40a9-86c0-c591b423ea6a","actor_username":"a01198676@tec.mx","actor_via_sso":false,"log_type":"user"}	2025-05-15 16:07:11.2637+00	
00000000-0000-0000-0000-000000000000	7ac0daa4-8d3c-4964-8398-65db71241db9	{"action":"user_recovery_requested","actor_id":"7b23b8a4-8f26-40a9-86c0-c591b423ea6a","actor_username":"a01198676@tec.mx","actor_via_sso":false,"log_type":"user"}	2025-05-15 16:09:46.072485+00	
00000000-0000-0000-0000-000000000000	6ff62ff8-fccc-40b4-bd45-f122d5cd5b4e	{"action":"login","actor_id":"7b23b8a4-8f26-40a9-86c0-c591b423ea6a","actor_username":"a01198676@tec.mx","actor_via_sso":false,"log_type":"account"}	2025-05-15 16:10:02.510024+00	
00000000-0000-0000-0000-000000000000	4182d870-065e-4bcc-829d-d700ad2f3f30	{"action":"user_recovery_requested","actor_id":"7b23b8a4-8f26-40a9-86c0-c591b423ea6a","actor_username":"a01198676@tec.mx","actor_via_sso":false,"log_type":"user"}	2025-05-15 16:11:00.668249+00	
00000000-0000-0000-0000-000000000000	c19d71e8-cc1d-43de-bbe3-d9377a97979f	{"action":"login","actor_id":"7b23b8a4-8f26-40a9-86c0-c591b423ea6a","actor_username":"a01198676@tec.mx","actor_via_sso":false,"log_type":"account"}	2025-05-15 16:11:10.011458+00	
00000000-0000-0000-0000-000000000000	a60226f6-a095-46f9-bb7f-1797837bfcfa	{"action":"user_signedup","actor_id":"86315508-992d-4200-a53d-3a2a99f47329","actor_username":"jorgebcarriles@gmail.com","actor_via_sso":false,"log_type":"team","traits":{"provider":"email"}}	2025-05-15 16:12:55.211432+00	
00000000-0000-0000-0000-000000000000	6832c1bf-b265-415f-8a65-c84ab091449f	{"action":"login","actor_id":"86315508-992d-4200-a53d-3a2a99f47329","actor_username":"jorgebcarriles@gmail.com","actor_via_sso":false,"log_type":"account","traits":{"provider":"email"}}	2025-05-15 16:12:55.215118+00	
00000000-0000-0000-0000-000000000000	b3fbb21f-13c4-4d1e-8f33-09e8f209e15b	{"action":"user_recovery_requested","actor_id":"86315508-992d-4200-a53d-3a2a99f47329","actor_username":"jorgebcarriles@gmail.com","actor_via_sso":false,"log_type":"user"}	2025-05-15 16:13:19.00189+00	
00000000-0000-0000-0000-000000000000	b0c69da3-b585-4984-b4c3-6deb76b0d32c	{"action":"login","actor_id":"86315508-992d-4200-a53d-3a2a99f47329","actor_username":"jorgebcarriles@gmail.com","actor_via_sso":false,"log_type":"account"}	2025-05-15 16:13:39.384023+00	
00000000-0000-0000-0000-000000000000	e18b869d-547c-4df5-9df9-d88dcba68ef3	{"action":"user_recovery_requested","actor_id":"7b23b8a4-8f26-40a9-86c0-c591b423ea6a","actor_username":"a01198676@tec.mx","actor_via_sso":false,"log_type":"user"}	2025-05-15 16:14:17.596469+00	
00000000-0000-0000-0000-000000000000	f15cadc9-919b-42dc-901b-ac581f006602	{"action":"login","actor_id":"7b23b8a4-8f26-40a9-86c0-c591b423ea6a","actor_username":"a01198676@tec.mx","actor_via_sso":false,"log_type":"account"}	2025-05-15 16:14:29.401645+00	
00000000-0000-0000-0000-000000000000	1ef871c9-9b30-48eb-a950-cf9dfff5066c	{"action":"user_updated_password","actor_id":"7b23b8a4-8f26-40a9-86c0-c591b423ea6a","actor_username":"a01198676@tec.mx","actor_via_sso":false,"log_type":"user"}	2025-05-15 16:14:46.734877+00	
00000000-0000-0000-0000-000000000000	2b0480c8-fca4-44fa-bd03-4acc884ff6d1	{"action":"user_modified","actor_id":"7b23b8a4-8f26-40a9-86c0-c591b423ea6a","actor_username":"a01198676@tec.mx","actor_via_sso":false,"log_type":"user"}	2025-05-15 16:14:46.73598+00	
00000000-0000-0000-0000-000000000000	83b9ed17-5511-4267-8f49-85b3d4d98bc4	{"action":"login","actor_id":"7b23b8a4-8f26-40a9-86c0-c591b423ea6a","actor_username":"a01198676@tec.mx","actor_via_sso":false,"log_type":"account","traits":{"provider":"email"}}	2025-05-15 16:15:04.630394+00	
00000000-0000-0000-0000-000000000000	76feaf91-6caa-43fc-ad22-143a34e25454	{"action":"token_refreshed","actor_id":"7b23b8a4-8f26-40a9-86c0-c591b423ea6a","actor_username":"a01198676@tec.mx","actor_via_sso":false,"log_type":"token"}	2025-05-15 17:13:25.112166+00	
00000000-0000-0000-0000-000000000000	e6ec87c9-26d9-40be-bbe5-17cc08cebdf0	{"action":"token_revoked","actor_id":"7b23b8a4-8f26-40a9-86c0-c591b423ea6a","actor_username":"a01198676@tec.mx","actor_via_sso":false,"log_type":"token"}	2025-05-15 17:13:25.117535+00	
00000000-0000-0000-0000-000000000000	3606d496-57a6-4883-9dfe-8729b9acbdd5	{"action":"token_refreshed","actor_id":"7b23b8a4-8f26-40a9-86c0-c591b423ea6a","actor_username":"a01198676@tec.mx","actor_via_sso":false,"log_type":"token"}	2025-05-15 19:15:20.327983+00	
00000000-0000-0000-0000-000000000000	16bf6863-3530-47f7-82a6-77174974ff8e	{"action":"token_revoked","actor_id":"7b23b8a4-8f26-40a9-86c0-c591b423ea6a","actor_username":"a01198676@tec.mx","actor_via_sso":false,"log_type":"token"}	2025-05-15 19:15:20.33249+00	
00000000-0000-0000-0000-000000000000	b34b019a-1d93-485e-8ff9-93c512ecbd6c	{"action":"token_refreshed","actor_id":"386e63ba-dc8f-4af6-9447-44f7976a4a0c","actor_username":"rantonion2004@outlook.com","actor_via_sso":false,"log_type":"token"}	2025-05-15 19:31:22.875675+00	
00000000-0000-0000-0000-000000000000	b1e0ec53-0cac-4928-a891-acc6ff8caaf8	{"action":"token_revoked","actor_id":"386e63ba-dc8f-4af6-9447-44f7976a4a0c","actor_username":"rantonion2004@outlook.com","actor_via_sso":false,"log_type":"token"}	2025-05-15 19:31:22.881215+00	
00000000-0000-0000-0000-000000000000	4f750963-bb84-47a6-9238-fd04a5e67ac8	{"action":"token_refreshed","actor_id":"7b23b8a4-8f26-40a9-86c0-c591b423ea6a","actor_username":"a01198676@tec.mx","actor_via_sso":false,"log_type":"token"}	2025-05-15 20:31:43.716902+00	
00000000-0000-0000-0000-000000000000	d5956b52-ffc2-4abe-b03f-ee5148a94484	{"action":"token_revoked","actor_id":"7b23b8a4-8f26-40a9-86c0-c591b423ea6a","actor_username":"a01198676@tec.mx","actor_via_sso":false,"log_type":"token"}	2025-05-15 20:31:43.719113+00	
00000000-0000-0000-0000-000000000000	f76aa31d-1223-4ae6-bc53-73a965efa1a6	{"action":"token_refreshed","actor_id":"386e63ba-dc8f-4af6-9447-44f7976a4a0c","actor_username":"rantonion2004@outlook.com","actor_via_sso":false,"log_type":"token"}	2025-05-15 20:33:40.06034+00	
00000000-0000-0000-0000-000000000000	e08f65f2-fbf1-4319-b04a-da3ad050ddb1	{"action":"token_revoked","actor_id":"386e63ba-dc8f-4af6-9447-44f7976a4a0c","actor_username":"rantonion2004@outlook.com","actor_via_sso":false,"log_type":"token"}	2025-05-15 20:33:40.062099+00	
00000000-0000-0000-0000-000000000000	f29112ba-8dea-4a75-b651-ae81ad84898f	{"action":"login","actor_id":"5ad0bb87-f4fc-413c-adba-ef4b0b9402d1","actor_username":"a01198327@tec.mx","actor_via_sso":false,"log_type":"account","traits":{"provider":"email"}}	2025-05-15 20:44:37.562938+00	
00000000-0000-0000-0000-000000000000	1332721b-1ec3-488d-8300-d7b68f57353b	{"action":"token_refreshed","actor_id":"7b23b8a4-8f26-40a9-86c0-c591b423ea6a","actor_username":"a01198676@tec.mx","actor_via_sso":false,"log_type":"token"}	2025-05-15 21:30:09.749781+00	
00000000-0000-0000-0000-000000000000	a4ef0b81-06b4-455b-8a16-553521817bdf	{"action":"token_revoked","actor_id":"7b23b8a4-8f26-40a9-86c0-c591b423ea6a","actor_username":"a01198676@tec.mx","actor_via_sso":false,"log_type":"token"}	2025-05-15 21:30:09.757779+00	
00000000-0000-0000-0000-000000000000	b5fb139d-aa4e-466c-a0cf-16a6ed634b2c	{"action":"login","actor_id":"5ad0bb87-f4fc-413c-adba-ef4b0b9402d1","actor_username":"a01198327@tec.mx","actor_via_sso":false,"log_type":"account","traits":{"provider":"email"}}	2025-05-15 22:11:01.324057+00	
00000000-0000-0000-0000-000000000000	9d1dbc08-ea36-4ad0-8d0b-5af46046d178	{"action":"token_refreshed","actor_id":"5ad0bb87-f4fc-413c-adba-ef4b0b9402d1","actor_username":"a01198327@tec.mx","actor_via_sso":false,"log_type":"token"}	2025-05-15 22:18:58.062315+00	
00000000-0000-0000-0000-000000000000	7c43a7ef-2df6-4684-95f2-8667936fb1fc	{"action":"token_revoked","actor_id":"5ad0bb87-f4fc-413c-adba-ef4b0b9402d1","actor_username":"a01198327@tec.mx","actor_via_sso":false,"log_type":"token"}	2025-05-15 22:18:58.064647+00	
00000000-0000-0000-0000-000000000000	5adffc61-046c-4022-924d-763695101132	{"action":"token_refreshed","actor_id":"7b23b8a4-8f26-40a9-86c0-c591b423ea6a","actor_username":"a01198676@tec.mx","actor_via_sso":false,"log_type":"token"}	2025-05-15 22:29:01.616671+00	
00000000-0000-0000-0000-000000000000	53dcfc05-53e7-481b-8629-67522bc8d06b	{"action":"token_revoked","actor_id":"7b23b8a4-8f26-40a9-86c0-c591b423ea6a","actor_username":"a01198676@tec.mx","actor_via_sso":false,"log_type":"token"}	2025-05-15 22:29:01.624497+00	
00000000-0000-0000-0000-000000000000	8e6fcaad-503e-4190-9970-d62a61fb7d96	{"action":"token_refreshed","actor_id":"5ad0bb87-f4fc-413c-adba-ef4b0b9402d1","actor_username":"a01198327@tec.mx","actor_via_sso":false,"log_type":"token"}	2025-05-16 03:57:42.309265+00	
00000000-0000-0000-0000-000000000000	13b63291-1ebd-4de9-9ac9-10fdcd78f00f	{"action":"token_revoked","actor_id":"5ad0bb87-f4fc-413c-adba-ef4b0b9402d1","actor_username":"a01198327@tec.mx","actor_via_sso":false,"log_type":"token"}	2025-05-16 03:57:42.314689+00	
00000000-0000-0000-0000-000000000000	6186c311-bd75-4eca-b351-b1cb012bce8c	{"action":"token_refreshed","actor_id":"5ad0bb87-f4fc-413c-adba-ef4b0b9402d1","actor_username":"a01198327@tec.mx","actor_via_sso":false,"log_type":"token"}	2025-05-16 03:59:31.741897+00	
00000000-0000-0000-0000-000000000000	55f3d560-4f69-4406-8869-069d58111eee	{"action":"token_revoked","actor_id":"5ad0bb87-f4fc-413c-adba-ef4b0b9402d1","actor_username":"a01198327@tec.mx","actor_via_sso":false,"log_type":"token"}	2025-05-16 03:59:31.742953+00	
00000000-0000-0000-0000-000000000000	e679402d-337d-4c2b-8207-50d20e5a4d53	{"action":"token_refreshed","actor_id":"5ad0bb87-f4fc-413c-adba-ef4b0b9402d1","actor_username":"a01198327@tec.mx","actor_via_sso":false,"log_type":"token"}	2025-05-16 05:29:46.361603+00	
00000000-0000-0000-0000-000000000000	d38baae2-5132-46aa-a616-8e77d37d09b5	{"action":"token_revoked","actor_id":"5ad0bb87-f4fc-413c-adba-ef4b0b9402d1","actor_username":"a01198327@tec.mx","actor_via_sso":false,"log_type":"token"}	2025-05-16 05:29:46.3648+00	
00000000-0000-0000-0000-000000000000	69eee3d9-e6a0-469e-9f8e-f10e4df7a0f1	{"action":"login","actor_id":"5ad0bb87-f4fc-413c-adba-ef4b0b9402d1","actor_username":"a01198327@tec.mx","actor_via_sso":false,"log_type":"account","traits":{"provider":"email"}}	2025-05-16 06:19:43.345925+00	
00000000-0000-0000-0000-000000000000	e3c92f48-3ac2-4b84-a4d8-136dfbe4a5a4	{"action":"token_refreshed","actor_id":"5ad0bb87-f4fc-413c-adba-ef4b0b9402d1","actor_username":"a01198327@tec.mx","actor_via_sso":false,"log_type":"token"}	2025-05-16 06:29:40.864701+00	
00000000-0000-0000-0000-000000000000	395c5dd2-f094-4aa5-96db-2d8dbf238e4e	{"action":"token_revoked","actor_id":"5ad0bb87-f4fc-413c-adba-ef4b0b9402d1","actor_username":"a01198327@tec.mx","actor_via_sso":false,"log_type":"token"}	2025-05-16 06:29:40.869939+00	
00000000-0000-0000-0000-000000000000	0c40458f-e5af-444f-bbe8-a5a27eb58a6f	{"action":"token_refreshed","actor_id":"386e63ba-dc8f-4af6-9447-44f7976a4a0c","actor_username":"rantonion2004@outlook.com","actor_via_sso":false,"log_type":"token"}	2025-05-16 11:04:12.815854+00	
00000000-0000-0000-0000-000000000000	7d0c447c-b0b3-4e81-a4c4-724bc0570ce1	{"action":"token_revoked","actor_id":"386e63ba-dc8f-4af6-9447-44f7976a4a0c","actor_username":"rantonion2004@outlook.com","actor_via_sso":false,"log_type":"token"}	2025-05-16 11:04:12.819677+00	
00000000-0000-0000-0000-000000000000	bbe539a9-5fda-4ada-8864-a96add66f813	{"action":"token_refreshed","actor_id":"5ad0bb87-f4fc-413c-adba-ef4b0b9402d1","actor_username":"a01198327@tec.mx","actor_via_sso":false,"log_type":"token"}	2025-05-16 15:49:16.402181+00	
00000000-0000-0000-0000-000000000000	4acd6a12-1ad8-4511-99a6-75a6d5e2ed9c	{"action":"token_revoked","actor_id":"5ad0bb87-f4fc-413c-adba-ef4b0b9402d1","actor_username":"a01198327@tec.mx","actor_via_sso":false,"log_type":"token"}	2025-05-16 15:49:16.410475+00	
00000000-0000-0000-0000-000000000000	a86500c7-079f-4cc5-a1a0-0928c967083b	{"action":"token_refreshed","actor_id":"5ad0bb87-f4fc-413c-adba-ef4b0b9402d1","actor_username":"a01198327@tec.mx","actor_via_sso":false,"log_type":"token"}	2025-05-16 18:52:21.350648+00	
00000000-0000-0000-0000-000000000000	01986348-3c43-4fe0-880f-e3a07e381af1	{"action":"token_revoked","actor_id":"5ad0bb87-f4fc-413c-adba-ef4b0b9402d1","actor_username":"a01198327@tec.mx","actor_via_sso":false,"log_type":"token"}	2025-05-16 18:52:21.35404+00	
00000000-0000-0000-0000-000000000000	bcfa1942-4fd5-4ae2-83a5-2a0003f4ff36	{"action":"token_refreshed","actor_id":"5ad0bb87-f4fc-413c-adba-ef4b0b9402d1","actor_username":"a01198327@tec.mx","actor_via_sso":false,"log_type":"token"}	2025-05-16 18:57:29.956543+00	
00000000-0000-0000-0000-000000000000	338978df-9c49-41f9-8339-2f0026c7002b	{"action":"token_revoked","actor_id":"5ad0bb87-f4fc-413c-adba-ef4b0b9402d1","actor_username":"a01198327@tec.mx","actor_via_sso":false,"log_type":"token"}	2025-05-16 18:57:29.958613+00	
00000000-0000-0000-0000-000000000000	4ca6c3f1-8963-4b88-92f9-3e5ff80ecf80	{"action":"login","actor_id":"5f096705-11c3-49b1-b42c-d7bd17a75439","actor_username":"a01741300@tec.mx","actor_via_sso":false,"log_type":"account","traits":{"provider":"email"}}	2025-05-16 18:59:31.199926+00	
00000000-0000-0000-0000-000000000000	83c2a5cd-5be3-47c7-a53b-ae9cbabf0d90	{"action":"token_refreshed","actor_id":"5f096705-11c3-49b1-b42c-d7bd17a75439","actor_username":"a01741300@tec.mx","actor_via_sso":false,"log_type":"token"}	2025-05-16 20:14:28.724974+00	
00000000-0000-0000-0000-000000000000	2e7ec75f-176e-4fa5-af63-34112f64609d	{"action":"token_revoked","actor_id":"5f096705-11c3-49b1-b42c-d7bd17a75439","actor_username":"a01741300@tec.mx","actor_via_sso":false,"log_type":"token"}	2025-05-16 20:14:28.731064+00	
00000000-0000-0000-0000-000000000000	0d4818f6-4fa5-4987-b21c-603018d7183f	{"action":"token_refreshed","actor_id":"5ad0bb87-f4fc-413c-adba-ef4b0b9402d1","actor_username":"a01198327@tec.mx","actor_via_sso":false,"log_type":"token"}	2025-05-16 20:14:33.705503+00	
00000000-0000-0000-0000-000000000000	7ec94890-d020-4e93-93ad-c917af3912c9	{"action":"token_revoked","actor_id":"5ad0bb87-f4fc-413c-adba-ef4b0b9402d1","actor_username":"a01198327@tec.mx","actor_via_sso":false,"log_type":"token"}	2025-05-16 20:14:33.706665+00	
00000000-0000-0000-0000-000000000000	cdec4625-269a-44f1-ad01-929b4ba98777	{"action":"token_refreshed","actor_id":"5ad0bb87-f4fc-413c-adba-ef4b0b9402d1","actor_username":"a01198327@tec.mx","actor_via_sso":false,"log_type":"token"}	2025-05-16 21:27:21.360965+00	
00000000-0000-0000-0000-000000000000	778f8b69-245d-4553-b3f2-17153369f503	{"action":"token_revoked","actor_id":"5ad0bb87-f4fc-413c-adba-ef4b0b9402d1","actor_username":"a01198327@tec.mx","actor_via_sso":false,"log_type":"token"}	2025-05-16 21:27:21.366915+00	
00000000-0000-0000-0000-000000000000	d3a55044-8917-4b64-99e5-9249a2b08ac2	{"action":"token_refreshed","actor_id":"386e63ba-dc8f-4af6-9447-44f7976a4a0c","actor_username":"rantonion2004@outlook.com","actor_via_sso":false,"log_type":"token"}	2025-05-16 21:28:04.74772+00	
00000000-0000-0000-0000-000000000000	0fab940e-c322-4102-87b1-093cf383c470	{"action":"token_revoked","actor_id":"386e63ba-dc8f-4af6-9447-44f7976a4a0c","actor_username":"rantonion2004@outlook.com","actor_via_sso":false,"log_type":"token"}	2025-05-16 21:28:04.752757+00	
00000000-0000-0000-0000-000000000000	83ee9616-9567-4e89-bff3-c7597af1967e	{"action":"token_refreshed","actor_id":"5f096705-11c3-49b1-b42c-d7bd17a75439","actor_username":"a01741300@tec.mx","actor_via_sso":false,"log_type":"token"}	2025-05-16 21:31:31.297501+00	
00000000-0000-0000-0000-000000000000	4313a779-a873-421d-b772-f3307dd329c8	{"action":"token_revoked","actor_id":"5f096705-11c3-49b1-b42c-d7bd17a75439","actor_username":"a01741300@tec.mx","actor_via_sso":false,"log_type":"token"}	2025-05-16 21:31:31.30097+00	
00000000-0000-0000-0000-000000000000	705afb0b-9be2-4a35-aac9-f1f2030b277e	{"action":"login","actor_id":"36abc818-b3a6-440f-933a-79ff41fe5b67","actor_username":"a01722728@tec.mx","actor_via_sso":false,"log_type":"account","traits":{"provider":"email"}}	2025-05-16 21:33:42.207299+00	
00000000-0000-0000-0000-000000000000	0bb8e527-8224-4388-b6a0-84e220abb46b	{"action":"token_refreshed","actor_id":"7b23b8a4-8f26-40a9-86c0-c591b423ea6a","actor_username":"a01198676@tec.mx","actor_via_sso":false,"log_type":"token"}	2025-05-16 21:39:17.237836+00	
00000000-0000-0000-0000-000000000000	6b015322-9b03-49e9-97cf-44d4e8d572b3	{"action":"token_revoked","actor_id":"7b23b8a4-8f26-40a9-86c0-c591b423ea6a","actor_username":"a01198676@tec.mx","actor_via_sso":false,"log_type":"token"}	2025-05-16 21:39:17.242874+00	
00000000-0000-0000-0000-000000000000	baa714c2-da2e-4dc4-a307-aba46e955414	{"action":"login","actor_id":"5f096705-11c3-49b1-b42c-d7bd17a75439","actor_username":"a01741300@tec.mx","actor_via_sso":false,"log_type":"account","traits":{"provider":"email"}}	2025-05-16 21:59:29.75332+00	
00000000-0000-0000-0000-000000000000	41fdc374-22dd-4cb5-a460-7d5f3e8e73d0	{"action":"user_signedup","actor_id":"54bb3bab-94a3-420a-99da-57717c1c075a","actor_username":"emirpuente31@gmail.com","actor_via_sso":false,"log_type":"team","traits":{"provider":"email"}}	2025-05-16 22:01:19.683939+00	
00000000-0000-0000-0000-000000000000	967a26ce-3b28-47d6-8a3c-bf813e06476b	{"action":"login","actor_id":"54bb3bab-94a3-420a-99da-57717c1c075a","actor_username":"emirpuente31@gmail.com","actor_via_sso":false,"log_type":"account","traits":{"provider":"email"}}	2025-05-16 22:01:19.691629+00	
00000000-0000-0000-0000-000000000000	ab10703f-4018-415a-996a-c9c59a77be28	{"action":"logout","actor_id":"54bb3bab-94a3-420a-99da-57717c1c075a","actor_username":"emirpuente31@gmail.com","actor_via_sso":false,"log_type":"account"}	2025-05-16 22:02:09.351132+00	
00000000-0000-0000-0000-000000000000	e9dc5f71-95eb-4160-a01e-72a1e91ea966	{"action":"login","actor_id":"54bb3bab-94a3-420a-99da-57717c1c075a","actor_username":"emirpuente31@gmail.com","actor_via_sso":false,"log_type":"account","traits":{"provider":"email"}}	2025-05-16 22:02:14.683438+00	
00000000-0000-0000-0000-000000000000	7fc9e7a1-c055-4a3f-9e32-3922e5bbc47e	{"action":"token_refreshed","actor_id":"fc1276e7-efc6-4ec5-b2cd-bfab2005930e","actor_username":"yolanda@gmail.com","actor_via_sso":false,"log_type":"token"}	2025-05-16 22:07:12.600943+00	
00000000-0000-0000-0000-000000000000	e76a51d6-152e-40a8-b658-38cb9f304494	{"action":"token_revoked","actor_id":"fc1276e7-efc6-4ec5-b2cd-bfab2005930e","actor_username":"yolanda@gmail.com","actor_via_sso":false,"log_type":"token"}	2025-05-16 22:07:12.6037+00	
00000000-0000-0000-0000-000000000000	a5e2e39e-3811-4270-a722-46e407403479	{"action":"login","actor_id":"5f096705-11c3-49b1-b42c-d7bd17a75439","actor_username":"a01741300@tec.mx","actor_via_sso":false,"log_type":"account","traits":{"provider":"email"}}	2025-05-16 22:07:51.459345+00	
00000000-0000-0000-0000-000000000000	3907b5cf-dac2-47e6-bbdb-68bed5b67b97	{"action":"login","actor_id":"5ad0bb87-f4fc-413c-adba-ef4b0b9402d1","actor_username":"a01198327@tec.mx","actor_via_sso":false,"log_type":"account","traits":{"provider":"email"}}	2025-05-16 22:12:58.338323+00	
00000000-0000-0000-0000-000000000000	aa41b492-038f-4be1-b623-fc1fd427b969	{"action":"login","actor_id":"5ad0bb87-f4fc-413c-adba-ef4b0b9402d1","actor_username":"a01198327@tec.mx","actor_via_sso":false,"log_type":"account","traits":{"provider":"email"}}	2025-05-16 22:16:35.818313+00	
00000000-0000-0000-0000-000000000000	83846b71-1d24-42f0-9fe8-95ac9839a51e	{"action":"login","actor_id":"5f096705-11c3-49b1-b42c-d7bd17a75439","actor_username":"a01741300@tec.mx","actor_via_sso":false,"log_type":"account","traits":{"provider":"email"}}	2025-05-16 22:18:47.475749+00	
00000000-0000-0000-0000-000000000000	71dde91d-d573-4b0a-9ef8-b001c05d2939	{"action":"token_refreshed","actor_id":"386e63ba-dc8f-4af6-9447-44f7976a4a0c","actor_username":"rantonion2004@outlook.com","actor_via_sso":false,"log_type":"token"}	2025-05-16 22:26:21.409375+00	
00000000-0000-0000-0000-000000000000	f247efe4-a853-4329-a35b-59f6c780a5a4	{"action":"token_revoked","actor_id":"386e63ba-dc8f-4af6-9447-44f7976a4a0c","actor_username":"rantonion2004@outlook.com","actor_via_sso":false,"log_type":"token"}	2025-05-16 22:26:21.411642+00	
00000000-0000-0000-0000-000000000000	58a98e3a-a119-4a81-b02f-3967af9a8028	{"action":"token_refreshed","actor_id":"36abc818-b3a6-440f-933a-79ff41fe5b67","actor_username":"a01722728@tec.mx","actor_via_sso":false,"log_type":"token"}	2025-05-16 22:31:49.581824+00	
00000000-0000-0000-0000-000000000000	e71d4d82-7660-484c-b4e1-1d9806280677	{"action":"token_revoked","actor_id":"36abc818-b3a6-440f-933a-79ff41fe5b67","actor_username":"a01722728@tec.mx","actor_via_sso":false,"log_type":"token"}	2025-05-16 22:31:49.583736+00	
00000000-0000-0000-0000-000000000000	49c12579-ad83-4748-ba23-10a0372dc6c6	{"action":"login","actor_id":"5ad0bb87-f4fc-413c-adba-ef4b0b9402d1","actor_username":"a01198327@tec.mx","actor_via_sso":false,"log_type":"account","traits":{"provider":"email"}}	2025-05-16 22:53:52.684328+00	
00000000-0000-0000-0000-000000000000	569ea036-826a-4a3e-95d0-4fc1aa23eb98	{"action":"token_refreshed","actor_id":"7b23b8a4-8f26-40a9-86c0-c591b423ea6a","actor_username":"a01198676@tec.mx","actor_via_sso":false,"log_type":"token"}	2025-05-16 23:04:22.932901+00	
00000000-0000-0000-0000-000000000000	833ac90b-fc25-4406-a075-6779f7b2c41b	{"action":"token_revoked","actor_id":"7b23b8a4-8f26-40a9-86c0-c591b423ea6a","actor_username":"a01198676@tec.mx","actor_via_sso":false,"log_type":"token"}	2025-05-16 23:04:22.936205+00	
00000000-0000-0000-0000-000000000000	e7479561-ab71-41da-a7a3-fc54548a4190	{"action":"token_refreshed","actor_id":"54bb3bab-94a3-420a-99da-57717c1c075a","actor_username":"emirpuente31@gmail.com","actor_via_sso":false,"log_type":"token"}	2025-05-16 23:07:22.335195+00	
00000000-0000-0000-0000-000000000000	ad648eb8-59c7-42aa-966b-915bfcad3339	{"action":"token_revoked","actor_id":"54bb3bab-94a3-420a-99da-57717c1c075a","actor_username":"emirpuente31@gmail.com","actor_via_sso":false,"log_type":"token"}	2025-05-16 23:07:22.336061+00	
00000000-0000-0000-0000-000000000000	716c4c2d-3dfa-452f-885f-1d016fc9738e	{"action":"token_refreshed","actor_id":"386e63ba-dc8f-4af6-9447-44f7976a4a0c","actor_username":"rantonion2004@outlook.com","actor_via_sso":false,"log_type":"token"}	2025-05-16 23:24:42.269607+00	
00000000-0000-0000-0000-000000000000	6bb73fe8-3d82-40a1-8941-3460faa4419e	{"action":"token_revoked","actor_id":"386e63ba-dc8f-4af6-9447-44f7976a4a0c","actor_username":"rantonion2004@outlook.com","actor_via_sso":false,"log_type":"token"}	2025-05-16 23:24:42.275502+00	
00000000-0000-0000-0000-000000000000	960b0c7b-5524-4c5d-abb4-370fdaeee96e	{"action":"token_refreshed","actor_id":"36abc818-b3a6-440f-933a-79ff41fe5b67","actor_username":"a01722728@tec.mx","actor_via_sso":false,"log_type":"token"}	2025-05-16 23:32:42.462435+00	
00000000-0000-0000-0000-000000000000	5dc66b53-9c12-4f24-a8ee-e3c5a2599cd2	{"action":"token_revoked","actor_id":"36abc818-b3a6-440f-933a-79ff41fe5b67","actor_username":"a01722728@tec.mx","actor_via_sso":false,"log_type":"token"}	2025-05-16 23:32:42.463963+00	
00000000-0000-0000-0000-000000000000	55efa076-1fb5-4b47-9760-ec64b6f671fa	{"action":"login","actor_id":"54bb3bab-94a3-420a-99da-57717c1c075a","actor_username":"emirpuente31@gmail.com","actor_via_sso":false,"log_type":"account","traits":{"provider":"email"}}	2025-05-16 23:37:42.516602+00	
00000000-0000-0000-0000-000000000000	6c6cc9f5-db94-4fb9-9b45-f32ee57b8b97	{"action":"login","actor_id":"5ad0bb87-f4fc-413c-adba-ef4b0b9402d1","actor_username":"a01198327@tec.mx","actor_via_sso":false,"log_type":"account","traits":{"provider":"email"}}	2025-05-16 23:40:32.349772+00	
00000000-0000-0000-0000-000000000000	be4ab48e-5515-48da-a4f4-ace1f68e6ae2	{"action":"login","actor_id":"386e63ba-dc8f-4af6-9447-44f7976a4a0c","actor_username":"rantonion2004@outlook.com","actor_via_sso":false,"log_type":"account","traits":{"provider":"email"}}	2025-05-16 23:53:24.157964+00	
00000000-0000-0000-0000-000000000000	d021e4f1-971b-4da3-8afb-84562d05cacc	{"action":"login","actor_id":"7b23b8a4-8f26-40a9-86c0-c591b423ea6a","actor_username":"a01198676@tec.mx","actor_via_sso":false,"log_type":"account","traits":{"provider":"email"}}	2025-05-16 23:54:12.411918+00	
00000000-0000-0000-0000-000000000000	46ecdfd3-62db-4259-8b5a-2a92b0c4807e	{"action":"login","actor_id":"7b23b8a4-8f26-40a9-86c0-c591b423ea6a","actor_username":"a01198676@tec.mx","actor_via_sso":false,"log_type":"account","traits":{"provider":"email"}}	2025-05-16 23:56:29.471853+00	
00000000-0000-0000-0000-000000000000	de9b250e-2469-4041-aadc-7d94fa268f90	{"action":"token_refreshed","actor_id":"5ad0bb87-f4fc-413c-adba-ef4b0b9402d1","actor_username":"a01198327@tec.mx","actor_via_sso":false,"log_type":"token"}	2025-05-17 01:03:18.133212+00	
00000000-0000-0000-0000-000000000000	1f537a24-42f8-45ef-8fad-adafd8fb2268	{"action":"token_revoked","actor_id":"5ad0bb87-f4fc-413c-adba-ef4b0b9402d1","actor_username":"a01198327@tec.mx","actor_via_sso":false,"log_type":"token"}	2025-05-17 01:03:18.135677+00	
00000000-0000-0000-0000-000000000000	456a0136-c50f-44da-bf38-334d8b2c7d1c	{"action":"token_refreshed","actor_id":"386e63ba-dc8f-4af6-9447-44f7976a4a0c","actor_username":"rantonion2004@outlook.com","actor_via_sso":false,"log_type":"token"}	2025-05-17 02:42:04.187491+00	
00000000-0000-0000-0000-000000000000	0c4c17fd-6c2f-40bd-8937-5415e1e7689a	{"action":"token_revoked","actor_id":"386e63ba-dc8f-4af6-9447-44f7976a4a0c","actor_username":"rantonion2004@outlook.com","actor_via_sso":false,"log_type":"token"}	2025-05-17 02:42:04.189783+00	
00000000-0000-0000-0000-000000000000	6703b604-f1e4-4872-8dcc-8612d143d48f	{"action":"login","actor_id":"386e63ba-dc8f-4af6-9447-44f7976a4a0c","actor_username":"rantonion2004@outlook.com","actor_via_sso":false,"log_type":"account","traits":{"provider":"email"}}	2025-05-17 03:29:18.475763+00	
00000000-0000-0000-0000-000000000000	8a210584-fc9b-442a-b89d-35fb2bf166c2	{"action":"token_refreshed","actor_id":"5ad0bb87-f4fc-413c-adba-ef4b0b9402d1","actor_username":"a01198327@tec.mx","actor_via_sso":false,"log_type":"token"}	2025-05-17 05:49:23.069339+00	
00000000-0000-0000-0000-000000000000	13d375cc-255c-4e68-830a-7aa38d47c06c	{"action":"token_revoked","actor_id":"5ad0bb87-f4fc-413c-adba-ef4b0b9402d1","actor_username":"a01198327@tec.mx","actor_via_sso":false,"log_type":"token"}	2025-05-17 05:49:23.074946+00	
00000000-0000-0000-0000-000000000000	465d8b02-dada-4783-a7f9-f6ff34abfbe1	{"action":"token_refreshed","actor_id":"386e63ba-dc8f-4af6-9447-44f7976a4a0c","actor_username":"rantonion2004@outlook.com","actor_via_sso":false,"log_type":"token"}	2025-05-17 09:23:15.137606+00	
00000000-0000-0000-0000-000000000000	1810b505-571b-49a0-940f-4f272810ff7a	{"action":"token_revoked","actor_id":"386e63ba-dc8f-4af6-9447-44f7976a4a0c","actor_username":"rantonion2004@outlook.com","actor_via_sso":false,"log_type":"token"}	2025-05-17 09:23:15.14937+00	
00000000-0000-0000-0000-000000000000	248d75fd-41e9-4681-8ca1-a9e562f8d48a	{"action":"token_refreshed","actor_id":"386e63ba-dc8f-4af6-9447-44f7976a4a0c","actor_username":"rantonion2004@outlook.com","actor_via_sso":false,"log_type":"token"}	2025-05-17 10:22:58.744052+00	
00000000-0000-0000-0000-000000000000	881db6e7-6ada-411c-ac92-79a754698e70	{"action":"token_revoked","actor_id":"386e63ba-dc8f-4af6-9447-44f7976a4a0c","actor_username":"rantonion2004@outlook.com","actor_via_sso":false,"log_type":"token"}	2025-05-17 10:22:58.748358+00	
00000000-0000-0000-0000-000000000000	0a638c84-8d02-4f89-83a2-39079c2207fa	{"action":"logout","actor_id":"386e63ba-dc8f-4af6-9447-44f7976a4a0c","actor_username":"rantonion2004@outlook.com","actor_via_sso":false,"log_type":"account"}	2025-05-17 10:51:17.653266+00	
00000000-0000-0000-0000-000000000000	9d4d5e3a-eefa-425a-b594-7f3c42bd42af	{"action":"login","actor_id":"b5c684f0-24d7-436f-b752-71cd9e361c8f","actor_username":"a00836530@tec.mx","actor_via_sso":false,"log_type":"account","traits":{"provider":"email"}}	2025-05-17 10:51:23.436868+00	
00000000-0000-0000-0000-000000000000	01309b79-dd74-4746-866a-f038a53ee80c	{"action":"token_refreshed","actor_id":"b5c684f0-24d7-436f-b752-71cd9e361c8f","actor_username":"a00836530@tec.mx","actor_via_sso":false,"log_type":"token"}	2025-05-17 11:49:51.313+00	
00000000-0000-0000-0000-000000000000	082403a0-a55e-45d7-9d81-d3eaec6ca767	{"action":"token_revoked","actor_id":"b5c684f0-24d7-436f-b752-71cd9e361c8f","actor_username":"a00836530@tec.mx","actor_via_sso":false,"log_type":"token"}	2025-05-17 11:49:51.31538+00	
00000000-0000-0000-0000-000000000000	166691a2-0e7e-44c5-beff-18998fa8b6d6	{"action":"token_refreshed","actor_id":"b5c684f0-24d7-436f-b752-71cd9e361c8f","actor_username":"a00836530@tec.mx","actor_via_sso":false,"log_type":"token"}	2025-05-17 12:47:58.937127+00	
00000000-0000-0000-0000-000000000000	fdba1482-de0c-490f-8f34-d6b197650ac2	{"action":"token_revoked","actor_id":"b5c684f0-24d7-436f-b752-71cd9e361c8f","actor_username":"a00836530@tec.mx","actor_via_sso":false,"log_type":"token"}	2025-05-17 12:47:58.94017+00	
00000000-0000-0000-0000-000000000000	08354aab-32bd-4bb2-8209-32d7cbac3337	{"action":"token_refreshed","actor_id":"b5c684f0-24d7-436f-b752-71cd9e361c8f","actor_username":"a00836530@tec.mx","actor_via_sso":false,"log_type":"token"}	2025-05-17 13:48:53.584923+00	
00000000-0000-0000-0000-000000000000	2044b51e-1e4a-45ea-950a-2065bd4a8cb8	{"action":"token_revoked","actor_id":"b5c684f0-24d7-436f-b752-71cd9e361c8f","actor_username":"a00836530@tec.mx","actor_via_sso":false,"log_type":"token"}	2025-05-17 13:48:53.590142+00	
00000000-0000-0000-0000-000000000000	c6c98eda-8269-438d-8ec6-4d031e77b2cd	{"action":"token_refreshed","actor_id":"b5c684f0-24d7-436f-b752-71cd9e361c8f","actor_username":"a00836530@tec.mx","actor_via_sso":false,"log_type":"token"}	2025-05-17 15:30:10.899178+00	
00000000-0000-0000-0000-000000000000	6b8fcc41-acf2-4e73-9d53-770aedc8deb3	{"action":"token_revoked","actor_id":"b5c684f0-24d7-436f-b752-71cd9e361c8f","actor_username":"a00836530@tec.mx","actor_via_sso":false,"log_type":"token"}	2025-05-17 15:30:10.904775+00	
00000000-0000-0000-0000-000000000000	0fb0c9e4-e27b-42e5-9e2a-504b7d82b5e1	{"action":"token_refreshed","actor_id":"54bb3bab-94a3-420a-99da-57717c1c075a","actor_username":"emirpuente31@gmail.com","actor_via_sso":false,"log_type":"token"}	2025-05-17 23:46:48.829119+00	
00000000-0000-0000-0000-000000000000	fbb1417f-e84d-43a3-902f-105f7c688360	{"action":"token_revoked","actor_id":"54bb3bab-94a3-420a-99da-57717c1c075a","actor_username":"emirpuente31@gmail.com","actor_via_sso":false,"log_type":"token"}	2025-05-17 23:46:48.847872+00	
00000000-0000-0000-0000-000000000000	d37fb3b2-f4e5-472b-b915-d50943badf7d	{"action":"login","actor_id":"54bb3bab-94a3-420a-99da-57717c1c075a","actor_username":"emirpuente31@gmail.com","actor_via_sso":false,"log_type":"account","traits":{"provider":"email"}}	2025-05-17 23:46:49.419703+00	
00000000-0000-0000-0000-000000000000	05d305ee-f93c-4469-b3c1-f15e4cfc3580	{"action":"login","actor_id":"54bb3bab-94a3-420a-99da-57717c1c075a","actor_username":"emirpuente31@gmail.com","actor_via_sso":false,"log_type":"account","traits":{"provider":"email"}}	2025-05-17 23:46:51.164467+00	
00000000-0000-0000-0000-000000000000	fe954f78-6d3e-474b-bfab-2289b5b8e485	{"action":"token_refreshed","actor_id":"b5c684f0-24d7-436f-b752-71cd9e361c8f","actor_username":"a00836530@tec.mx","actor_via_sso":false,"log_type":"token"}	2025-05-18 01:02:38.562982+00	
00000000-0000-0000-0000-000000000000	4e0258f9-6020-41e2-8400-5210679ea0f8	{"action":"token_revoked","actor_id":"b5c684f0-24d7-436f-b752-71cd9e361c8f","actor_username":"a00836530@tec.mx","actor_via_sso":false,"log_type":"token"}	2025-05-18 01:02:38.565441+00	
00000000-0000-0000-0000-000000000000	b696e0c1-d868-47df-88c6-dec617019bbd	{"action":"token_refreshed","actor_id":"36abc818-b3a6-440f-933a-79ff41fe5b67","actor_username":"a01722728@tec.mx","actor_via_sso":false,"log_type":"token"}	2025-05-18 01:07:43.54068+00	
00000000-0000-0000-0000-000000000000	540e9a7d-a6f7-46e0-a060-46899514f2e3	{"action":"token_revoked","actor_id":"36abc818-b3a6-440f-933a-79ff41fe5b67","actor_username":"a01722728@tec.mx","actor_via_sso":false,"log_type":"token"}	2025-05-18 01:07:43.545299+00	
00000000-0000-0000-0000-000000000000	a0fe62d5-bbbd-402f-95f1-1c9df36168e4	{"action":"login","actor_id":"36abc818-b3a6-440f-933a-79ff41fe5b67","actor_username":"a01722728@tec.mx","actor_via_sso":false,"log_type":"account","traits":{"provider":"email"}}	2025-05-18 01:07:44.37723+00	
00000000-0000-0000-0000-000000000000	d62b05bb-ebc4-4441-847f-94bd3be9c2f7	{"action":"login","actor_id":"36abc818-b3a6-440f-933a-79ff41fe5b67","actor_username":"a01722728@tec.mx","actor_via_sso":false,"log_type":"account","traits":{"provider":"email"}}	2025-05-18 01:07:47.200161+00	
00000000-0000-0000-0000-000000000000	aba4925e-3972-4fc0-9ca3-3a3122b9cb71	{"action":"token_refreshed","actor_id":"b5c684f0-24d7-436f-b752-71cd9e361c8f","actor_username":"a00836530@tec.mx","actor_via_sso":false,"log_type":"token"}	2025-05-18 02:00:38.442472+00	
00000000-0000-0000-0000-000000000000	457b3e5d-15af-465e-beba-83d843e7d4cc	{"action":"token_revoked","actor_id":"b5c684f0-24d7-436f-b752-71cd9e361c8f","actor_username":"a00836530@tec.mx","actor_via_sso":false,"log_type":"token"}	2025-05-18 02:00:38.444704+00	
00000000-0000-0000-0000-000000000000	657a7900-7c24-4195-9610-89a3062cef6b	{"action":"token_refreshed","actor_id":"b5c684f0-24d7-436f-b752-71cd9e361c8f","actor_username":"a00836530@tec.mx","actor_via_sso":false,"log_type":"token"}	2025-05-18 02:58:38.484122+00	
00000000-0000-0000-0000-000000000000	432957f0-5651-40df-9c72-029b501fd70b	{"action":"token_revoked","actor_id":"b5c684f0-24d7-436f-b752-71cd9e361c8f","actor_username":"a00836530@tec.mx","actor_via_sso":false,"log_type":"token"}	2025-05-18 02:58:38.486531+00	
00000000-0000-0000-0000-000000000000	bec84974-2a66-422a-89eb-624a6cf7a90e	{"action":"token_refreshed","actor_id":"36abc818-b3a6-440f-933a-79ff41fe5b67","actor_username":"a01722728@tec.mx","actor_via_sso":false,"log_type":"token"}	2025-05-18 03:20:42.461237+00	
00000000-0000-0000-0000-000000000000	dc9d2d19-e66a-4c56-a808-833676b49bed	{"action":"token_revoked","actor_id":"36abc818-b3a6-440f-933a-79ff41fe5b67","actor_username":"a01722728@tec.mx","actor_via_sso":false,"log_type":"token"}	2025-05-18 03:20:42.463048+00	
00000000-0000-0000-0000-000000000000	d82f076c-77eb-49bb-ae0b-d2d4e6550a6c	{"action":"login","actor_id":"36abc818-b3a6-440f-933a-79ff41fe5b67","actor_username":"a01722728@tec.mx","actor_via_sso":false,"log_type":"account","traits":{"provider":"email"}}	2025-05-18 03:20:43.091822+00	
00000000-0000-0000-0000-000000000000	f4a398a8-554b-4b1a-a896-ba2de454a704	{"action":"token_refreshed","actor_id":"b5c684f0-24d7-436f-b752-71cd9e361c8f","actor_username":"a00836530@tec.mx","actor_via_sso":false,"log_type":"token"}	2025-05-18 03:56:38.54088+00	
00000000-0000-0000-0000-000000000000	8035be06-4504-4b3f-b81e-41c4502aee62	{"action":"token_revoked","actor_id":"b5c684f0-24d7-436f-b752-71cd9e361c8f","actor_username":"a00836530@tec.mx","actor_via_sso":false,"log_type":"token"}	2025-05-18 03:56:38.543698+00	
00000000-0000-0000-0000-000000000000	00bb81af-6688-42f3-ab48-383434afd4b1	{"action":"login","actor_id":"386e63ba-dc8f-4af6-9447-44f7976a4a0c","actor_username":"rantonion2004@outlook.com","actor_via_sso":false,"log_type":"account","traits":{"provider":"email"}}	2025-05-18 04:11:16.853658+00	
00000000-0000-0000-0000-000000000000	64a3d3b8-b922-4bfe-b7d3-7d8a96e25342	{"action":"token_refreshed","actor_id":"5ad0bb87-f4fc-413c-adba-ef4b0b9402d1","actor_username":"a01198327@tec.mx","actor_via_sso":false,"log_type":"token"}	2025-05-18 04:51:04.268339+00	
00000000-0000-0000-0000-000000000000	592a8744-3972-4463-a90e-fae49de02b19	{"action":"token_revoked","actor_id":"5ad0bb87-f4fc-413c-adba-ef4b0b9402d1","actor_username":"a01198327@tec.mx","actor_via_sso":false,"log_type":"token"}	2025-05-18 04:51:04.271282+00	
00000000-0000-0000-0000-000000000000	1ab2721a-ce8f-4bc6-a1f7-b0878650dbd7	{"action":"token_refreshed","actor_id":"5ad0bb87-f4fc-413c-adba-ef4b0b9402d1","actor_username":"a01198327@tec.mx","actor_via_sso":false,"log_type":"token"}	2025-05-18 05:03:18.266759+00	
00000000-0000-0000-0000-000000000000	c51cd2a8-31a0-4220-b350-fd0e8ab7573b	{"action":"token_revoked","actor_id":"5ad0bb87-f4fc-413c-adba-ef4b0b9402d1","actor_username":"a01198327@tec.mx","actor_via_sso":false,"log_type":"token"}	2025-05-18 05:03:18.267584+00	
00000000-0000-0000-0000-000000000000	5df1976d-0793-4f33-a656-38566adfdebd	{"action":"token_refreshed","actor_id":"386e63ba-dc8f-4af6-9447-44f7976a4a0c","actor_username":"rantonion2004@outlook.com","actor_via_sso":false,"log_type":"token"}	2025-05-18 05:09:35.21139+00	
00000000-0000-0000-0000-000000000000	32f57835-513c-4706-b17c-c957ecd856f0	{"action":"token_revoked","actor_id":"386e63ba-dc8f-4af6-9447-44f7976a4a0c","actor_username":"rantonion2004@outlook.com","actor_via_sso":false,"log_type":"token"}	2025-05-18 05:09:35.214582+00	
00000000-0000-0000-0000-000000000000	62aca40d-6b01-4bd7-8765-bc3c7ae3410b	{"action":"token_refreshed","actor_id":"386e63ba-dc8f-4af6-9447-44f7976a4a0c","actor_username":"rantonion2004@outlook.com","actor_via_sso":false,"log_type":"token"}	2025-05-18 06:07:35.13441+00	
00000000-0000-0000-0000-000000000000	026c908f-cf31-4003-963c-8a80c0ce33ee	{"action":"token_revoked","actor_id":"386e63ba-dc8f-4af6-9447-44f7976a4a0c","actor_username":"rantonion2004@outlook.com","actor_via_sso":false,"log_type":"token"}	2025-05-18 06:07:35.136121+00	
00000000-0000-0000-0000-000000000000	d53cc9d5-cc11-440f-a78c-f714edb19f7c	{"action":"token_refreshed","actor_id":"5ad0bb87-f4fc-413c-adba-ef4b0b9402d1","actor_username":"a01198327@tec.mx","actor_via_sso":false,"log_type":"token"}	2025-05-18 06:34:47.610158+00	
00000000-0000-0000-0000-000000000000	67a38ec6-d5ac-475a-bba0-59de8a83fd56	{"action":"token_revoked","actor_id":"5ad0bb87-f4fc-413c-adba-ef4b0b9402d1","actor_username":"a01198327@tec.mx","actor_via_sso":false,"log_type":"token"}	2025-05-18 06:34:47.63402+00	
00000000-0000-0000-0000-000000000000	12376e2d-7e9c-4050-be73-14a7f09fa83d	{"action":"token_refreshed","actor_id":"386e63ba-dc8f-4af6-9447-44f7976a4a0c","actor_username":"rantonion2004@outlook.com","actor_via_sso":false,"log_type":"token"}	2025-05-18 07:13:00.460065+00	
00000000-0000-0000-0000-000000000000	b58f094c-3da4-44ed-8e52-92b3a3c4474e	{"action":"token_revoked","actor_id":"386e63ba-dc8f-4af6-9447-44f7976a4a0c","actor_username":"rantonion2004@outlook.com","actor_via_sso":false,"log_type":"token"}	2025-05-18 07:13:00.464483+00	
00000000-0000-0000-0000-000000000000	210ab76e-029e-4958-91a0-0f1cda5d800b	{"action":"logout","actor_id":"386e63ba-dc8f-4af6-9447-44f7976a4a0c","actor_username":"rantonion2004@outlook.com","actor_via_sso":false,"log_type":"account"}	2025-05-18 07:24:34.575392+00	
00000000-0000-0000-0000-000000000000	42d0ff7a-a414-4b9b-acb6-3ae02848df07	{"action":"login","actor_id":"386e63ba-dc8f-4af6-9447-44f7976a4a0c","actor_username":"rantonion2004@outlook.com","actor_via_sso":false,"log_type":"account","traits":{"provider":"email"}}	2025-05-18 07:24:40.339919+00	
00000000-0000-0000-0000-000000000000	c2754356-9756-43d2-85b9-17e1034ecb41	{"action":"logout","actor_id":"386e63ba-dc8f-4af6-9447-44f7976a4a0c","actor_username":"rantonion2004@outlook.com","actor_via_sso":false,"log_type":"account"}	2025-05-18 07:25:22.479394+00	
00000000-0000-0000-0000-000000000000	50fc14d2-8dd2-4d03-9e90-a329d5722a2e	{"action":"login","actor_id":"b5c684f0-24d7-436f-b752-71cd9e361c8f","actor_username":"a00836530@tec.mx","actor_via_sso":false,"log_type":"account","traits":{"provider":"email"}}	2025-05-18 07:25:29.93226+00	
00000000-0000-0000-0000-000000000000	e1dabd0b-6bc3-4448-851f-9e85e9354f85	{"action":"token_refreshed","actor_id":"b5c684f0-24d7-436f-b752-71cd9e361c8f","actor_username":"a00836530@tec.mx","actor_via_sso":false,"log_type":"token"}	2025-05-18 08:23:44.392586+00	
00000000-0000-0000-0000-000000000000	1d78c35f-666a-4f45-a0a8-5e6bcbbceb21	{"action":"token_revoked","actor_id":"b5c684f0-24d7-436f-b752-71cd9e361c8f","actor_username":"a00836530@tec.mx","actor_via_sso":false,"log_type":"token"}	2025-05-18 08:23:44.394597+00	
00000000-0000-0000-0000-000000000000	06227256-6001-4e7a-8e7e-e53965e2a3bd	{"action":"token_refreshed","actor_id":"b5c684f0-24d7-436f-b752-71cd9e361c8f","actor_username":"a00836530@tec.mx","actor_via_sso":false,"log_type":"token"}	2025-05-18 09:21:44.307678+00	
00000000-0000-0000-0000-000000000000	1ea9e664-0ba0-4492-923e-6f3bfb2e0428	{"action":"token_revoked","actor_id":"b5c684f0-24d7-436f-b752-71cd9e361c8f","actor_username":"a00836530@tec.mx","actor_via_sso":false,"log_type":"token"}	2025-05-18 09:21:44.310323+00	
00000000-0000-0000-0000-000000000000	99b625ec-9646-44a8-b305-16c09ab78a95	{"action":"logout","actor_id":"b5c684f0-24d7-436f-b752-71cd9e361c8f","actor_username":"a00836530@tec.mx","actor_via_sso":false,"log_type":"account"}	2025-05-18 10:17:58.483722+00	
00000000-0000-0000-0000-000000000000	29b45657-c5b4-4c4e-8b30-f3c40dddbe91	{"action":"login","actor_id":"386e63ba-dc8f-4af6-9447-44f7976a4a0c","actor_username":"rantonion2004@outlook.com","actor_via_sso":false,"log_type":"account","traits":{"provider":"email"}}	2025-05-18 10:18:03.064489+00	
00000000-0000-0000-0000-000000000000	246adec1-e13d-4fcd-baf3-11a8972370cf	{"action":"token_refreshed","actor_id":"7b23b8a4-8f26-40a9-86c0-c591b423ea6a","actor_username":"a01198676@tec.mx","actor_via_sso":false,"log_type":"token"}	2025-05-18 13:17:13.568623+00	
00000000-0000-0000-0000-000000000000	7f6004e9-25ad-4288-959c-9a8d0dd7d49c	{"action":"token_revoked","actor_id":"7b23b8a4-8f26-40a9-86c0-c591b423ea6a","actor_username":"a01198676@tec.mx","actor_via_sso":false,"log_type":"token"}	2025-05-18 13:17:13.571001+00	
00000000-0000-0000-0000-000000000000	cd4e4e4e-8fb3-4e56-af0f-63c07ba0a609	{"action":"login","actor_id":"36abc818-b3a6-440f-933a-79ff41fe5b67","actor_username":"a01722728@tec.mx","actor_via_sso":false,"log_type":"account","traits":{"provider":"email"}}	2025-05-18 13:18:01.570873+00	
00000000-0000-0000-0000-000000000000	689bc769-e143-40b8-908c-57fbbce09f06	{"action":"login","actor_id":"7b23b8a4-8f26-40a9-86c0-c591b423ea6a","actor_username":"a01198676@tec.mx","actor_via_sso":false,"log_type":"account","traits":{"provider":"email"}}	2025-05-18 13:19:34.206599+00	
00000000-0000-0000-0000-000000000000	8e56c124-1d9e-4aa9-bc71-eca5a8f8ea63	{"action":"login","actor_id":"7b23b8a4-8f26-40a9-86c0-c591b423ea6a","actor_username":"a01198676@tec.mx","actor_via_sso":false,"log_type":"account","traits":{"provider":"email"}}	2025-05-18 13:26:53.476896+00	
00000000-0000-0000-0000-000000000000	b2d6e77c-1e51-4799-ae80-7841c8576f7e	{"action":"login","actor_id":"7b23b8a4-8f26-40a9-86c0-c591b423ea6a","actor_username":"a01198676@tec.mx","actor_via_sso":false,"log_type":"account","traits":{"provider":"email"}}	2025-05-18 14:02:19.345907+00	
00000000-0000-0000-0000-000000000000	661f968f-86e8-4a67-9b73-f42566d1ebe0	{"action":"login","actor_id":"36abc818-b3a6-440f-933a-79ff41fe5b67","actor_username":"a01722728@tec.mx","actor_via_sso":false,"log_type":"account","traits":{"provider":"email"}}	2025-05-18 14:05:18.501449+00	
00000000-0000-0000-0000-000000000000	52eaed04-81b1-4924-aeff-89faf5df6ef8	{"action":"token_refreshed","actor_id":"5ad0bb87-f4fc-413c-adba-ef4b0b9402d1","actor_username":"a01198327@tec.mx","actor_via_sso":false,"log_type":"token"}	2025-05-18 20:54:34.965916+00	
00000000-0000-0000-0000-000000000000	f4be4a78-8867-44a4-b287-07df43a9df27	{"action":"token_revoked","actor_id":"5ad0bb87-f4fc-413c-adba-ef4b0b9402d1","actor_username":"a01198327@tec.mx","actor_via_sso":false,"log_type":"token"}	2025-05-18 20:54:34.981783+00	
00000000-0000-0000-0000-000000000000	7b922bc4-27ec-43ee-bf1b-359b0372eecc	{"action":"token_refreshed","actor_id":"5ad0bb87-f4fc-413c-adba-ef4b0b9402d1","actor_username":"a01198327@tec.mx","actor_via_sso":false,"log_type":"token"}	2025-05-18 21:54:29.176625+00	
00000000-0000-0000-0000-000000000000	27dec793-0408-4937-b959-4340655fb624	{"action":"token_revoked","actor_id":"5ad0bb87-f4fc-413c-adba-ef4b0b9402d1","actor_username":"a01198327@tec.mx","actor_via_sso":false,"log_type":"token"}	2025-05-18 21:54:29.181378+00	
00000000-0000-0000-0000-000000000000	6b794294-0b03-4279-bdb4-011e47f0116b	{"action":"token_refreshed","actor_id":"5ad0bb87-f4fc-413c-adba-ef4b0b9402d1","actor_username":"a01198327@tec.mx","actor_via_sso":false,"log_type":"token"}	2025-05-18 22:54:06.786338+00	
00000000-0000-0000-0000-000000000000	06ee6989-f39b-40f6-b607-57218537cae1	{"action":"token_revoked","actor_id":"5ad0bb87-f4fc-413c-adba-ef4b0b9402d1","actor_username":"a01198327@tec.mx","actor_via_sso":false,"log_type":"token"}	2025-05-18 22:54:06.791274+00	
00000000-0000-0000-0000-000000000000	435d3307-3089-45b0-b1f1-91bc1bbbc122	{"action":"token_refreshed","actor_id":"36abc818-b3a6-440f-933a-79ff41fe5b67","actor_username":"a01722728@tec.mx","actor_via_sso":false,"log_type":"token"}	2025-05-18 23:17:22.95328+00	
00000000-0000-0000-0000-000000000000	5b426c38-6735-44dc-a5c9-26076aa8b658	{"action":"token_revoked","actor_id":"36abc818-b3a6-440f-933a-79ff41fe5b67","actor_username":"a01722728@tec.mx","actor_via_sso":false,"log_type":"token"}	2025-05-18 23:17:22.955619+00	
00000000-0000-0000-0000-000000000000	c9118f76-a726-420b-9cdd-0ccf9ddd38f2	{"action":"login","actor_id":"36abc818-b3a6-440f-933a-79ff41fe5b67","actor_username":"a01722728@tec.mx","actor_via_sso":false,"log_type":"account","traits":{"provider":"email"}}	2025-05-18 23:17:26.396118+00	
00000000-0000-0000-0000-000000000000	abf8c5f6-517f-49dc-8d35-372e50519ace	{"action":"login","actor_id":"36abc818-b3a6-440f-933a-79ff41fe5b67","actor_username":"a01722728@tec.mx","actor_via_sso":false,"log_type":"account","traits":{"provider":"email"}}	2025-05-18 23:24:59.093617+00	
00000000-0000-0000-0000-000000000000	74f2c9f7-093b-4858-af01-dd3f87001b7f	{"action":"token_refreshed","actor_id":"36abc818-b3a6-440f-933a-79ff41fe5b67","actor_username":"a01722728@tec.mx","actor_via_sso":false,"log_type":"token"}	2025-05-19 00:43:23.164439+00	
00000000-0000-0000-0000-000000000000	3e4e190f-6509-4909-9c2a-28c756838061	{"action":"token_revoked","actor_id":"36abc818-b3a6-440f-933a-79ff41fe5b67","actor_username":"a01722728@tec.mx","actor_via_sso":false,"log_type":"token"}	2025-05-19 00:43:23.171253+00	
00000000-0000-0000-0000-000000000000	65d1ada2-85b1-4599-96ce-a98839ef90d3	{"action":"token_refreshed","actor_id":"5ad0bb87-f4fc-413c-adba-ef4b0b9402d1","actor_username":"a01198327@tec.mx","actor_via_sso":false,"log_type":"token"}	2025-05-19 00:43:58.286817+00	
00000000-0000-0000-0000-000000000000	56430388-d6a4-4cca-aae6-c239e680bd6d	{"action":"token_revoked","actor_id":"5ad0bb87-f4fc-413c-adba-ef4b0b9402d1","actor_username":"a01198327@tec.mx","actor_via_sso":false,"log_type":"token"}	2025-05-19 00:43:58.29025+00	
00000000-0000-0000-0000-000000000000	91b25954-54b5-44fd-a706-a42013fa155c	{"action":"token_refreshed","actor_id":"36abc818-b3a6-440f-933a-79ff41fe5b67","actor_username":"a01722728@tec.mx","actor_via_sso":false,"log_type":"token"}	2025-05-19 00:51:53.461253+00	
00000000-0000-0000-0000-000000000000	b19e1fa6-2fac-4e76-b8b7-3ebba22677ef	{"action":"token_revoked","actor_id":"36abc818-b3a6-440f-933a-79ff41fe5b67","actor_username":"a01722728@tec.mx","actor_via_sso":false,"log_type":"token"}	2025-05-19 00:51:53.464314+00	
00000000-0000-0000-0000-000000000000	0432b560-23dd-4a86-bb4f-38dbac7ffd03	{"action":"token_refreshed","actor_id":"5ad0bb87-f4fc-413c-adba-ef4b0b9402d1","actor_username":"a01198327@tec.mx","actor_via_sso":false,"log_type":"token"}	2025-05-19 02:42:35.992394+00	
00000000-0000-0000-0000-000000000000	fc9e68f8-b5ff-4116-9c77-e65a8d0d4850	{"action":"token_revoked","actor_id":"5ad0bb87-f4fc-413c-adba-ef4b0b9402d1","actor_username":"a01198327@tec.mx","actor_via_sso":false,"log_type":"token"}	2025-05-19 02:42:36.007163+00	
00000000-0000-0000-0000-000000000000	b37bfe66-7c22-412a-854d-18cb606b33b4	{"action":"token_refreshed","actor_id":"36abc818-b3a6-440f-933a-79ff41fe5b67","actor_username":"a01722728@tec.mx","actor_via_sso":false,"log_type":"token"}	2025-05-19 03:28:48.39799+00	
00000000-0000-0000-0000-000000000000	baea1552-0f46-497d-aed8-5ff0fae437ac	{"action":"token_revoked","actor_id":"36abc818-b3a6-440f-933a-79ff41fe5b67","actor_username":"a01722728@tec.mx","actor_via_sso":false,"log_type":"token"}	2025-05-19 03:28:48.400538+00	
00000000-0000-0000-0000-000000000000	413c8a0f-0fa6-48c9-8ee6-130096949f5d	{"action":"token_refreshed","actor_id":"36abc818-b3a6-440f-933a-79ff41fe5b67","actor_username":"a01722728@tec.mx","actor_via_sso":false,"log_type":"token"}	2025-05-19 04:28:10.499619+00	
00000000-0000-0000-0000-000000000000	8eda4640-a751-47da-953b-2f75d3e35bb9	{"action":"token_revoked","actor_id":"36abc818-b3a6-440f-933a-79ff41fe5b67","actor_username":"a01722728@tec.mx","actor_via_sso":false,"log_type":"token"}	2025-05-19 04:28:10.506618+00	
00000000-0000-0000-0000-000000000000	9e899e0e-8d98-40d9-8c8d-cd7ea59df29c	{"action":"login","actor_id":"36abc818-b3a6-440f-933a-79ff41fe5b67","actor_username":"a01722728@tec.mx","actor_via_sso":false,"log_type":"account","traits":{"provider":"email"}}	2025-05-19 04:30:53.70272+00	
00000000-0000-0000-0000-000000000000	24534ad7-782f-46ab-b65d-868e674cc318	{"action":"token_refreshed","actor_id":"5ad0bb87-f4fc-413c-adba-ef4b0b9402d1","actor_username":"a01198327@tec.mx","actor_via_sso":false,"log_type":"token"}	2025-05-19 04:45:09.52163+00	
00000000-0000-0000-0000-000000000000	0ae480ce-ae61-4ea9-b8fc-48ed64c6f7b5	{"action":"token_revoked","actor_id":"5ad0bb87-f4fc-413c-adba-ef4b0b9402d1","actor_username":"a01198327@tec.mx","actor_via_sso":false,"log_type":"token"}	2025-05-19 04:45:09.525983+00	
00000000-0000-0000-0000-000000000000	0f475bb5-322b-43bc-a4ec-b6dc14d18b50	{"action":"token_refreshed","actor_id":"36abc818-b3a6-440f-933a-79ff41fe5b67","actor_username":"a01722728@tec.mx","actor_via_sso":false,"log_type":"token"}	2025-05-19 05:20:05.469367+00	
00000000-0000-0000-0000-000000000000	b4d937db-74ab-476d-9265-96858ea387c2	{"action":"token_revoked","actor_id":"36abc818-b3a6-440f-933a-79ff41fe5b67","actor_username":"a01722728@tec.mx","actor_via_sso":false,"log_type":"token"}	2025-05-19 05:20:05.47303+00	
00000000-0000-0000-0000-000000000000	cc19a066-865d-4223-9392-24be63cc58a6	{"action":"login","actor_id":"5f096705-11c3-49b1-b42c-d7bd17a75439","actor_username":"a01741300@tec.mx","actor_via_sso":false,"log_type":"account","traits":{"provider":"email"}}	2025-05-19 06:15:23.711066+00	
00000000-0000-0000-0000-000000000000	ffe4b39f-a897-48c2-bfd1-a1de6f2b3a8c	{"action":"token_refreshed","actor_id":"5ad0bb87-f4fc-413c-adba-ef4b0b9402d1","actor_username":"a01198327@tec.mx","actor_via_sso":false,"log_type":"token"}	2025-05-19 06:56:14.99237+00	
00000000-0000-0000-0000-000000000000	2fc5e36c-412c-4025-8bae-9f8726aef1ad	{"action":"token_revoked","actor_id":"5ad0bb87-f4fc-413c-adba-ef4b0b9402d1","actor_username":"a01198327@tec.mx","actor_via_sso":false,"log_type":"token"}	2025-05-19 06:56:14.997401+00	
00000000-0000-0000-0000-000000000000	a8858359-c086-459f-86f8-7b277823887a	{"action":"token_refreshed","actor_id":"5f096705-11c3-49b1-b42c-d7bd17a75439","actor_username":"a01741300@tec.mx","actor_via_sso":false,"log_type":"token"}	2025-05-19 07:22:10.320312+00	
00000000-0000-0000-0000-000000000000	6b8ecbe5-3c55-4115-a4cf-f8a7e7e88e80	{"action":"token_revoked","actor_id":"5f096705-11c3-49b1-b42c-d7bd17a75439","actor_username":"a01741300@tec.mx","actor_via_sso":false,"log_type":"token"}	2025-05-19 07:22:10.324378+00	
00000000-0000-0000-0000-000000000000	559dacdf-9365-43da-a204-b8fb37cb8dd2	{"action":"token_refreshed","actor_id":"5ad0bb87-f4fc-413c-adba-ef4b0b9402d1","actor_username":"a01198327@tec.mx","actor_via_sso":false,"log_type":"token"}	2025-05-19 08:42:07.797636+00	
00000000-0000-0000-0000-000000000000	f8f89c30-492c-4b8b-837d-43a6e2757c08	{"action":"token_revoked","actor_id":"5ad0bb87-f4fc-413c-adba-ef4b0b9402d1","actor_username":"a01198327@tec.mx","actor_via_sso":false,"log_type":"token"}	2025-05-19 08:42:07.809127+00	
00000000-0000-0000-0000-000000000000	d85fa210-cb25-4059-a214-23e25c832ade	{"action":"token_refreshed","actor_id":"36abc818-b3a6-440f-933a-79ff41fe5b67","actor_username":"a01722728@tec.mx","actor_via_sso":false,"log_type":"token"}	2025-05-19 16:11:12.497447+00	
00000000-0000-0000-0000-000000000000	32ff9d4c-ad89-40df-bf1d-6be3393d25b7	{"action":"token_revoked","actor_id":"36abc818-b3a6-440f-933a-79ff41fe5b67","actor_username":"a01722728@tec.mx","actor_via_sso":false,"log_type":"token"}	2025-05-19 16:11:12.513697+00	
00000000-0000-0000-0000-000000000000	0208ac55-5d84-482a-81be-f001e01e88eb	{"action":"token_refreshed","actor_id":"36abc818-b3a6-440f-933a-79ff41fe5b67","actor_username":"a01722728@tec.mx","actor_via_sso":false,"log_type":"token"}	2025-05-19 17:26:48.324718+00	
00000000-0000-0000-0000-000000000000	f3a08d8c-6610-4f66-86d4-47e41253cbbb	{"action":"token_revoked","actor_id":"36abc818-b3a6-440f-933a-79ff41fe5b67","actor_username":"a01722728@tec.mx","actor_via_sso":false,"log_type":"token"}	2025-05-19 17:26:48.336214+00	
00000000-0000-0000-0000-000000000000	113ce976-d66b-4e2d-9976-a4ebb585a819	{"action":"token_refreshed","actor_id":"5f096705-11c3-49b1-b42c-d7bd17a75439","actor_username":"a01741300@tec.mx","actor_via_sso":false,"log_type":"token"}	2025-05-19 19:32:02.779613+00	
00000000-0000-0000-0000-000000000000	310f2f45-8151-43af-a84a-9c9f6831b4da	{"action":"token_revoked","actor_id":"5f096705-11c3-49b1-b42c-d7bd17a75439","actor_username":"a01741300@tec.mx","actor_via_sso":false,"log_type":"token"}	2025-05-19 19:32:02.788852+00	
00000000-0000-0000-0000-000000000000	66d9bacd-1b05-4a98-9d9a-5dba6f079e55	{"action":"token_refreshed","actor_id":"36abc818-b3a6-440f-933a-79ff41fe5b67","actor_username":"a01722728@tec.mx","actor_via_sso":false,"log_type":"token"}	2025-05-19 19:35:17.067621+00	
00000000-0000-0000-0000-000000000000	ab60a811-4efa-40f9-bbfe-a034e226ffa7	{"action":"token_revoked","actor_id":"36abc818-b3a6-440f-933a-79ff41fe5b67","actor_username":"a01722728@tec.mx","actor_via_sso":false,"log_type":"token"}	2025-05-19 19:35:17.072079+00	
00000000-0000-0000-0000-000000000000	12246985-79f2-4815-98e0-a49f91c4a4ef	{"action":"login","actor_id":"36abc818-b3a6-440f-933a-79ff41fe5b67","actor_username":"a01722728@tec.mx","actor_via_sso":false,"log_type":"account","traits":{"provider":"email"}}	2025-05-19 19:35:21.796026+00	
00000000-0000-0000-0000-000000000000	12a70d78-c856-4f06-9726-1a471b127597	{"action":"token_refreshed","actor_id":"386e63ba-dc8f-4af6-9447-44f7976a4a0c","actor_username":"rantonion2004@outlook.com","actor_via_sso":false,"log_type":"token"}	2025-05-19 19:37:55.480396+00	
00000000-0000-0000-0000-000000000000	7c6d7b65-1f1f-41f5-a23f-61d5aa3bb662	{"action":"token_revoked","actor_id":"386e63ba-dc8f-4af6-9447-44f7976a4a0c","actor_username":"rantonion2004@outlook.com","actor_via_sso":false,"log_type":"token"}	2025-05-19 19:37:55.482362+00	
00000000-0000-0000-0000-000000000000	e6fc92c9-7d8a-4d89-b38f-ff56d900bce7	{"action":"token_refreshed","actor_id":"54bb3bab-94a3-420a-99da-57717c1c075a","actor_username":"emirpuente31@gmail.com","actor_via_sso":false,"log_type":"token"}	2025-05-19 19:58:14.987428+00	
00000000-0000-0000-0000-000000000000	4eca4a81-76da-469e-9633-af3ff7f49578	{"action":"token_revoked","actor_id":"54bb3bab-94a3-420a-99da-57717c1c075a","actor_username":"emirpuente31@gmail.com","actor_via_sso":false,"log_type":"token"}	2025-05-19 19:58:14.990065+00	
00000000-0000-0000-0000-000000000000	717e730b-4d20-409c-b086-602495a5b7ce	{"action":"login","actor_id":"54bb3bab-94a3-420a-99da-57717c1c075a","actor_username":"emirpuente31@gmail.com","actor_via_sso":false,"log_type":"account","traits":{"provider":"email"}}	2025-05-19 19:59:14.560698+00	
00000000-0000-0000-0000-000000000000	95c7a230-6a64-46f7-8e50-2deef7a74182	{"action":"login","actor_id":"54bb3bab-94a3-420a-99da-57717c1c075a","actor_username":"emirpuente31@gmail.com","actor_via_sso":false,"log_type":"account","traits":{"provider":"email"}}	2025-05-19 19:59:16.231879+00	
00000000-0000-0000-0000-000000000000	2b27eb01-cbb9-4ce0-8602-290ff517f5e3	{"action":"login","actor_id":"36abc818-b3a6-440f-933a-79ff41fe5b67","actor_username":"a01722728@tec.mx","actor_via_sso":false,"log_type":"account","traits":{"provider":"email"}}	2025-05-19 20:02:41.323347+00	
00000000-0000-0000-0000-000000000000	cc9c0f15-6ff3-4f4f-aabb-9e1288d7cd81	{"action":"token_refreshed","actor_id":"5f096705-11c3-49b1-b42c-d7bd17a75439","actor_username":"a01741300@tec.mx","actor_via_sso":false,"log_type":"token"}	2025-05-19 20:31:24.644858+00	
00000000-0000-0000-0000-000000000000	7f241ac7-5bd5-448e-a34f-404edd7cabee	{"action":"token_revoked","actor_id":"5f096705-11c3-49b1-b42c-d7bd17a75439","actor_username":"a01741300@tec.mx","actor_via_sso":false,"log_type":"token"}	2025-05-19 20:31:24.648313+00	
00000000-0000-0000-0000-000000000000	cd7c015d-6dab-44e9-a7c2-ee4918768daa	{"action":"login","actor_id":"54bb3bab-94a3-420a-99da-57717c1c075a","actor_username":"emirpuente31@gmail.com","actor_via_sso":false,"log_type":"account","traits":{"provider":"email"}}	2025-05-19 20:45:45.752585+00	
00000000-0000-0000-0000-000000000000	ad5405fb-15fb-4f04-af2f-1d7942da79f2	{"action":"token_refreshed","actor_id":"5ad0bb87-f4fc-413c-adba-ef4b0b9402d1","actor_username":"a01198327@tec.mx","actor_via_sso":false,"log_type":"token"}	2025-05-19 20:46:14.518019+00	
00000000-0000-0000-0000-000000000000	5e47efe9-7381-4b54-ab19-2eb71f5b5110	{"action":"token_revoked","actor_id":"5ad0bb87-f4fc-413c-adba-ef4b0b9402d1","actor_username":"a01198327@tec.mx","actor_via_sso":false,"log_type":"token"}	2025-05-19 20:46:14.520482+00	
00000000-0000-0000-0000-000000000000	19469014-aadc-4ba8-aedf-32c7dc8bae27	{"action":"token_refreshed","actor_id":"386e63ba-dc8f-4af6-9447-44f7976a4a0c","actor_username":"rantonion2004@outlook.com","actor_via_sso":false,"log_type":"token"}	2025-05-19 20:52:55.956425+00	
00000000-0000-0000-0000-000000000000	bad53aa7-9559-4c98-b330-6e2ed02705af	{"action":"token_revoked","actor_id":"386e63ba-dc8f-4af6-9447-44f7976a4a0c","actor_username":"rantonion2004@outlook.com","actor_via_sso":false,"log_type":"token"}	2025-05-19 20:52:55.959683+00	
00000000-0000-0000-0000-000000000000	9400bbd2-6199-479d-aa53-6e24aff16615	{"action":"token_refreshed","actor_id":"36abc818-b3a6-440f-933a-79ff41fe5b67","actor_username":"a01722728@tec.mx","actor_via_sso":false,"log_type":"token"}	2025-05-19 21:21:11.223106+00	
00000000-0000-0000-0000-000000000000	7a1add4e-b151-4d8b-9078-2b702a0821b3	{"action":"token_revoked","actor_id":"36abc818-b3a6-440f-933a-79ff41fe5b67","actor_username":"a01722728@tec.mx","actor_via_sso":false,"log_type":"token"}	2025-05-19 21:21:11.229719+00	
00000000-0000-0000-0000-000000000000	99d7510c-4832-44f2-b5fe-7afa96478847	{"action":"token_refreshed","actor_id":"5f096705-11c3-49b1-b42c-d7bd17a75439","actor_username":"a01741300@tec.mx","actor_via_sso":false,"log_type":"token"}	2025-05-19 21:30:03.780169+00	
00000000-0000-0000-0000-000000000000	aeda9259-1ab5-472d-ab26-59cb4d21f406	{"action":"token_revoked","actor_id":"5f096705-11c3-49b1-b42c-d7bd17a75439","actor_username":"a01741300@tec.mx","actor_via_sso":false,"log_type":"token"}	2025-05-19 21:30:03.782375+00	
00000000-0000-0000-0000-000000000000	b78becaa-ad46-4dd3-9486-b04f75ddb636	{"action":"token_refreshed","actor_id":"5ad0bb87-f4fc-413c-adba-ef4b0b9402d1","actor_username":"a01198327@tec.mx","actor_via_sso":false,"log_type":"token"}	2025-05-19 21:47:07.053282+00	
00000000-0000-0000-0000-000000000000	27f12add-518d-4823-a1be-8e61cf6d2fd8	{"action":"token_revoked","actor_id":"5ad0bb87-f4fc-413c-adba-ef4b0b9402d1","actor_username":"a01198327@tec.mx","actor_via_sso":false,"log_type":"token"}	2025-05-19 21:47:07.055342+00	
00000000-0000-0000-0000-000000000000	86ae87d5-6f92-4883-9767-2aee7bbf82cd	{"action":"token_refreshed","actor_id":"386e63ba-dc8f-4af6-9447-44f7976a4a0c","actor_username":"rantonion2004@outlook.com","actor_via_sso":false,"log_type":"token"}	2025-05-19 21:55:05.436315+00	
00000000-0000-0000-0000-000000000000	49a4e38c-ae76-4b04-9186-9f0acca1f313	{"action":"token_revoked","actor_id":"386e63ba-dc8f-4af6-9447-44f7976a4a0c","actor_username":"rantonion2004@outlook.com","actor_via_sso":false,"log_type":"token"}	2025-05-19 21:55:05.438281+00	
00000000-0000-0000-0000-000000000000	31a97bdd-4cf1-4bc8-991b-48089d2406a8	{"action":"logout","actor_id":"386e63ba-dc8f-4af6-9447-44f7976a4a0c","actor_username":"rantonion2004@outlook.com","actor_via_sso":false,"log_type":"account"}	2025-05-19 21:58:17.306845+00	
00000000-0000-0000-0000-000000000000	f16bed7c-c6f4-4641-9f15-c5adc5a93176	{"action":"login","actor_id":"b5c684f0-24d7-436f-b752-71cd9e361c8f","actor_username":"a00836530@tec.mx","actor_via_sso":false,"log_type":"account","traits":{"provider":"email"}}	2025-05-19 21:58:24.008645+00	
00000000-0000-0000-0000-000000000000	d1a32f56-4cd1-4a68-b5b4-93b1a2affc4e	{"action":"token_refreshed","actor_id":"36abc818-b3a6-440f-933a-79ff41fe5b67","actor_username":"a01722728@tec.mx","actor_via_sso":false,"log_type":"token"}	2025-05-19 22:20:10.636079+00	
00000000-0000-0000-0000-000000000000	a580ea75-1a5a-47d1-99b2-9a38ca160c7f	{"action":"token_revoked","actor_id":"36abc818-b3a6-440f-933a-79ff41fe5b67","actor_username":"a01722728@tec.mx","actor_via_sso":false,"log_type":"token"}	2025-05-19 22:20:10.641283+00	
00000000-0000-0000-0000-000000000000	954891eb-bb66-41b5-b113-410489788e86	{"action":"token_refreshed","actor_id":"5f096705-11c3-49b1-b42c-d7bd17a75439","actor_username":"a01741300@tec.mx","actor_via_sso":false,"log_type":"token"}	2025-05-19 22:30:23.504262+00	
00000000-0000-0000-0000-000000000000	6e236eb6-88d2-42eb-9c58-e3a725ce377c	{"action":"token_revoked","actor_id":"5f096705-11c3-49b1-b42c-d7bd17a75439","actor_username":"a01741300@tec.mx","actor_via_sso":false,"log_type":"token"}	2025-05-19 22:30:23.507343+00	
00000000-0000-0000-0000-000000000000	662e7935-8280-4b62-a80e-29d5c83f1518	{"action":"token_refreshed","actor_id":"54bb3bab-94a3-420a-99da-57717c1c075a","actor_username":"emirpuente31@gmail.com","actor_via_sso":false,"log_type":"token"}	2025-05-19 22:35:27.161938+00	
00000000-0000-0000-0000-000000000000	6362e50e-b431-4d5d-92e9-cc83bf4951ce	{"action":"token_revoked","actor_id":"54bb3bab-94a3-420a-99da-57717c1c075a","actor_username":"emirpuente31@gmail.com","actor_via_sso":false,"log_type":"token"}	2025-05-19 22:35:27.165018+00	
00000000-0000-0000-0000-000000000000	66b64c09-60dd-4922-85a1-9bd8a6680d30	{"action":"token_refreshed","actor_id":"5ad0bb87-f4fc-413c-adba-ef4b0b9402d1","actor_username":"a01198327@tec.mx","actor_via_sso":false,"log_type":"token"}	2025-05-19 22:46:45.820023+00	
00000000-0000-0000-0000-000000000000	ea343536-cfd6-44f7-a6b0-a3e6d0a9df0d	{"action":"token_revoked","actor_id":"5ad0bb87-f4fc-413c-adba-ef4b0b9402d1","actor_username":"a01198327@tec.mx","actor_via_sso":false,"log_type":"token"}	2025-05-19 22:46:45.8252+00	
00000000-0000-0000-0000-000000000000	212811f1-8a83-47f7-aad7-986f4ca0604c	{"action":"token_refreshed","actor_id":"b5c684f0-24d7-436f-b752-71cd9e361c8f","actor_username":"a00836530@tec.mx","actor_via_sso":false,"log_type":"token"}	2025-05-19 22:58:16.794388+00	
00000000-0000-0000-0000-000000000000	54aa6c5d-9eae-4a95-971f-03fff5790927	{"action":"token_revoked","actor_id":"b5c684f0-24d7-436f-b752-71cd9e361c8f","actor_username":"a00836530@tec.mx","actor_via_sso":false,"log_type":"token"}	2025-05-19 22:58:16.797146+00	
00000000-0000-0000-0000-000000000000	633fbc91-84e9-4e48-afc6-2c40724f60a7	{"action":"token_refreshed","actor_id":"36abc818-b3a6-440f-933a-79ff41fe5b67","actor_username":"a01722728@tec.mx","actor_via_sso":false,"log_type":"token"}	2025-05-19 23:21:19.300691+00	
00000000-0000-0000-0000-000000000000	b236712c-b487-466a-9c00-fb848988b776	{"action":"token_revoked","actor_id":"36abc818-b3a6-440f-933a-79ff41fe5b67","actor_username":"a01722728@tec.mx","actor_via_sso":false,"log_type":"token"}	2025-05-19 23:21:19.306535+00	
00000000-0000-0000-0000-000000000000	a151ea2b-7bd0-4a1a-951d-a7763c81a62a	{"action":"token_refreshed","actor_id":"5f096705-11c3-49b1-b42c-d7bd17a75439","actor_username":"a01741300@tec.mx","actor_via_sso":false,"log_type":"token"}	2025-05-19 23:32:54.611619+00	
00000000-0000-0000-0000-000000000000	e930befc-7cc8-47b6-b50b-50039f5b3430	{"action":"token_revoked","actor_id":"5f096705-11c3-49b1-b42c-d7bd17a75439","actor_username":"a01741300@tec.mx","actor_via_sso":false,"log_type":"token"}	2025-05-19 23:32:54.617553+00	
00000000-0000-0000-0000-000000000000	a2c90b99-965b-48d7-9b16-ee8e801308f6	{"action":"logout","actor_id":"b5c684f0-24d7-436f-b752-71cd9e361c8f","actor_username":"a00836530@tec.mx","actor_via_sso":false,"log_type":"account"}	2025-05-19 23:40:03.097575+00	
00000000-0000-0000-0000-000000000000	498c3ce2-cbb4-43db-97b8-326021a8f678	{"action":"login","actor_id":"386e63ba-dc8f-4af6-9447-44f7976a4a0c","actor_username":"rantonion2004@outlook.com","actor_via_sso":false,"log_type":"account","traits":{"provider":"email"}}	2025-05-19 23:40:07.958473+00	
00000000-0000-0000-0000-000000000000	a23bf155-a3ab-4547-a5e0-5076057421b6	{"action":"token_refreshed","actor_id":"54bb3bab-94a3-420a-99da-57717c1c075a","actor_username":"emirpuente31@gmail.com","actor_via_sso":false,"log_type":"token"}	2025-05-19 23:40:56.621358+00	
00000000-0000-0000-0000-000000000000	82b70463-7675-4637-8018-8b601eebf89f	{"action":"token_revoked","actor_id":"54bb3bab-94a3-420a-99da-57717c1c075a","actor_username":"emirpuente31@gmail.com","actor_via_sso":false,"log_type":"token"}	2025-05-19 23:40:56.624032+00	
00000000-0000-0000-0000-000000000000	0784e094-d59c-4e42-b693-f4db668f5139	{"action":"token_refreshed","actor_id":"5ad0bb87-f4fc-413c-adba-ef4b0b9402d1","actor_username":"a01198327@tec.mx","actor_via_sso":false,"log_type":"token"}	2025-05-19 23:46:10.082966+00	
00000000-0000-0000-0000-000000000000	67e7031e-b0a8-4bf6-b4c0-f5ad16adb60e	{"action":"token_revoked","actor_id":"5ad0bb87-f4fc-413c-adba-ef4b0b9402d1","actor_username":"a01198327@tec.mx","actor_via_sso":false,"log_type":"token"}	2025-05-19 23:46:10.089201+00	
00000000-0000-0000-0000-000000000000	71c509d2-3e5f-4b0f-b9f9-226123f1a1c6	{"action":"token_refreshed","actor_id":"5ad0bb87-f4fc-413c-adba-ef4b0b9402d1","actor_username":"a01198327@tec.mx","actor_via_sso":false,"log_type":"token"}	2025-05-20 05:01:50.184795+00	
00000000-0000-0000-0000-000000000000	cc29ea44-3e7f-4705-9aba-004aea0bd60e	{"action":"token_revoked","actor_id":"5ad0bb87-f4fc-413c-adba-ef4b0b9402d1","actor_username":"a01198327@tec.mx","actor_via_sso":false,"log_type":"token"}	2025-05-20 05:01:50.192479+00	
00000000-0000-0000-0000-000000000000	1be1f05e-0dce-4d92-9cd1-234ac29c784b	{"action":"token_refreshed","actor_id":"36abc818-b3a6-440f-933a-79ff41fe5b67","actor_username":"a01722728@tec.mx","actor_via_sso":false,"log_type":"token"}	2025-05-20 05:20:22.997802+00	
00000000-0000-0000-0000-000000000000	ee1c4b6b-252c-4dc8-af59-323d5302e7e0	{"action":"token_revoked","actor_id":"36abc818-b3a6-440f-933a-79ff41fe5b67","actor_username":"a01722728@tec.mx","actor_via_sso":false,"log_type":"token"}	2025-05-20 05:20:23.005054+00	
00000000-0000-0000-0000-000000000000	df86a3ef-888b-476f-9e91-ed568d8ece20	{"action":"token_refreshed","actor_id":"386e63ba-dc8f-4af6-9447-44f7976a4a0c","actor_username":"rantonion2004@outlook.com","actor_via_sso":false,"log_type":"token"}	2025-05-20 05:43:46.903895+00	
00000000-0000-0000-0000-000000000000	549b9ff6-f112-441d-920b-17735745a374	{"action":"token_revoked","actor_id":"386e63ba-dc8f-4af6-9447-44f7976a4a0c","actor_username":"rantonion2004@outlook.com","actor_via_sso":false,"log_type":"token"}	2025-05-20 05:43:46.908968+00	
00000000-0000-0000-0000-000000000000	dbc2fbf7-4da4-4338-b331-0526af494a45	{"action":"token_refreshed","actor_id":"5ad0bb87-f4fc-413c-adba-ef4b0b9402d1","actor_username":"a01198327@tec.mx","actor_via_sso":false,"log_type":"token"}	2025-05-20 06:08:02.840563+00	
00000000-0000-0000-0000-000000000000	8739df25-3ffb-4a83-9f4d-11aa0395537a	{"action":"token_revoked","actor_id":"5ad0bb87-f4fc-413c-adba-ef4b0b9402d1","actor_username":"a01198327@tec.mx","actor_via_sso":false,"log_type":"token"}	2025-05-20 06:08:02.845807+00	
00000000-0000-0000-0000-000000000000	e9ff16e0-d022-4ae5-a486-f9fd9786b797	{"action":"token_refreshed","actor_id":"36abc818-b3a6-440f-933a-79ff41fe5b67","actor_username":"a01722728@tec.mx","actor_via_sso":false,"log_type":"token"}	2025-05-20 06:35:18.386506+00	
00000000-0000-0000-0000-000000000000	429c6001-b431-439a-bdfa-1a890d5b2de5	{"action":"token_revoked","actor_id":"36abc818-b3a6-440f-933a-79ff41fe5b67","actor_username":"a01722728@tec.mx","actor_via_sso":false,"log_type":"token"}	2025-05-20 06:35:18.388778+00	
00000000-0000-0000-0000-000000000000	bbde0b30-9bf0-44f9-8f8a-54aa83938390	{"action":"token_refreshed","actor_id":"5ad0bb87-f4fc-413c-adba-ef4b0b9402d1","actor_username":"a01198327@tec.mx","actor_via_sso":false,"log_type":"token"}	2025-05-20 07:21:18.282072+00	
00000000-0000-0000-0000-000000000000	c1d44898-1913-4623-8613-41e0fc8319ef	{"action":"token_revoked","actor_id":"5ad0bb87-f4fc-413c-adba-ef4b0b9402d1","actor_username":"a01198327@tec.mx","actor_via_sso":false,"log_type":"token"}	2025-05-20 07:21:18.29579+00	
00000000-0000-0000-0000-000000000000	9386f47b-20b9-40ca-93d4-52637b85a577	{"action":"token_refreshed","actor_id":"5ad0bb87-f4fc-413c-adba-ef4b0b9402d1","actor_username":"a01198327@tec.mx","actor_via_sso":false,"log_type":"token"}	2025-05-20 08:33:59.61715+00	
00000000-0000-0000-0000-000000000000	d5792521-bd89-46d7-9ba5-b24194d8ae47	{"action":"token_revoked","actor_id":"5ad0bb87-f4fc-413c-adba-ef4b0b9402d1","actor_username":"a01198327@tec.mx","actor_via_sso":false,"log_type":"token"}	2025-05-20 08:33:59.625349+00	
00000000-0000-0000-0000-000000000000	f9300824-8ad0-4356-9e86-d28a7aa203a2	{"action":"token_refreshed","actor_id":"36abc818-b3a6-440f-933a-79ff41fe5b67","actor_username":"a01722728@tec.mx","actor_via_sso":false,"log_type":"token"}	2025-05-20 16:29:16.362053+00	
00000000-0000-0000-0000-000000000000	207c467f-f559-4e2f-8213-47b8feec779c	{"action":"token_revoked","actor_id":"36abc818-b3a6-440f-933a-79ff41fe5b67","actor_username":"a01722728@tec.mx","actor_via_sso":false,"log_type":"token"}	2025-05-20 16:29:16.384665+00	
00000000-0000-0000-0000-000000000000	a90ba118-53c0-4998-b0bb-f1ef46b7cbc0	{"action":"token_refreshed","actor_id":"5ad0bb87-f4fc-413c-adba-ef4b0b9402d1","actor_username":"a01198327@tec.mx","actor_via_sso":false,"log_type":"token"}	2025-05-20 17:29:54.516981+00	
00000000-0000-0000-0000-000000000000	9a64b50f-d7d0-4782-9db3-bce7f13ae54c	{"action":"token_revoked","actor_id":"5ad0bb87-f4fc-413c-adba-ef4b0b9402d1","actor_username":"a01198327@tec.mx","actor_via_sso":false,"log_type":"token"}	2025-05-20 17:29:54.535999+00	
00000000-0000-0000-0000-000000000000	8850ad65-8fc1-4484-b3a9-df0f816ed2cc	{"action":"token_refreshed","actor_id":"36abc818-b3a6-440f-933a-79ff41fe5b67","actor_username":"a01722728@tec.mx","actor_via_sso":false,"log_type":"token"}	2025-05-20 17:48:31.795888+00	
00000000-0000-0000-0000-000000000000	a48a9e25-e179-4e18-898b-b190f0e015ae	{"action":"token_revoked","actor_id":"36abc818-b3a6-440f-933a-79ff41fe5b67","actor_username":"a01722728@tec.mx","actor_via_sso":false,"log_type":"token"}	2025-05-20 17:48:31.799553+00	
00000000-0000-0000-0000-000000000000	641a990a-d4d2-4131-8a03-db077c12d9c3	{"action":"token_refreshed","actor_id":"36abc818-b3a6-440f-933a-79ff41fe5b67","actor_username":"a01722728@tec.mx","actor_via_sso":false,"log_type":"token"}	2025-05-20 19:00:15.268491+00	
00000000-0000-0000-0000-000000000000	b971d322-28f9-4e80-b588-317ed5b32a2a	{"action":"token_revoked","actor_id":"36abc818-b3a6-440f-933a-79ff41fe5b67","actor_username":"a01722728@tec.mx","actor_via_sso":false,"log_type":"token"}	2025-05-20 19:00:15.278913+00	
00000000-0000-0000-0000-000000000000	ce8b38a1-2501-46d6-95b5-707664f36d32	{"action":"token_refreshed","actor_id":"5ad0bb87-f4fc-413c-adba-ef4b0b9402d1","actor_username":"a01198327@tec.mx","actor_via_sso":false,"log_type":"token"}	2025-05-20 19:03:02.780492+00	
00000000-0000-0000-0000-000000000000	2e720b71-e588-4137-b40f-27257e24263a	{"action":"token_revoked","actor_id":"5ad0bb87-f4fc-413c-adba-ef4b0b9402d1","actor_username":"a01198327@tec.mx","actor_via_sso":false,"log_type":"token"}	2025-05-20 19:03:02.784302+00	
00000000-0000-0000-0000-000000000000	e2d5aeee-867e-4f67-bb98-918a9f8e1439	{"action":"token_refreshed","actor_id":"5f096705-11c3-49b1-b42c-d7bd17a75439","actor_username":"a01741300@tec.mx","actor_via_sso":false,"log_type":"token"}	2025-05-20 19:25:43.1194+00	
00000000-0000-0000-0000-000000000000	ac5690e9-c1b3-45a0-8541-3bfe5c6e3792	{"action":"token_revoked","actor_id":"5f096705-11c3-49b1-b42c-d7bd17a75439","actor_username":"a01741300@tec.mx","actor_via_sso":false,"log_type":"token"}	2025-05-20 19:25:43.124228+00	
00000000-0000-0000-0000-000000000000	46b38367-12a1-4800-8926-a3bfe5319e47	{"action":"login","actor_id":"5f096705-11c3-49b1-b42c-d7bd17a75439","actor_username":"a01741300@tec.mx","actor_via_sso":false,"log_type":"account","traits":{"provider":"email"}}	2025-05-20 20:02:48.030285+00	
00000000-0000-0000-0000-000000000000	d85560ff-5105-4636-a454-9e34666d099a	{"action":"token_refreshed","actor_id":"36abc818-b3a6-440f-933a-79ff41fe5b67","actor_username":"a01722728@tec.mx","actor_via_sso":false,"log_type":"token"}	2025-05-20 20:03:16.771365+00	
00000000-0000-0000-0000-000000000000	a3cded46-07a7-4388-86d5-eae91e6eba7c	{"action":"token_revoked","actor_id":"36abc818-b3a6-440f-933a-79ff41fe5b67","actor_username":"a01722728@tec.mx","actor_via_sso":false,"log_type":"token"}	2025-05-20 20:03:16.773075+00	
00000000-0000-0000-0000-000000000000	50944915-3980-4963-8198-cb61d24f2302	{"action":"token_refreshed","actor_id":"36abc818-b3a6-440f-933a-79ff41fe5b67","actor_username":"a01722728@tec.mx","actor_via_sso":false,"log_type":"token"}	2025-05-20 20:07:16.806677+00	
00000000-0000-0000-0000-000000000000	ae77d3a0-80e9-4ef7-a65d-765dedc8f979	{"action":"token_revoked","actor_id":"36abc818-b3a6-440f-933a-79ff41fe5b67","actor_username":"a01722728@tec.mx","actor_via_sso":false,"log_type":"token"}	2025-05-20 20:07:16.809837+00	
00000000-0000-0000-0000-000000000000	61f02b87-45b4-4edc-87a1-39a51b2388f2	{"action":"login","actor_id":"36abc818-b3a6-440f-933a-79ff41fe5b67","actor_username":"a01722728@tec.mx","actor_via_sso":false,"log_type":"account","traits":{"provider":"email"}}	2025-05-20 20:07:17.888269+00	
00000000-0000-0000-0000-000000000000	8c5fa031-ecc5-4684-b0dc-8f4bc1b1f0f9	{"action":"login","actor_id":"36abc818-b3a6-440f-933a-79ff41fe5b67","actor_username":"a01722728@tec.mx","actor_via_sso":false,"log_type":"account","traits":{"provider":"email"}}	2025-05-20 20:07:19.439412+00	
00000000-0000-0000-0000-000000000000	e1cfedf9-16fe-4970-b431-0f54379cca63	{"action":"token_refreshed","actor_id":"5ad0bb87-f4fc-413c-adba-ef4b0b9402d1","actor_username":"a01198327@tec.mx","actor_via_sso":false,"log_type":"token"}	2025-05-20 20:10:41.105694+00	
00000000-0000-0000-0000-000000000000	9a972f0f-84e6-46dd-be36-ad7aa6a22efd	{"action":"token_revoked","actor_id":"5ad0bb87-f4fc-413c-adba-ef4b0b9402d1","actor_username":"a01198327@tec.mx","actor_via_sso":false,"log_type":"token"}	2025-05-20 20:10:41.108095+00	
00000000-0000-0000-0000-000000000000	7e816ed9-e2f1-44c1-a1cf-e560db1742f0	{"action":"token_refreshed","actor_id":"386e63ba-dc8f-4af6-9447-44f7976a4a0c","actor_username":"rantonion2004@outlook.com","actor_via_sso":false,"log_type":"token"}	2025-05-20 20:29:35.311095+00	
00000000-0000-0000-0000-000000000000	9154895e-af24-4f85-88e4-f7063dc8ce2e	{"action":"token_revoked","actor_id":"386e63ba-dc8f-4af6-9447-44f7976a4a0c","actor_username":"rantonion2004@outlook.com","actor_via_sso":false,"log_type":"token"}	2025-05-20 20:29:35.314851+00	
00000000-0000-0000-0000-000000000000	0fa77865-dbb3-45f6-9084-044080700297	{"action":"logout","actor_id":"386e63ba-dc8f-4af6-9447-44f7976a4a0c","actor_username":"rantonion2004@outlook.com","actor_via_sso":false,"log_type":"account"}	2025-05-20 20:30:00.053204+00	
00000000-0000-0000-0000-000000000000	1a40c1b7-ef9f-4e62-8567-061203e8cc36	{"action":"login","actor_id":"b5c684f0-24d7-436f-b752-71cd9e361c8f","actor_username":"a00836530@tec.mx","actor_via_sso":false,"log_type":"account","traits":{"provider":"email"}}	2025-05-20 20:30:07.946103+00	
00000000-0000-0000-0000-000000000000	f1df1b5b-effd-4691-b518-ea2006f579b9	{"action":"token_refreshed","actor_id":"5f096705-11c3-49b1-b42c-d7bd17a75439","actor_username":"a01741300@tec.mx","actor_via_sso":false,"log_type":"token"}	2025-05-20 21:01:14.949078+00	
00000000-0000-0000-0000-000000000000	36d526a6-a7fa-4c0a-957e-1547bb152553	{"action":"token_revoked","actor_id":"5f096705-11c3-49b1-b42c-d7bd17a75439","actor_username":"a01741300@tec.mx","actor_via_sso":false,"log_type":"token"}	2025-05-20 21:01:14.954163+00	
00000000-0000-0000-0000-000000000000	d6636e74-baac-4052-b38b-ad1e87f68d93	{"action":"token_refreshed","actor_id":"36abc818-b3a6-440f-933a-79ff41fe5b67","actor_username":"a01722728@tec.mx","actor_via_sso":false,"log_type":"token"}	2025-05-20 21:01:38.704338+00	
00000000-0000-0000-0000-000000000000	1df5ef19-d044-43d3-b25f-f4ad0ae2f427	{"action":"token_revoked","actor_id":"36abc818-b3a6-440f-933a-79ff41fe5b67","actor_username":"a01722728@tec.mx","actor_via_sso":false,"log_type":"token"}	2025-05-20 21:01:38.70628+00	
00000000-0000-0000-0000-000000000000	2eb7a6ef-4c0f-4283-9f69-7ab93d0e26d4	{"action":"token_refreshed","actor_id":"36abc818-b3a6-440f-933a-79ff41fe5b67","actor_username":"a01722728@tec.mx","actor_via_sso":false,"log_type":"token"}	2025-05-20 21:05:55.929273+00	
00000000-0000-0000-0000-000000000000	d9e2b523-1954-447a-a126-2b50e95dd267	{"action":"token_revoked","actor_id":"36abc818-b3a6-440f-933a-79ff41fe5b67","actor_username":"a01722728@tec.mx","actor_via_sso":false,"log_type":"token"}	2025-05-20 21:05:55.933113+00	
00000000-0000-0000-0000-000000000000	25331440-65d4-4ad3-ab9b-5f44d5244381	{"action":"token_refreshed","actor_id":"5ad0bb87-f4fc-413c-adba-ef4b0b9402d1","actor_username":"a01198327@tec.mx","actor_via_sso":false,"log_type":"token"}	2025-05-20 21:14:47.269814+00	
00000000-0000-0000-0000-000000000000	78da9500-ce46-41bd-9410-5eea34e98468	{"action":"token_revoked","actor_id":"5ad0bb87-f4fc-413c-adba-ef4b0b9402d1","actor_username":"a01198327@tec.mx","actor_via_sso":false,"log_type":"token"}	2025-05-20 21:14:47.272703+00	
00000000-0000-0000-0000-000000000000	315d1f4e-5a49-4dc4-9191-c011ca9c1a8f	{"action":"token_refreshed","actor_id":"54bb3bab-94a3-420a-99da-57717c1c075a","actor_username":"emirpuente31@gmail.com","actor_via_sso":false,"log_type":"token"}	2025-05-20 21:26:20.913803+00	
00000000-0000-0000-0000-000000000000	94067554-8c6f-4cc2-a310-c63733372936	{"action":"token_revoked","actor_id":"54bb3bab-94a3-420a-99da-57717c1c075a","actor_username":"emirpuente31@gmail.com","actor_via_sso":false,"log_type":"token"}	2025-05-20 21:26:20.917735+00	
00000000-0000-0000-0000-000000000000	f3230780-1f81-4f04-8ebb-7ac254ac0b01	{"action":"login","actor_id":"54bb3bab-94a3-420a-99da-57717c1c075a","actor_username":"emirpuente31@gmail.com","actor_via_sso":false,"log_type":"account","traits":{"provider":"email"}}	2025-05-20 21:26:25.424698+00	
00000000-0000-0000-0000-000000000000	6cd49c96-dbd8-4c22-9b7a-ddd67123688e	{"action":"logout","actor_id":"54bb3bab-94a3-420a-99da-57717c1c075a","actor_username":"emirpuente31@gmail.com","actor_via_sso":false,"log_type":"account"}	2025-05-20 21:28:50.518452+00	
00000000-0000-0000-0000-000000000000	28046945-bee3-4a1d-9512-2d7a5f4603dc	{"action":"login","actor_id":"5f096705-11c3-49b1-b42c-d7bd17a75439","actor_username":"a01741300@tec.mx","actor_via_sso":false,"log_type":"account","traits":{"provider":"email"}}	2025-05-20 21:29:12.232133+00	
00000000-0000-0000-0000-000000000000	98d69f42-26a9-4ba6-9a2e-098070ec5701	{"action":"token_refreshed","actor_id":"5f096705-11c3-49b1-b42c-d7bd17a75439","actor_username":"a01741300@tec.mx","actor_via_sso":false,"log_type":"token"}	2025-05-20 21:59:55.533691+00	
00000000-0000-0000-0000-000000000000	5e54758d-0100-46ac-ab68-14de05e0e67d	{"action":"token_revoked","actor_id":"5f096705-11c3-49b1-b42c-d7bd17a75439","actor_username":"a01741300@tec.mx","actor_via_sso":false,"log_type":"token"}	2025-05-20 21:59:55.542971+00	
00000000-0000-0000-0000-000000000000	814af0a8-f6ee-4499-8384-a9ee1a04c514	{"action":"token_refreshed","actor_id":"36abc818-b3a6-440f-933a-79ff41fe5b67","actor_username":"a01722728@tec.mx","actor_via_sso":false,"log_type":"token"}	2025-05-20 22:00:57.324944+00	
00000000-0000-0000-0000-000000000000	dfd140a0-f749-48e4-a3b8-74e6f6e8f682	{"action":"token_revoked","actor_id":"36abc818-b3a6-440f-933a-79ff41fe5b67","actor_username":"a01722728@tec.mx","actor_via_sso":false,"log_type":"token"}	2025-05-20 22:00:57.32806+00	
00000000-0000-0000-0000-000000000000	15c67ada-3f73-4d5e-aa14-eecb33167b86	{"action":"token_refreshed","actor_id":"5ad0bb87-f4fc-413c-adba-ef4b0b9402d1","actor_username":"a01198327@tec.mx","actor_via_sso":false,"log_type":"token"}	2025-05-20 22:15:14.741037+00	
00000000-0000-0000-0000-000000000000	a75b92bc-211c-4151-8334-6950463f3abf	{"action":"token_revoked","actor_id":"5ad0bb87-f4fc-413c-adba-ef4b0b9402d1","actor_username":"a01198327@tec.mx","actor_via_sso":false,"log_type":"token"}	2025-05-20 22:15:14.744282+00	
00000000-0000-0000-0000-000000000000	a82b2b24-55c3-403c-89e3-d9f5f1f1cc92	{"action":"token_refreshed","actor_id":"36abc818-b3a6-440f-933a-79ff41fe5b67","actor_username":"a01722728@tec.mx","actor_via_sso":false,"log_type":"token"}	2025-05-20 22:33:17.163402+00	
00000000-0000-0000-0000-000000000000	8240a6af-6e0a-4b50-9592-07ec3ddeda4d	{"action":"token_revoked","actor_id":"36abc818-b3a6-440f-933a-79ff41fe5b67","actor_username":"a01722728@tec.mx","actor_via_sso":false,"log_type":"token"}	2025-05-20 22:33:17.169369+00	
00000000-0000-0000-0000-000000000000	68fc9f6f-1506-4982-89dd-c91abb23e86a	{"action":"token_refreshed","actor_id":"5f096705-11c3-49b1-b42c-d7bd17a75439","actor_username":"a01741300@tec.mx","actor_via_sso":false,"log_type":"token"}	2025-05-20 22:45:37.447847+00	
00000000-0000-0000-0000-000000000000	a04e4af0-9f18-475a-8c75-41657755b05e	{"action":"token_revoked","actor_id":"5f096705-11c3-49b1-b42c-d7bd17a75439","actor_username":"a01741300@tec.mx","actor_via_sso":false,"log_type":"token"}	2025-05-20 22:45:37.452734+00	
00000000-0000-0000-0000-000000000000	6130ee37-a970-4090-b93a-fa35c6bb7398	{"action":"token_refreshed","actor_id":"5f096705-11c3-49b1-b42c-d7bd17a75439","actor_username":"a01741300@tec.mx","actor_via_sso":false,"log_type":"token"}	2025-05-20 22:58:04.125776+00	
00000000-0000-0000-0000-000000000000	65000b78-f8f1-49d6-8058-c4356828bd79	{"action":"token_revoked","actor_id":"5f096705-11c3-49b1-b42c-d7bd17a75439","actor_username":"a01741300@tec.mx","actor_via_sso":false,"log_type":"token"}	2025-05-20 22:58:04.129466+00	
00000000-0000-0000-0000-000000000000	9293e61e-f37d-4a43-a3a0-830a3d170c5c	{"action":"token_refreshed","actor_id":"36abc818-b3a6-440f-933a-79ff41fe5b67","actor_username":"a01722728@tec.mx","actor_via_sso":false,"log_type":"token"}	2025-05-20 22:59:39.244895+00	
00000000-0000-0000-0000-000000000000	dba55aea-e607-4389-a779-68ad0e8b7ba2	{"action":"token_revoked","actor_id":"36abc818-b3a6-440f-933a-79ff41fe5b67","actor_username":"a01722728@tec.mx","actor_via_sso":false,"log_type":"token"}	2025-05-20 22:59:39.245843+00	
00000000-0000-0000-0000-000000000000	d07d8804-e5bf-4ef4-bf10-f89c934b4eaf	{"action":"token_refreshed","actor_id":"5ad0bb87-f4fc-413c-adba-ef4b0b9402d1","actor_username":"a01198327@tec.mx","actor_via_sso":false,"log_type":"token"}	2025-05-20 23:21:20.047961+00	
00000000-0000-0000-0000-000000000000	b2b0b28c-e6f7-4295-b453-362254b592de	{"action":"token_revoked","actor_id":"5ad0bb87-f4fc-413c-adba-ef4b0b9402d1","actor_username":"a01198327@tec.mx","actor_via_sso":false,"log_type":"token"}	2025-05-20 23:21:20.054931+00	
00000000-0000-0000-0000-000000000000	8fa95e94-8238-4438-918a-06df1b39b7e4	{"action":"token_refreshed","actor_id":"36abc818-b3a6-440f-933a-79ff41fe5b67","actor_username":"a01722728@tec.mx","actor_via_sso":false,"log_type":"token"}	2025-05-20 23:33:10.7213+00	
00000000-0000-0000-0000-000000000000	3144c622-fac3-438a-ab7f-041f9bfbc702	{"action":"token_revoked","actor_id":"36abc818-b3a6-440f-933a-79ff41fe5b67","actor_username":"a01722728@tec.mx","actor_via_sso":false,"log_type":"token"}	2025-05-20 23:33:10.724378+00	
00000000-0000-0000-0000-000000000000	22590f01-558f-4871-8b54-43801306826e	{"action":"token_refreshed","actor_id":"b5c684f0-24d7-436f-b752-71cd9e361c8f","actor_username":"a00836530@tec.mx","actor_via_sso":false,"log_type":"token"}	2025-05-20 23:42:25.793511+00	
00000000-0000-0000-0000-000000000000	db74c709-87a6-4f56-bb2a-61ea0c57e17a	{"action":"token_revoked","actor_id":"b5c684f0-24d7-436f-b752-71cd9e361c8f","actor_username":"a00836530@tec.mx","actor_via_sso":false,"log_type":"token"}	2025-05-20 23:42:25.795729+00	
00000000-0000-0000-0000-000000000000	f5f79054-8508-4815-80fe-11fd29c1a64c	{"action":"token_refreshed","actor_id":"36abc818-b3a6-440f-933a-79ff41fe5b67","actor_username":"a01722728@tec.mx","actor_via_sso":false,"log_type":"token"}	2025-05-21 02:04:37.259449+00	
00000000-0000-0000-0000-000000000000	b42c952d-e112-44c6-a1f7-b43d0089fa11	{"action":"token_revoked","actor_id":"36abc818-b3a6-440f-933a-79ff41fe5b67","actor_username":"a01722728@tec.mx","actor_via_sso":false,"log_type":"token"}	2025-05-21 02:04:37.266171+00	
00000000-0000-0000-0000-000000000000	d402268d-58b3-4a10-b4c9-16047b2b30e7	{"action":"token_refreshed","actor_id":"5ad0bb87-f4fc-413c-adba-ef4b0b9402d1","actor_username":"a01198327@tec.mx","actor_via_sso":false,"log_type":"token"}	2025-05-21 02:53:07.725944+00	
00000000-0000-0000-0000-000000000000	c42a8d53-25b8-44a2-93c8-9277ab2bcc94	{"action":"token_revoked","actor_id":"5ad0bb87-f4fc-413c-adba-ef4b0b9402d1","actor_username":"a01198327@tec.mx","actor_via_sso":false,"log_type":"token"}	2025-05-21 02:53:07.732666+00	
00000000-0000-0000-0000-000000000000	e55fa0a1-75a4-48c9-a6ed-62041bd85efe	{"action":"token_refreshed","actor_id":"36abc818-b3a6-440f-933a-79ff41fe5b67","actor_username":"a01722728@tec.mx","actor_via_sso":false,"log_type":"token"}	2025-05-21 03:06:36.199209+00	
00000000-0000-0000-0000-000000000000	7d208ce0-3d3d-4f09-afaa-8084664733f6	{"action":"token_revoked","actor_id":"36abc818-b3a6-440f-933a-79ff41fe5b67","actor_username":"a01722728@tec.mx","actor_via_sso":false,"log_type":"token"}	2025-05-21 03:06:36.203479+00	
00000000-0000-0000-0000-000000000000	84568541-9f70-4ee6-8951-c351aca80bd1	{"action":"token_refreshed","actor_id":"5ad0bb87-f4fc-413c-adba-ef4b0b9402d1","actor_username":"a01198327@tec.mx","actor_via_sso":false,"log_type":"token"}	2025-05-21 03:52:56.718601+00	
00000000-0000-0000-0000-000000000000	7393cf1e-dacc-435a-b7c6-8e63c6d78a08	{"action":"token_revoked","actor_id":"5ad0bb87-f4fc-413c-adba-ef4b0b9402d1","actor_username":"a01198327@tec.mx","actor_via_sso":false,"log_type":"token"}	2025-05-21 03:52:56.720709+00	
00000000-0000-0000-0000-000000000000	0d8cd0a7-716d-4f17-bf55-a717ca5420c1	{"action":"token_refreshed","actor_id":"36abc818-b3a6-440f-933a-79ff41fe5b67","actor_username":"a01722728@tec.mx","actor_via_sso":false,"log_type":"token"}	2025-05-21 04:22:44.019577+00	
00000000-0000-0000-0000-000000000000	153a93a7-a354-495d-bdd0-768933db203f	{"action":"token_revoked","actor_id":"36abc818-b3a6-440f-933a-79ff41fe5b67","actor_username":"a01722728@tec.mx","actor_via_sso":false,"log_type":"token"}	2025-05-21 04:22:44.024653+00	
00000000-0000-0000-0000-000000000000	45b9093f-8724-4629-bbe2-a1d62ad0e68c	{"action":"token_refreshed","actor_id":"b5c684f0-24d7-436f-b752-71cd9e361c8f","actor_username":"a00836530@tec.mx","actor_via_sso":false,"log_type":"token"}	2025-05-21 04:49:54.933938+00	
00000000-0000-0000-0000-000000000000	bbff0234-8991-4fe8-8aa8-77c5ea13a659	{"action":"token_revoked","actor_id":"b5c684f0-24d7-436f-b752-71cd9e361c8f","actor_username":"a00836530@tec.mx","actor_via_sso":false,"log_type":"token"}	2025-05-21 04:49:54.937315+00	
00000000-0000-0000-0000-000000000000	8d72fb19-917a-4f04-8de1-6a193a2f5c04	{"action":"token_refreshed","actor_id":"5ad0bb87-f4fc-413c-adba-ef4b0b9402d1","actor_username":"a01198327@tec.mx","actor_via_sso":false,"log_type":"token"}	2025-05-21 04:57:27.423932+00	
00000000-0000-0000-0000-000000000000	66077fe1-6038-45d1-9c7e-700a5003fb09	{"action":"token_revoked","actor_id":"5ad0bb87-f4fc-413c-adba-ef4b0b9402d1","actor_username":"a01198327@tec.mx","actor_via_sso":false,"log_type":"token"}	2025-05-21 04:57:27.427458+00	
00000000-0000-0000-0000-000000000000	2d62391f-9af9-4e81-adb0-d7388ea0948c	{"action":"token_refreshed","actor_id":"36abc818-b3a6-440f-933a-79ff41fe5b67","actor_username":"a01722728@tec.mx","actor_via_sso":false,"log_type":"token"}	2025-05-21 05:24:50.158595+00	
00000000-0000-0000-0000-000000000000	8c23d2f4-edf4-4016-81ff-c4de78784c2e	{"action":"token_revoked","actor_id":"36abc818-b3a6-440f-933a-79ff41fe5b67","actor_username":"a01722728@tec.mx","actor_via_sso":false,"log_type":"token"}	2025-05-21 05:24:50.160501+00	
00000000-0000-0000-0000-000000000000	c12860dc-848f-435a-8fea-cbd42ee3f265	{"action":"token_refreshed","actor_id":"b5c684f0-24d7-436f-b752-71cd9e361c8f","actor_username":"a00836530@tec.mx","actor_via_sso":false,"log_type":"token"}	2025-05-21 05:47:53.320977+00	
00000000-0000-0000-0000-000000000000	95ad9209-f880-4480-aea4-60eeef66f67b	{"action":"token_revoked","actor_id":"b5c684f0-24d7-436f-b752-71cd9e361c8f","actor_username":"a00836530@tec.mx","actor_via_sso":false,"log_type":"token"}	2025-05-21 05:47:53.324033+00	
00000000-0000-0000-0000-000000000000	5d2be41c-31e8-4799-aa10-0b64f9b6ce4e	{"action":"token_refreshed","actor_id":"5ad0bb87-f4fc-413c-adba-ef4b0b9402d1","actor_username":"a01198327@tec.mx","actor_via_sso":false,"log_type":"token"}	2025-05-21 06:16:03.185959+00	
00000000-0000-0000-0000-000000000000	b2b95aaa-f396-461d-a5c0-708e9660de7a	{"action":"token_revoked","actor_id":"5ad0bb87-f4fc-413c-adba-ef4b0b9402d1","actor_username":"a01198327@tec.mx","actor_via_sso":false,"log_type":"token"}	2025-05-21 06:16:03.191106+00	
00000000-0000-0000-0000-000000000000	ac2cdb1e-d370-4117-9623-209cbd75f2ad	{"action":"token_refreshed","actor_id":"b5c684f0-24d7-436f-b752-71cd9e361c8f","actor_username":"a00836530@tec.mx","actor_via_sso":false,"log_type":"token"}	2025-05-21 06:45:53.271239+00	
00000000-0000-0000-0000-000000000000	02aa1e6d-5298-47bd-a1af-9a997c96ba79	{"action":"token_revoked","actor_id":"b5c684f0-24d7-436f-b752-71cd9e361c8f","actor_username":"a00836530@tec.mx","actor_via_sso":false,"log_type":"token"}	2025-05-21 06:45:53.276076+00	
00000000-0000-0000-0000-000000000000	0c1ed2fb-e7ca-4f77-9ec7-c5e5ab270e9d	{"action":"token_refreshed","actor_id":"36abc818-b3a6-440f-933a-79ff41fe5b67","actor_username":"a01722728@tec.mx","actor_via_sso":false,"log_type":"token"}	2025-05-21 06:48:33.58945+00	
00000000-0000-0000-0000-000000000000	820c0053-5f2b-403a-9c66-34d06f9c52d8	{"action":"token_revoked","actor_id":"36abc818-b3a6-440f-933a-79ff41fe5b67","actor_username":"a01722728@tec.mx","actor_via_sso":false,"log_type":"token"}	2025-05-21 06:48:33.592571+00	
00000000-0000-0000-0000-000000000000	f4b03114-fb45-4f37-a761-bb60f0ff1557	{"action":"token_refreshed","actor_id":"5ad0bb87-f4fc-413c-adba-ef4b0b9402d1","actor_username":"a01198327@tec.mx","actor_via_sso":false,"log_type":"token"}	2025-05-21 07:16:42.870603+00	
00000000-0000-0000-0000-000000000000	d9161d80-c05c-41ff-8a1d-aabd67a254e2	{"action":"token_revoked","actor_id":"5ad0bb87-f4fc-413c-adba-ef4b0b9402d1","actor_username":"a01198327@tec.mx","actor_via_sso":false,"log_type":"token"}	2025-05-21 07:16:42.874795+00	
00000000-0000-0000-0000-000000000000	cb1c9322-3b05-439e-acd3-618456f1ee7d	{"action":"token_refreshed","actor_id":"36abc818-b3a6-440f-933a-79ff41fe5b67","actor_username":"a01722728@tec.mx","actor_via_sso":false,"log_type":"token"}	2025-05-21 07:48:42.141881+00	
00000000-0000-0000-0000-000000000000	776a9851-12e3-469c-9b3a-3302efca45c3	{"action":"token_revoked","actor_id":"36abc818-b3a6-440f-933a-79ff41fe5b67","actor_username":"a01722728@tec.mx","actor_via_sso":false,"log_type":"token"}	2025-05-21 07:48:42.150037+00	
00000000-0000-0000-0000-000000000000	f9da8d41-c99c-4809-af8a-004e9a929ff9	{"action":"token_refreshed","actor_id":"5ad0bb87-f4fc-413c-adba-ef4b0b9402d1","actor_username":"a01198327@tec.mx","actor_via_sso":false,"log_type":"token"}	2025-05-21 08:16:50.959004+00	
00000000-0000-0000-0000-000000000000	cc23c451-0e92-41b1-afe3-7941e5f9be4b	{"action":"token_revoked","actor_id":"5ad0bb87-f4fc-413c-adba-ef4b0b9402d1","actor_username":"a01198327@tec.mx","actor_via_sso":false,"log_type":"token"}	2025-05-21 08:16:50.973941+00	
00000000-0000-0000-0000-000000000000	0042144d-de25-42e7-9a00-5e66d47c399c	{"action":"token_refreshed","actor_id":"36abc818-b3a6-440f-933a-79ff41fe5b67","actor_username":"a01722728@tec.mx","actor_via_sso":false,"log_type":"token"}	2025-05-21 08:25:47.419165+00	
00000000-0000-0000-0000-000000000000	34f6e2b3-10b0-4223-a710-a634838cc2d8	{"action":"token_revoked","actor_id":"36abc818-b3a6-440f-933a-79ff41fe5b67","actor_username":"a01722728@tec.mx","actor_via_sso":false,"log_type":"token"}	2025-05-21 08:25:47.423582+00	
00000000-0000-0000-0000-000000000000	95d2d8f1-a4fc-4de5-9f82-6474b0fe1b82	{"action":"login","actor_id":"36abc818-b3a6-440f-933a-79ff41fe5b67","actor_username":"a01722728@tec.mx","actor_via_sso":false,"log_type":"account","traits":{"provider":"email"}}	2025-05-21 08:25:51.950841+00	
00000000-0000-0000-0000-000000000000	3c4459bb-efe9-4224-85b6-9ce2f9aa1f2d	{"action":"token_refreshed","actor_id":"5ad0bb87-f4fc-413c-adba-ef4b0b9402d1","actor_username":"a01198327@tec.mx","actor_via_sso":false,"log_type":"token"}	2025-05-21 08:26:06.033861+00	
00000000-0000-0000-0000-000000000000	be617364-a817-48d7-9295-94776a665ba4	{"action":"token_revoked","actor_id":"5ad0bb87-f4fc-413c-adba-ef4b0b9402d1","actor_username":"a01198327@tec.mx","actor_via_sso":false,"log_type":"token"}	2025-05-21 08:26:06.037802+00	
00000000-0000-0000-0000-000000000000	57770e75-caf8-49dc-b023-5e66d45761ef	{"action":"login","actor_id":"5ad0bb87-f4fc-413c-adba-ef4b0b9402d1","actor_username":"a01198327@tec.mx","actor_via_sso":false,"log_type":"account","traits":{"provider":"email"}}	2025-05-21 08:26:14.827468+00	
00000000-0000-0000-0000-000000000000	e6c5a2ba-0fcb-4ff0-ac94-abf7b3cc1250	{"action":"token_refreshed","actor_id":"36abc818-b3a6-440f-933a-79ff41fe5b67","actor_username":"a01722728@tec.mx","actor_via_sso":false,"log_type":"token"}	2025-05-21 08:53:11.468751+00	
00000000-0000-0000-0000-000000000000	ef2a4e43-f38b-436f-9a27-fdf09e71e655	{"action":"token_revoked","actor_id":"36abc818-b3a6-440f-933a-79ff41fe5b67","actor_username":"a01722728@tec.mx","actor_via_sso":false,"log_type":"token"}	2025-05-21 08:53:11.471588+00	
00000000-0000-0000-0000-000000000000	f3a9805b-5fdf-4e1c-ab9c-5d3b66bb3dc1	{"action":"token_refreshed","actor_id":"b5c684f0-24d7-436f-b752-71cd9e361c8f","actor_username":"a00836530@tec.mx","actor_via_sso":false,"log_type":"token"}	2025-05-21 18:07:00.030596+00	
00000000-0000-0000-0000-000000000000	6bc89451-aa6c-468a-bd38-df2660157069	{"action":"token_revoked","actor_id":"b5c684f0-24d7-436f-b752-71cd9e361c8f","actor_username":"a00836530@tec.mx","actor_via_sso":false,"log_type":"token"}	2025-05-21 18:07:00.055785+00	
00000000-0000-0000-0000-000000000000	94dfd056-166f-469d-966c-e38de32693be	{"action":"token_refreshed","actor_id":"5f096705-11c3-49b1-b42c-d7bd17a75439","actor_username":"a01741300@tec.mx","actor_via_sso":false,"log_type":"token"}	2025-05-21 18:07:47.422169+00	
00000000-0000-0000-0000-000000000000	bcf21080-6804-4061-a791-1ef3792e1a1a	{"action":"token_revoked","actor_id":"5f096705-11c3-49b1-b42c-d7bd17a75439","actor_username":"a01741300@tec.mx","actor_via_sso":false,"log_type":"token"}	2025-05-21 18:07:47.424361+00	
00000000-0000-0000-0000-000000000000	d8f21615-3420-4613-9c7f-25bbba663cf8	{"action":"logout","actor_id":"b5c684f0-24d7-436f-b752-71cd9e361c8f","actor_username":"a00836530@tec.mx","actor_via_sso":false,"log_type":"account"}	2025-05-21 18:10:38.682482+00	
00000000-0000-0000-0000-000000000000	9e9b73cd-8048-448d-a907-d186f019d62c	{"action":"login","actor_id":"386e63ba-dc8f-4af6-9447-44f7976a4a0c","actor_username":"rantonion2004@outlook.com","actor_via_sso":false,"log_type":"account","traits":{"provider":"email"}}	2025-05-21 18:10:49.798701+00	
00000000-0000-0000-0000-000000000000	567e15d0-3ce3-4b6a-a51d-5ebbd3fbc7d6	{"action":"login","actor_id":"5f096705-11c3-49b1-b42c-d7bd17a75439","actor_username":"a01741300@tec.mx","actor_via_sso":false,"log_type":"account","traits":{"provider":"email"}}	2025-05-21 18:43:54.18346+00	
00000000-0000-0000-0000-000000000000	e8a3e056-0e2d-433b-ba4b-424d2b261c9c	{"action":"login","actor_id":"5f096705-11c3-49b1-b42c-d7bd17a75439","actor_username":"a01741300@tec.mx","actor_via_sso":false,"log_type":"account","traits":{"provider":"email"}}	2025-05-21 18:43:58.254345+00	
00000000-0000-0000-0000-000000000000	1117f8b0-98e8-439c-8781-6d0863987733	{"action":"token_refreshed","actor_id":"36abc818-b3a6-440f-933a-79ff41fe5b67","actor_username":"a01722728@tec.mx","actor_via_sso":false,"log_type":"token"}	2025-05-21 18:56:27.755666+00	
00000000-0000-0000-0000-000000000000	f50d0b2a-b753-40fb-be2c-ec4fcb0c2777	{"action":"token_revoked","actor_id":"36abc818-b3a6-440f-933a-79ff41fe5b67","actor_username":"a01722728@tec.mx","actor_via_sso":false,"log_type":"token"}	2025-05-21 18:56:27.75897+00	
00000000-0000-0000-0000-000000000000	bdd40af6-d20a-47e9-8794-fe5824755aef	{"action":"token_refreshed","actor_id":"386e63ba-dc8f-4af6-9447-44f7976a4a0c","actor_username":"rantonion2004@outlook.com","actor_via_sso":false,"log_type":"token"}	2025-05-21 19:09:01.099872+00	
00000000-0000-0000-0000-000000000000	92e04545-951d-4f1c-beb3-d4a3cbd3c79e	{"action":"token_revoked","actor_id":"386e63ba-dc8f-4af6-9447-44f7976a4a0c","actor_username":"rantonion2004@outlook.com","actor_via_sso":false,"log_type":"token"}	2025-05-21 19:09:01.103123+00	
00000000-0000-0000-0000-000000000000	999b07fd-4049-4d4c-9484-e700cf1248b8	{"action":"token_refreshed","actor_id":"36abc818-b3a6-440f-933a-79ff41fe5b67","actor_username":"a01722728@tec.mx","actor_via_sso":false,"log_type":"token"}	2025-05-21 19:59:29.80176+00	
00000000-0000-0000-0000-000000000000	0ecd3e74-77ff-4187-9448-5b70d1f95657	{"action":"token_revoked","actor_id":"36abc818-b3a6-440f-933a-79ff41fe5b67","actor_username":"a01722728@tec.mx","actor_via_sso":false,"log_type":"token"}	2025-05-21 19:59:29.804889+00	
\.


--
-- Data for Name: flow_state; Type: TABLE DATA; Schema: auth; Owner: supabase_auth_admin
--

COPY "auth"."flow_state" ("id", "user_id", "auth_code", "code_challenge_method", "code_challenge", "provider_type", "provider_access_token", "provider_refresh_token", "created_at", "updated_at", "authentication_method", "auth_code_issued_at") FROM stdin;
\.


--
-- Data for Name: users; Type: TABLE DATA; Schema: auth; Owner: supabase_auth_admin
--

COPY "auth"."users" ("instance_id", "id", "aud", "role", "email", "encrypted_password", "email_confirmed_at", "invited_at", "confirmation_token", "confirmation_sent_at", "recovery_token", "recovery_sent_at", "email_change_token_new", "email_change", "email_change_sent_at", "last_sign_in_at", "raw_app_meta_data", "raw_user_meta_data", "is_super_admin", "created_at", "updated_at", "phone", "phone_confirmed_at", "phone_change", "phone_change_token", "phone_change_sent_at", "email_change_token_current", "email_change_confirm_status", "banned_until", "reauthentication_token", "reauthentication_sent_at", "is_sso_user", "deleted_at", "is_anonymous") FROM stdin;
00000000-0000-0000-0000-000000000000	386e63ba-dc8f-4af6-9447-44f7976a4a0c	authenticated	authenticated	rantonion2004@outlook.com	$2a$10$byiaH6lkQcFmADcXhS1GguYlepFrWKGQCLS6.9E02pWJES6S8pwO6	2025-05-13 21:07:21.650898+00	\N		\N		2025-05-13 21:14:04.888808+00			\N	2025-05-21 18:10:49.80189+00	{"provider": "email", "providers": ["email"]}	{"sub": "386e63ba-dc8f-4af6-9447-44f7976a4a0c", "name": "Pancho", "role": "employee", "email": "rantonion2004@outlook.com", "email_verified": true, "phone_verified": false}	\N	2025-05-13 21:07:21.637344+00	2025-05-21 19:09:01.114088+00	\N	\N			\N		0	\N		\N	f	\N	f
00000000-0000-0000-0000-000000000000	b5c684f0-24d7-436f-b752-71cd9e361c8f	authenticated	authenticated	a00836530@tec.mx	$2a$10$IwbJ.1g0IghP77boZCh9aekgc0uhTMhxsbm.1GaIwJtWu9HF0ukaC	2025-05-13 21:04:34.712327+00	\N		\N		\N			\N	2025-05-20 20:30:07.948708+00	{"provider": "email", "providers": ["email"]}	{"sub": "b5c684f0-24d7-436f-b752-71cd9e361c8f", "name": "Ramn Antonio Naranjo Sarmiento", "role": "employee", "email": "a00836530@tec.mx", "email_verified": true, "phone_verified": false}	\N	2025-05-13 21:04:34.668475+00	2025-05-21 18:07:00.089686+00	\N	\N			\N		0	\N		\N	f	\N	f
00000000-0000-0000-0000-000000000000	3912d459-b96e-4150-9a2a-fb9135ebc374	authenticated	authenticated	jose@gmail.com	$2a$10$Su9b0KFAIjFbPVqxuJc1MeFTCaAxjPLMYTUZOMLwZVVkyxjQ7b9a6	2025-04-25 21:31:52.222825+00	\N		\N		\N			\N	2025-04-28 22:35:45.159374+00	{"provider": "email", "providers": ["email"]}	{"sub": "3912d459-b96e-4150-9a2a-fb9135ebc374", "name": "Jose", "role": "employee", "email": "jose@gmail.com", "email_verified": true, "phone_verified": false}	\N	2025-04-25 21:31:52.206193+00	2025-05-02 21:39:53.81215+00	\N	\N			\N		0	\N		\N	f	\N	f
00000000-0000-0000-0000-000000000000	36abc818-b3a6-440f-933a-79ff41fe5b67	authenticated	authenticated	a01722728@tec.mx	$2a$10$5K/odDwK9GopcT3HEMMJJuKobGM0rnAcC/vvgwCYP8UajOWsAjQVG	2025-04-25 20:53:07.523904+00	\N		\N		\N			\N	2025-05-21 08:25:51.958618+00	{"provider": "email", "providers": ["email"]}	{"sub": "36abc818-b3a6-440f-933a-79ff41fe5b67", "name": "David", "role": "employee", "email": "a01722728@tec.mx", "email_verified": true, "phone_verified": false}	\N	2025-04-25 20:53:07.512718+00	2025-05-21 19:59:29.812428+00	\N	\N			\N		0	\N		\N	f	\N	f
00000000-0000-0000-0000-000000000000	fc1276e7-efc6-4ec5-b2cd-bfab2005930e	authenticated	authenticated	yolanda@gmail.com	$2a$10$4WMbSk8TuL5hDHP0/l0SFu4Ciq0fLOL0k1k/syMHDTAKZzw9jOfae	2025-04-29 22:01:27.153296+00	\N		\N		\N			\N	2025-04-29 22:05:27.270888+00	{"provider": "email", "providers": ["email"]}	{"sub": "fc1276e7-efc6-4ec5-b2cd-bfab2005930e", "name": "Yolanda", "role": "employee", "email": "yolanda@gmail.com", "email_verified": true, "phone_verified": false}	\N	2025-04-29 22:01:27.119897+00	2025-05-16 22:07:12.610825+00	\N	\N			\N		0	\N		\N	f	\N	f
00000000-0000-0000-0000-000000000000	86315508-992d-4200-a53d-3a2a99f47329	authenticated	authenticated	jorgebcarriles@gmail.com	$2a$10$5ipZpnt5akunghGtnBuMP.bf7Fv9AqWkdGDSkPwSDeIbGZ3CarEUa	2025-05-15 16:12:55.211954+00	\N		\N		2025-05-15 16:13:19.002788+00			\N	2025-05-15 16:13:39.385793+00	{"provider": "email", "providers": ["email"]}	{"sub": "86315508-992d-4200-a53d-3a2a99f47329", "name": "Ricardo", "role": "employee", "email": "jorgebcarriles@gmail.com", "email_verified": true, "phone_verified": false}	\N	2025-05-15 16:12:55.19837+00	2025-05-15 16:13:39.387896+00	\N	\N			\N		0	\N		\N	f	\N	f
00000000-0000-0000-0000-000000000000	5ad0bb87-f4fc-413c-adba-ef4b0b9402d1	authenticated	authenticated	a01198327@tec.mx	$2a$10$ueSBFtwb9q3qHGb/TJwm/eGMSm6w1n/FFpodX.nhj9AdZkO9vabIi	2025-04-25 20:16:55.202133+00	\N		\N		\N			\N	2025-05-21 08:26:14.829356+00	{"provider": "email", "providers": ["email"]}	{"sub": "5ad0bb87-f4fc-413c-adba-ef4b0b9402d1", "name": "Isaac Francisco Snchez Veloquio", "role": "employee", "email": "a01198327@tec.mx", "email_verified": true, "phone_verified": false}	\N	2025-04-25 20:16:55.172692+00	2025-05-21 08:26:14.833684+00	\N	\N			\N		0	\N		\N	f	\N	f
00000000-0000-0000-0000-000000000000	7b23b8a4-8f26-40a9-86c0-c591b423ea6a	authenticated	authenticated	a01198676@tec.mx	$2a$10$mPLtUg5XxGz50BwDIVi08uxNbc3.FzhmLBb/oFnWs5EtOMbUl6L12	2025-05-15 16:05:38.264036+00	\N		\N		\N			\N	2025-05-18 14:02:19.350306+00	{"provider": "email", "providers": ["email"]}	{"sub": "7b23b8a4-8f26-40a9-86c0-c591b423ea6a", "name": "Jorge Beyanzo", "role": "employee", "email": "a01198676@tec.mx", "email_verified": true, "phone_verified": false}	\N	2025-05-15 16:05:38.246257+00	2025-05-18 14:02:19.354589+00	\N	\N			\N		0	\N		\N	f	\N	f
00000000-0000-0000-0000-000000000000	54bb3bab-94a3-420a-99da-57717c1c075a	authenticated	authenticated	emirpuente31@gmail.com	$2a$10$PzOl9jD1EN9CtFZT45Io/OZOI2Cm54gf55dAeR.fT4QFn/ZnOxkee	2025-05-16 22:01:19.685203+00	\N		\N		\N			\N	2025-05-20 21:26:25.432779+00	{"provider": "email", "providers": ["email"]}	{"sub": "54bb3bab-94a3-420a-99da-57717c1c075a", "name": "Alfredo Emir Puente Medrano", "role": "employee", "email": "emirpuente31@gmail.com", "email_verified": true, "phone_verified": false}	\N	2025-05-16 22:01:19.660294+00	2025-05-20 21:26:25.444743+00	\N	\N			\N		0	\N		\N	f	\N	f
00000000-0000-0000-0000-000000000000	5f096705-11c3-49b1-b42c-d7bd17a75439	authenticated	authenticated	a01741300@tec.mx	$2a$10$m.4NE4AbrUfdj2u8qVPON.NRLet7oUH8USUY3JZVkQsNHBvbJPGvK	2025-04-25 18:07:22.173589+00	\N		\N		\N			\N	2025-05-21 18:43:58.255509+00	{"provider": "email", "providers": ["email"]}	{"sub": "5f096705-11c3-49b1-b42c-d7bd17a75439", "name": "Sergio Ricardo Tellez Loaiza", "role": "employee", "email": "a01741300@tec.mx", "email_verified": true, "phone_verified": false}	\N	2025-04-25 18:07:22.161449+00	2025-05-21 18:43:58.258303+00	\N	\N			\N		0	\N		\N	f	\N	f
\.


--
-- Data for Name: identities; Type: TABLE DATA; Schema: auth; Owner: supabase_auth_admin
--

COPY "auth"."identities" ("provider_id", "user_id", "identity_data", "provider", "last_sign_in_at", "created_at", "updated_at", "id") FROM stdin;
36abc818-b3a6-440f-933a-79ff41fe5b67	36abc818-b3a6-440f-933a-79ff41fe5b67	{"sub": "36abc818-b3a6-440f-933a-79ff41fe5b67", "name": "David", "role": "employee", "email": "a01722728@tec.mx", "email_verified": false, "phone_verified": false}	email	2025-04-25 20:53:07.518554+00	2025-04-25 20:53:07.518619+00	2025-04-25 20:53:07.518619+00	301621da-20f8-4b30-859f-6a20c96cd501
fc1276e7-efc6-4ec5-b2cd-bfab2005930e	fc1276e7-efc6-4ec5-b2cd-bfab2005930e	{"sub": "fc1276e7-efc6-4ec5-b2cd-bfab2005930e", "name": "Yolanda", "role": "employee", "email": "yolanda@gmail.com", "email_verified": false, "phone_verified": false}	email	2025-04-29 22:01:27.137616+00	2025-04-29 22:01:27.142545+00	2025-04-29 22:01:27.142545+00	602f7f2d-e46a-48cf-a67e-4c4f2aa256cc
386e63ba-dc8f-4af6-9447-44f7976a4a0c	386e63ba-dc8f-4af6-9447-44f7976a4a0c	{"sub": "386e63ba-dc8f-4af6-9447-44f7976a4a0c", "name": "Pancho", "role": "employee", "email": "rantonion2004@outlook.com", "email_verified": false, "phone_verified": false}	email	2025-05-13 21:07:21.644374+00	2025-05-13 21:07:21.644425+00	2025-05-13 21:07:21.644425+00	f47248ec-025b-486f-8143-3ce4e3f2b3fa
7b23b8a4-8f26-40a9-86c0-c591b423ea6a	7b23b8a4-8f26-40a9-86c0-c591b423ea6a	{"sub": "7b23b8a4-8f26-40a9-86c0-c591b423ea6a", "name": "Jorge Beyanzo", "role": "employee", "email": "a01198676@tec.mx", "email_verified": false, "phone_verified": false}	email	2025-05-15 16:05:38.256508+00	2025-05-15 16:05:38.256566+00	2025-05-15 16:05:38.256566+00	990ad43b-f1e9-45ba-a956-ac9f4972ac88
54bb3bab-94a3-420a-99da-57717c1c075a	54bb3bab-94a3-420a-99da-57717c1c075a	{"sub": "54bb3bab-94a3-420a-99da-57717c1c075a", "name": "Alfredo Emir Puente Medrano", "role": "employee", "email": "emirpuente31@gmail.com", "email_verified": false, "phone_verified": false}	email	2025-05-16 22:01:19.676576+00	2025-05-16 22:01:19.676628+00	2025-05-16 22:01:19.676628+00	8736db8d-a85d-4ecc-b32b-a4f13c01605f
3912d459-b96e-4150-9a2a-fb9135ebc374	3912d459-b96e-4150-9a2a-fb9135ebc374	{"sub": "3912d459-b96e-4150-9a2a-fb9135ebc374", "name": "Jose", "role": "employee", "email": "jose@gmail.com", "email_verified": false, "phone_verified": false}	email	2025-04-25 21:31:52.215625+00	2025-04-25 21:31:52.215675+00	2025-04-25 21:31:52.215675+00	28e7f8e2-8d3c-44bd-83a9-699c4cf6db79
b5c684f0-24d7-436f-b752-71cd9e361c8f	b5c684f0-24d7-436f-b752-71cd9e361c8f	{"sub": "b5c684f0-24d7-436f-b752-71cd9e361c8f", "name": "Ramn Antonio Naranjo Sarmiento", "role": "employee", "email": "a00836530@tec.mx", "email_verified": false, "phone_verified": false}	email	2025-05-13 21:04:34.688839+00	2025-05-13 21:04:34.688888+00	2025-05-13 21:04:34.688888+00	34a7b09b-9bbc-4cf7-9fbf-2709a0fffa2e
86315508-992d-4200-a53d-3a2a99f47329	86315508-992d-4200-a53d-3a2a99f47329	{"sub": "86315508-992d-4200-a53d-3a2a99f47329", "name": "Ricardo", "role": "employee", "email": "jorgebcarriles@gmail.com", "email_verified": false, "phone_verified": false}	email	2025-05-15 16:12:55.205751+00	2025-05-15 16:12:55.205801+00	2025-05-15 16:12:55.205801+00	af7da728-bb81-47a9-b77a-d8ba7b350602
5f096705-11c3-49b1-b42c-d7bd17a75439	5f096705-11c3-49b1-b42c-d7bd17a75439	{"sub": "5f096705-11c3-49b1-b42c-d7bd17a75439", "name": "Sergio Ricardo Tellez Loaiza", "role": "employee", "email": "a01741300@tec.mx", "email_verified": false, "phone_verified": false}	email	2025-04-25 18:07:22.16918+00	2025-04-25 18:07:22.169228+00	2025-04-25 18:07:22.169228+00	e316eb14-bcf8-4de2-a77c-7d13a0b7bab4
5ad0bb87-f4fc-413c-adba-ef4b0b9402d1	5ad0bb87-f4fc-413c-adba-ef4b0b9402d1	{"sub": "5ad0bb87-f4fc-413c-adba-ef4b0b9402d1", "name": "Isaac Francisco Snchez Veloquio", "role": "employee", "email": "a01198327@tec.mx", "email_verified": false, "phone_verified": false}	email	2025-04-25 20:16:55.191896+00	2025-04-25 20:16:55.191961+00	2025-04-25 20:16:55.191961+00	9d5480e7-0bce-4e58-8231-618a2148f0d6
\.


--
-- Data for Name: instances; Type: TABLE DATA; Schema: auth; Owner: supabase_auth_admin
--

COPY "auth"."instances" ("id", "uuid", "raw_base_config", "created_at", "updated_at") FROM stdin;
\.


--
-- Data for Name: sessions; Type: TABLE DATA; Schema: auth; Owner: supabase_auth_admin
--

COPY "auth"."sessions" ("id", "user_id", "created_at", "updated_at", "factor_id", "aal", "not_after", "refreshed_at", "user_agent", "ip", "tag") FROM stdin;
38b585e9-9268-42d3-a0ac-88a035a8d5b7	86315508-992d-4200-a53d-3a2a99f47329	2025-05-15 16:12:55.215747+00	2025-05-15 16:12:55.215747+00	\N	aal1	\N	\N	Mozilla/5.0 (Windows NT 10.0; Win64; x64) AppleWebKit/537.36 (KHTML, like Gecko) Chrome/134.0.0.0 Safari/537.36	187.209.144.77	\N
4d6029a6-9e04-4b70-b168-79d77c684559	86315508-992d-4200-a53d-3a2a99f47329	2025-05-15 16:13:39.385863+00	2025-05-15 16:13:39.385863+00	\N	aal1	\N	\N	Mozilla/5.0 (iPhone; CPU iPhone OS 17_6_1 like Mac OS X) AppleWebKit/605.1.15 (KHTML, like Gecko) Version/17.6 Mobile/15E148 Safari/604.1	187.161.118.143	\N
4ec60657-5f2c-4759-a834-509a35f140f6	7b23b8a4-8f26-40a9-86c0-c591b423ea6a	2025-05-15 16:14:29.404177+00	2025-05-15 16:14:29.404177+00	\N	aal1	\N	\N	Mozilla/5.0 (Windows NT 10.0; Win64; x64) AppleWebKit/537.36 (KHTML, like Gecko) Chrome/136.0.0.0 Safari/537.36 Edg/136.0.0.0	187.209.144.77	\N
5e56a3d1-46ad-4dcc-b69b-032d6cdff6b7	36abc818-b3a6-440f-933a-79ff41fe5b67	2025-05-14 18:47:16.689185+00	2025-05-14 18:47:17.727249+00	\N	aal1	\N	2025-05-14 18:47:17.72718	Mozilla/5.0 (Windows NT 10.0; Win64; x64) AppleWebKit/537.36 (KHTML, like Gecko) Chrome/136.0.0.0 Safari/537.36 Edg/136.0.0.0	187.190.133.14	\N
74bb63a0-f214-43ec-989e-c74f0d5b7b8a	36abc818-b3a6-440f-933a-79ff41fe5b67	2025-05-14 18:47:24.269264+00	2025-05-14 18:47:24.474765+00	\N	aal1	\N	2025-05-14 18:47:24.474698	Mozilla/5.0 (Windows NT 10.0; Win64; x64) AppleWebKit/537.36 (KHTML, like Gecko) Chrome/136.0.0.0 Safari/537.36 Edg/136.0.0.0	187.190.133.14	\N
08849832-5eee-4a28-af08-7477e7cfc851	36abc818-b3a6-440f-933a-79ff41fe5b67	2025-05-14 18:48:09.100477+00	2025-05-14 18:48:14.236236+00	\N	aal1	\N	2025-05-14 18:48:14.23617	Mozilla/5.0 (Windows NT 10.0; Win64; x64) AppleWebKit/537.36 (KHTML, like Gecko) Chrome/136.0.0.0 Safari/537.36 Edg/136.0.0.0	187.190.133.14	\N
3bc105e2-76af-4559-80eb-f6efb8cb99c7	5ad0bb87-f4fc-413c-adba-ef4b0b9402d1	2025-05-16 22:53:52.699217+00	2025-05-21 08:16:51.009961+00	\N	aal1	\N	2025-05-21 08:16:51.009868	Mozilla/5.0 (Windows NT 10.0; Win64; x64) AppleWebKit/537.36 (KHTML, like Gecko) Chrome/136.0.0.0 Safari/537.36	187.161.118.27	\N
79725ac6-0ca2-4144-98be-af92c5b780df	5f096705-11c3-49b1-b42c-d7bd17a75439	2025-05-21 18:43:54.186532+00	2025-05-21 18:43:54.186532+00	\N	aal1	\N	\N	Mozilla/5.0 (Windows NT 10.0; Win64; x64) AppleWebKit/537.36 (KHTML, like Gecko) Chrome/136.0.0.0 Safari/537.36	187.190.180.172	\N
15b163ef-87e3-40ae-973c-fc2625f48999	36abc818-b3a6-440f-933a-79ff41fe5b67	2025-05-14 18:47:33.470069+00	2025-05-14 18:47:33.881698+00	\N	aal1	\N	2025-05-14 18:47:33.881589	Mozilla/5.0 (Windows NT 10.0; Win64; x64) AppleWebKit/537.36 (KHTML, like Gecko) Chrome/136.0.0.0 Safari/537.36 Edg/136.0.0.0	187.190.133.14	\N
1e8e9eba-defd-43b5-9985-8f5cad50dd67	36abc818-b3a6-440f-933a-79ff41fe5b67	2025-05-18 13:18:01.572368+00	2025-05-18 13:18:01.572368+00	\N	aal1	\N	\N	Mozilla/5.0 (Windows NT 10.0; Win64; x64) AppleWebKit/537.36 (KHTML, like Gecko) Chrome/134.0.0.0 Safari/537.36	187.209.144.77	\N
851ff9fd-c7c1-41d0-ab53-677a34b2d691	7b23b8a4-8f26-40a9-86c0-c591b423ea6a	2025-05-15 16:15:04.632374+00	2025-05-16 23:04:22.946081+00	\N	aal1	\N	2025-05-16 23:04:22.945967	Mozilla/5.0 (Windows NT 10.0; Win64; x64) AppleWebKit/537.36 (KHTML, like Gecko) Chrome/134.0.0.0 Safari/537.36	131.178.102.136	\N
e2e1cb75-20f0-4f86-a35e-5a836e36d070	5f096705-11c3-49b1-b42c-d7bd17a75439	2025-05-21 18:43:58.255599+00	2025-05-21 18:43:58.255599+00	\N	aal1	\N	\N	Mozilla/5.0 (Windows NT 10.0; Win64; x64) AppleWebKit/537.36 (KHTML, like Gecko) Chrome/136.0.0.0 Safari/537.36	187.190.180.172	\N
ffe42c77-5222-4a0e-9793-2cfc1fac8b99	36abc818-b3a6-440f-933a-79ff41fe5b67	2025-05-18 03:20:43.092587+00	2025-05-18 23:17:22.964842+00	\N	aal1	\N	2025-05-18 23:17:22.96477	Mozilla/5.0 (Windows NT 10.0; Win64; x64) AppleWebKit/537.36 (KHTML, like Gecko) Chrome/136.0.0.0 Safari/537.36 Edg/136.0.0.0	187.189.41.14	\N
1c926623-c199-4fab-8070-90492612975e	36abc818-b3a6-440f-933a-79ff41fe5b67	2025-05-18 14:05:18.503368+00	2025-05-21 19:59:29.814146+00	\N	aal1	\N	2025-05-21 19:59:29.814076	Mozilla/5.0 (Windows NT 10.0; Win64; x64) AppleWebKit/537.36 (KHTML, like Gecko) Chrome/134.0.0.0 Safari/537.36	187.209.144.77	\N
b027a2cf-e954-4119-873e-bf929aca3d75	36abc818-b3a6-440f-933a-79ff41fe5b67	2025-05-14 18:48:43.61374+00	2025-05-14 18:48:47.287297+00	\N	aal1	\N	2025-05-14 18:48:47.287215	Mozilla/5.0 (Windows NT 10.0; Win64; x64; rv:138.0) Gecko/20100101 Firefox/138.0	187.190.133.14	\N
211c5520-7305-46db-8985-6910f50f4c44	5f096705-11c3-49b1-b42c-d7bd17a75439	2025-05-19 06:15:23.723958+00	2025-05-20 19:25:43.13763+00	\N	aal1	\N	2025-05-20 19:25:43.137093	Mozilla/5.0 (Windows NT 10.0; Win64; x64) AppleWebKit/537.36 (KHTML, like Gecko) Chrome/136.0.0.0 Safari/537.36	131.178.102.220	\N
2dda1cc3-c3c9-47bc-9005-f73647f84331	36abc818-b3a6-440f-933a-79ff41fe5b67	2025-05-14 18:50:18.867714+00	2025-05-14 18:50:26.571198+00	\N	aal1	\N	2025-05-14 18:50:26.571126	Mozilla/5.0 (Windows NT 10.0; Win64; x64) AppleWebKit/537.36 (KHTML, like Gecko) Chrome/136.0.0.0 Safari/537.36 Edg/136.0.0.0	187.190.133.14	\N
fcab9cbe-2679-4174-a5db-f397e680533c	5f096705-11c3-49b1-b42c-d7bd17a75439	2025-05-20 21:29:12.233006+00	2025-05-20 22:45:37.464296+00	\N	aal1	\N	2025-05-20 22:45:37.463795	Mozilla/5.0 (Linux; Android 6.0; Nexus 5 Build/MRA58N) AppleWebKit/537.36 (KHTML, like Gecko) Chrome/133.0.0.0 Mobile Safari/537.36	131.178.102.160	\N
23002a0d-ebc1-4fee-9f6a-892146fb4e72	5ad0bb87-f4fc-413c-adba-ef4b0b9402d1	2025-05-16 23:40:32.352638+00	2025-05-21 08:26:06.053694+00	\N	aal1	\N	2025-05-21 08:26:06.05361	Mozilla/5.0 (Windows NT 10.0; Win64; x64) AppleWebKit/537.36 (KHTML, like Gecko) Chrome/136.0.0.0 Safari/537.36	187.161.118.27	\N
bfd59fca-362e-4e20-84f3-973ba1b0201e	3912d459-b96e-4150-9a2a-fb9135ebc374	2025-04-28 22:35:45.159456+00	2025-04-29 20:45:55.77718+00	\N	aal1	\N	2025-04-29 20:45:55.777094	Mozilla/5.0 (Windows NT 10.0; Win64; x64) AppleWebKit/537.36 (KHTML, like Gecko) Chrome/135.0.0.0 Safari/537.36	131.178.102.204	\N
5c133d3a-4232-489a-811b-aff07f5a03ba	5f096705-11c3-49b1-b42c-d7bd17a75439	2025-05-20 20:02:48.045741+00	2025-05-21 18:07:47.432941+00	\N	aal1	\N	2025-05-21 18:07:47.432834	Mozilla/5.0 (Windows NT 10.0; Win64; x64) AppleWebKit/537.36 (KHTML, like Gecko) Chrome/136.0.0.0 Safari/537.36	187.190.180.172	\N
ebc797ba-dabd-420a-89f5-b05e6a7e9e3e	36abc818-b3a6-440f-933a-79ff41fe5b67	2025-05-16 21:33:42.215703+00	2025-05-18 01:07:43.557861+00	\N	aal1	\N	2025-05-18 01:07:43.557771	Mozilla/5.0 (Windows NT 10.0; Win64; x64) AppleWebKit/537.36 (KHTML, like Gecko) Chrome/136.0.0.0 Safari/537.36 Edg/136.0.0.0	189.203.148.138	\N
6e9e8735-0c14-45f5-92ed-c1bb97218c6c	7b23b8a4-8f26-40a9-86c0-c591b423ea6a	2025-05-18 13:19:34.208968+00	2025-05-18 13:19:34.208968+00	\N	aal1	\N	\N	Mozilla/5.0 (Windows NT 10.0; Win64; x64) AppleWebKit/537.36 (KHTML, like Gecko) Chrome/134.0.0.0 Safari/537.36	187.209.144.77	\N
661b26a7-f968-443f-8d8f-adf6c5e6b07c	36abc818-b3a6-440f-933a-79ff41fe5b67	2025-05-18 23:17:26.401358+00	2025-05-18 23:17:26.401358+00	\N	aal1	\N	\N	Mozilla/5.0 (Windows NT 10.0; Win64; x64) AppleWebKit/537.36 (KHTML, like Gecko) Chrome/136.0.0.0 Safari/537.36 Edg/136.0.0.0	187.189.41.14	\N
c7341647-6eb9-4457-a67e-719c8786c53e	36abc818-b3a6-440f-933a-79ff41fe5b67	2025-05-19 19:35:21.80259+00	2025-05-19 19:35:21.80259+00	\N	aal1	\N	\N	Mozilla/5.0 (Windows NT 10.0; Win64; x64) AppleWebKit/537.36 (KHTML, like Gecko) Chrome/136.0.0.0 Safari/537.36 Edg/136.0.0.0	131.178.102.212	\N
872178f2-e3cc-452d-9ff2-085c036d5411	36abc818-b3a6-440f-933a-79ff41fe5b67	2025-05-20 20:07:17.890094+00	2025-05-20 20:07:17.890094+00	\N	aal1	\N	\N	Mozilla/5.0 (Windows NT 10.0; Win64; x64) AppleWebKit/537.36 (KHTML, like Gecko) Chrome/136.0.0.0 Safari/537.36 Edg/136.0.0.0	131.178.102.216	\N
5190ee94-aebd-4c95-b127-bd9175b424e0	7b23b8a4-8f26-40a9-86c0-c591b423ea6a	2025-05-16 23:54:12.413181+00	2025-05-16 23:54:12.413181+00	\N	aal1	\N	\N	Mozilla/5.0 (Windows NT 10.0; Win64; x64) AppleWebKit/537.36 (KHTML, like Gecko) Chrome/134.0.0.0 Safari/537.36	131.178.102.136	\N
15514312-f649-469d-96e7-49281ba9f0ce	7b23b8a4-8f26-40a9-86c0-c591b423ea6a	2025-05-18 13:26:53.48004+00	2025-05-18 13:26:53.48004+00	\N	aal1	\N	\N	Mozilla/5.0 (Windows NT 10.0; Win64; x64) AppleWebKit/537.36 (KHTML, like Gecko) Chrome/134.0.0.0 Safari/537.36	187.209.144.77	\N
db202db8-5097-4521-a7f5-2e641c94ac72	fc1276e7-efc6-4ec5-b2cd-bfab2005930e	2025-04-29 22:05:27.270965+00	2025-05-16 22:07:12.612961+00	\N	aal1	\N	2025-05-16 22:07:12.612892	Mozilla/5.0 (Windows NT 10.0; Win64; x64) AppleWebKit/537.36 (KHTML, like Gecko) Chrome/136.0.0.0 Safari/537.36	131.178.102.196	\N
773fb81f-b640-4fad-97c7-78b6bf2da4bb	5ad0bb87-f4fc-413c-adba-ef4b0b9402d1	2025-05-16 22:16:35.820797+00	2025-05-16 22:16:35.820797+00	\N	aal1	\N	\N	Mozilla/5.0 (Windows NT 10.0; Win64; x64) AppleWebKit/537.36 (KHTML, like Gecko) Chrome/136.0.0.0 Safari/537.36	131.178.102.184	\N
27093930-ba02-4970-98eb-710607d8032f	36abc818-b3a6-440f-933a-79ff41fe5b67	2025-05-20 20:07:19.440699+00	2025-05-21 08:25:47.434227+00	\N	aal1	\N	2025-05-21 08:25:47.433686	Mozilla/5.0 (Windows NT 10.0; Win64; x64) AppleWebKit/537.36 (KHTML, like Gecko) Chrome/136.0.0.0 Safari/537.36 Edg/136.0.0.0	187.190.180.14	\N
3951987a-3611-42dc-9c87-bf3a0e50608d	36abc818-b3a6-440f-933a-79ff41fe5b67	2025-05-21 08:25:51.960034+00	2025-05-21 08:25:51.960034+00	\N	aal1	\N	\N	Mozilla/5.0 (Windows NT 10.0; Win64; x64) AppleWebKit/537.36 (KHTML, like Gecko) Chrome/136.0.0.0 Safari/537.36 Edg/136.0.0.0	187.190.180.14	\N
fc755c43-02c8-4c9a-8813-e49266b21221	36abc818-b3a6-440f-933a-79ff41fe5b67	2025-05-18 23:24:59.098595+00	2025-05-19 04:28:10.52957+00	\N	aal1	\N	2025-05-19 04:28:10.529494	Mozilla/5.0 (Windows NT 10.0; Win64; x64) AppleWebKit/537.36 (KHTML, like Gecko) Chrome/136.0.0.0 Safari/537.36 Edg/136.0.0.0	187.189.41.14	\N
238d872d-b51d-4a21-83ab-fa9e25a26968	5ad0bb87-f4fc-413c-adba-ef4b0b9402d1	2025-05-21 08:26:14.82945+00	2025-05-21 08:26:14.82945+00	\N	aal1	\N	\N	Mozilla/5.0 (Windows NT 10.0; Win64; x64) AppleWebKit/537.36 (KHTML, like Gecko) Chrome/136.0.0.0 Safari/537.36	187.161.118.27	\N
042808fd-c33f-4579-8318-afb49177173f	36abc818-b3a6-440f-933a-79ff41fe5b67	2025-05-18 01:07:44.380535+00	2025-05-18 01:07:44.380535+00	\N	aal1	\N	\N	Mozilla/5.0 (Windows NT 10.0; Win64; x64) AppleWebKit/537.36 (KHTML, like Gecko) Chrome/136.0.0.0 Safari/537.36 Edg/136.0.0.0	189.203.148.138	\N
dd7bbed3-52d5-4e2c-b607-9c687a8161f0	5f096705-11c3-49b1-b42c-d7bd17a75439	2025-05-16 22:18:47.476621+00	2025-05-16 22:18:47.476621+00	\N	aal1	\N	\N	Mozilla/5.0 (Windows NT 10.0; Win64; x64) AppleWebKit/537.36 (KHTML, like Gecko) Chrome/136.0.0.0 Safari/537.36	131.178.102.184	\N
469f907d-e729-4467-9afb-a06a53f95dad	36abc818-b3a6-440f-933a-79ff41fe5b67	2025-05-18 01:07:47.201472+00	2025-05-18 03:20:42.473213+00	\N	aal1	\N	2025-05-18 03:20:42.473132	Mozilla/5.0 (Windows NT 10.0; Win64; x64) AppleWebKit/537.36 (KHTML, like Gecko) Chrome/136.0.0.0 Safari/537.36 Edg/136.0.0.0	189.203.148.138	\N
4a1fc80b-135d-44c8-af8a-882d01408743	36abc818-b3a6-440f-933a-79ff41fe5b67	2025-05-19 20:02:41.329694+00	2025-05-20 20:07:16.8266+00	\N	aal1	\N	2025-05-20 20:07:16.824472	Mozilla/5.0 (Windows NT 10.0; Win64; x64) AppleWebKit/537.36 (KHTML, like Gecko) Chrome/136.0.0.0 Safari/537.36 Edg/136.0.0.0	131.178.102.216	\N
422ae626-497f-4e14-b7e2-57f7e28226f2	7b23b8a4-8f26-40a9-86c0-c591b423ea6a	2025-05-16 23:56:29.473262+00	2025-05-18 13:17:13.584372+00	\N	aal1	\N	2025-05-18 13:17:13.584293	Mozilla/5.0 (Windows NT 10.0; Win64; x64) AppleWebKit/537.36 (KHTML, like Gecko) Chrome/134.0.0.0 Safari/537.36	187.209.144.77	\N
e7bba15f-89f5-4806-9c48-fb42e6f7ea6d	7b23b8a4-8f26-40a9-86c0-c591b423ea6a	2025-05-18 14:02:19.350394+00	2025-05-18 14:02:19.350394+00	\N	aal1	\N	\N	Mozilla/5.0 (Windows NT 10.0; Win64; x64) AppleWebKit/537.36 (KHTML, like Gecko) Chrome/134.0.0.0 Safari/537.36	187.209.144.77	\N
367618b0-b43e-45da-94a4-9d5a0574f85c	36abc818-b3a6-440f-933a-79ff41fe5b67	2025-05-19 04:30:53.705658+00	2025-05-19 19:35:17.082224+00	\N	aal1	\N	2025-05-19 19:35:17.081794	Mozilla/5.0 (Windows NT 10.0; Win64; x64) AppleWebKit/537.36 (KHTML, like Gecko) Chrome/136.0.0.0 Safari/537.36 Edg/136.0.0.0	131.178.102.212	\N
48a3d712-1cc8-4106-8032-64f26bd53628	3912d459-b96e-4150-9a2a-fb9135ebc374	2025-04-25 21:31:52.232059+00	2025-05-02 21:39:53.824573+00	\N	aal1	\N	2025-05-02 21:39:53.824477	Mozilla/5.0 (Windows NT 10.0; Win64; x64) AppleWebKit/537.36 (KHTML, like Gecko) Chrome/136.0.0.0 Safari/537.36	131.178.102.156	\N
9e75b5b1-16ab-4c8e-825e-49d366f51b23	386e63ba-dc8f-4af6-9447-44f7976a4a0c	2025-05-21 18:10:49.802454+00	2025-05-21 19:09:01.116728+00	\N	aal1	\N	2025-05-21 19:09:01.116657	Mozilla/5.0 (Windows NT 10.0; Win64; x64) AppleWebKit/537.36 (KHTML, like Gecko) Chrome/136.0.0.0 Safari/537.36 Edg/136.0.0.0	187.190.180.172	\N
\.


--
-- Data for Name: mfa_amr_claims; Type: TABLE DATA; Schema: auth; Owner: supabase_auth_admin
--

COPY "auth"."mfa_amr_claims" ("session_id", "created_at", "updated_at", "authentication_method", "id") FROM stdin;
5e56a3d1-46ad-4dcc-b69b-032d6cdff6b7	2025-05-14 18:47:16.691608+00	2025-05-14 18:47:16.691608+00	password	77f500dd-61fa-4d9d-9e01-7eaf43f6fa2d
74bb63a0-f214-43ec-989e-c74f0d5b7b8a	2025-05-14 18:47:24.271037+00	2025-05-14 18:47:24.271037+00	password	51880f0b-2a5d-42c2-b7ae-25fe120fb41a
15b163ef-87e3-40ae-973c-fc2625f48999	2025-05-14 18:47:33.471886+00	2025-05-14 18:47:33.471886+00	password	44449cc5-f1ff-4923-ab78-e59fc0409cb6
08849832-5eee-4a28-af08-7477e7cfc851	2025-05-14 18:48:09.10234+00	2025-05-14 18:48:09.10234+00	password	a15d0ddf-69b6-4894-a523-0f57ebfdc17f
b027a2cf-e954-4119-873e-bf929aca3d75	2025-05-14 18:48:43.619244+00	2025-05-14 18:48:43.619244+00	password	29e15ae8-dc44-404c-b107-24b9a4a81402
38b585e9-9268-42d3-a0ac-88a035a8d5b7	2025-05-15 16:12:55.21821+00	2025-05-15 16:12:55.21821+00	password	4a792fd0-2cc3-4662-ae68-d0943e7a26c6
ebc797ba-dabd-420a-89f5-b05e6a7e9e3e	2025-05-16 21:33:42.224402+00	2025-05-16 21:33:42.224402+00	password	e678d7a6-eadf-496e-9812-c674b34cf846
dd7bbed3-52d5-4e2c-b607-9c687a8161f0	2025-05-16 22:18:47.479263+00	2025-05-16 22:18:47.479263+00	password	533614a9-e5da-483a-8949-b3a09e86f5c9
bfd59fca-362e-4e20-84f3-973ba1b0201e	2025-04-28 22:35:45.164898+00	2025-04-28 22:35:45.164898+00	password	7b420fd3-a001-4039-bb81-4cd01f021c1f
5190ee94-aebd-4c95-b127-bd9175b424e0	2025-05-16 23:54:12.416403+00	2025-05-16 23:54:12.416403+00	password	288b1103-7392-4849-811a-7c7672e6aece
ffe42c77-5222-4a0e-9793-2cfc1fac8b99	2025-05-18 03:20:43.097438+00	2025-05-18 03:20:43.097438+00	password	9cca6bfa-6bbf-4c80-b478-b8ef5ae9f008
1e8e9eba-defd-43b5-9985-8f5cad50dd67	2025-05-18 13:18:01.578556+00	2025-05-18 13:18:01.578556+00	password	fa4aa249-44d5-4666-8423-50be45e0317f
15514312-f649-469d-96e7-49281ba9f0ce	2025-05-18 13:26:53.487991+00	2025-05-18 13:26:53.487991+00	password	0b76ab2c-df55-4443-994f-12e73fed72c9
1c926623-c199-4fab-8070-90492612975e	2025-05-18 14:05:18.511182+00	2025-05-18 14:05:18.511182+00	password	299c0971-728c-4100-b368-62e2c7a0e771
fc755c43-02c8-4c9a-8813-e49266b21221	2025-05-18 23:24:59.119669+00	2025-05-18 23:24:59.119669+00	password	cf15dbdf-e6b8-4c51-ba20-d2df15bf843a
211c5520-7305-46db-8985-6910f50f4c44	2025-05-19 06:15:23.735282+00	2025-05-19 06:15:23.735282+00	password	97c312f1-5360-408c-8681-d11d73efe806
872178f2-e3cc-452d-9ff2-085c036d5411	2025-05-20 20:07:17.893957+00	2025-05-20 20:07:17.893957+00	password	cc694317-d7f9-49e0-8929-691c78dd54a8
27093930-ba02-4970-98eb-710607d8032f	2025-05-20 20:07:19.443821+00	2025-05-20 20:07:19.443821+00	password	c72fd794-e63d-4c09-91a4-76b7dcfa2a8e
3951987a-3611-42dc-9c87-bf3a0e50608d	2025-05-21 08:25:51.969145+00	2025-05-21 08:25:51.969145+00	password	1fca5d55-6bb6-4206-8175-891042b42bdf
238d872d-b51d-4a21-83ab-fa9e25a26968	2025-05-21 08:26:14.834511+00	2025-05-21 08:26:14.834511+00	password	ba29c1a3-5eff-4e78-bdf3-43f8cf0486e3
79725ac6-0ca2-4144-98be-af92c5b780df	2025-05-21 18:43:54.200014+00	2025-05-21 18:43:54.200014+00	password	9d966d1f-923d-4971-852e-496485717192
e2e1cb75-20f0-4f86-a35e-5a836e36d070	2025-05-21 18:43:58.258679+00	2025-05-21 18:43:58.258679+00	password	5b7e086f-39f9-4005-91d3-b3831d7e1635
2dda1cc3-c3c9-47bc-9005-f73647f84331	2025-05-14 18:50:18.871023+00	2025-05-14 18:50:18.871023+00	password	3204f286-8496-4eea-927e-1b39fc61ba64
4d6029a6-9e04-4b70-b168-79d77c684559	2025-05-15 16:13:39.388166+00	2025-05-15 16:13:39.388166+00	otp	5358c447-cec3-467c-851a-65996e5c4283
4ec60657-5f2c-4759-a834-509a35f140f6	2025-05-15 16:14:29.409282+00	2025-05-15 16:14:29.409282+00	otp	889fc1c9-511d-43c1-bb26-f50457c5e835
851ff9fd-c7c1-41d0-ab53-677a34b2d691	2025-05-15 16:15:04.63491+00	2025-05-15 16:15:04.63491+00	password	f2aebb97-db77-4112-b997-6334bb6124c6
773fb81f-b640-4fad-97c7-78b6bf2da4bb	2025-05-16 22:16:35.827304+00	2025-05-16 22:16:35.827304+00	password	9fe384ed-80d4-43ac-8e62-afe274d53af8
3bc105e2-76af-4559-80eb-f6efb8cb99c7	2025-05-16 22:53:52.708873+00	2025-05-16 22:53:52.708873+00	password	d5c7f2fe-1c5d-4fdc-85eb-b647389959f8
23002a0d-ebc1-4fee-9f6a-892146fb4e72	2025-05-16 23:40:32.36114+00	2025-05-16 23:40:32.36114+00	password	61681be1-8383-442c-9065-840e0d923275
422ae626-497f-4e14-b7e2-57f7e28226f2	2025-05-16 23:56:29.478879+00	2025-05-16 23:56:29.478879+00	password	d2fa7000-e93d-4624-9753-7436d9f29982
042808fd-c33f-4579-8318-afb49177173f	2025-05-18 01:07:44.385055+00	2025-05-18 01:07:44.385055+00	password	0d17fe42-a1ea-4ef0-aaea-271ea0e59d51
48a3d712-1cc8-4106-8032-64f26bd53628	2025-04-25 21:31:52.237265+00	2025-04-25 21:31:52.237265+00	password	a89eff4a-0269-4240-a79d-f27b3738f73c
469f907d-e729-4467-9afb-a06a53f95dad	2025-05-18 01:07:47.206215+00	2025-05-18 01:07:47.206215+00	password	571d405a-c57d-4bb9-b61f-9a51d679b683
6e9e8735-0c14-45f5-92ed-c1bb97218c6c	2025-05-18 13:19:34.214035+00	2025-05-18 13:19:34.214035+00	password	015c4db8-b932-4cc7-b51e-6e20eff6013d
e7bba15f-89f5-4806-9c48-fb42e6f7ea6d	2025-05-18 14:02:19.355264+00	2025-05-18 14:02:19.355264+00	password	eaa52ddd-a73b-4a40-a0d3-2989ccc4d5fd
db202db8-5097-4521-a7f5-2e641c94ac72	2025-04-29 22:05:27.276322+00	2025-04-29 22:05:27.276322+00	password	f62ee751-5c44-4316-a476-415294dd52d6
661b26a7-f968-443f-8d8f-adf6c5e6b07c	2025-05-18 23:17:26.414495+00	2025-05-18 23:17:26.414495+00	password	b9d12711-b86f-4fdd-88ff-e459675ed771
367618b0-b43e-45da-94a4-9d5a0574f85c	2025-05-19 04:30:53.716165+00	2025-05-19 04:30:53.716165+00	password	d4359d6c-5db7-4c28-998f-c901d6bff229
c7341647-6eb9-4457-a67e-719c8786c53e	2025-05-19 19:35:21.815576+00	2025-05-19 19:35:21.815576+00	password	e5e57e8a-14b2-4c89-8644-f61de6de5c8d
4a1fc80b-135d-44c8-af8a-882d01408743	2025-05-19 20:02:41.344644+00	2025-05-19 20:02:41.344644+00	password	54de9fa8-855f-413b-b8f4-8ba104aab856
5c133d3a-4232-489a-811b-aff07f5a03ba	2025-05-20 20:02:48.06468+00	2025-05-20 20:02:48.06468+00	password	c86eba89-f789-4786-93dd-5ad35ffe931e
fcab9cbe-2679-4174-a5db-f397e680533c	2025-05-20 21:29:12.238788+00	2025-05-20 21:29:12.238788+00	password	571a26eb-1807-48d1-8bed-5aa721c487af
9e75b5b1-16ab-4c8e-825e-49d366f51b23	2025-05-21 18:10:49.808916+00	2025-05-21 18:10:49.808916+00	password	c2c87790-38cf-4e39-8945-c09cb7f16404
\.


--
-- Data for Name: mfa_factors; Type: TABLE DATA; Schema: auth; Owner: supabase_auth_admin
--

COPY "auth"."mfa_factors" ("id", "user_id", "friendly_name", "factor_type", "status", "created_at", "updated_at", "secret", "phone", "last_challenged_at", "web_authn_credential", "web_authn_aaguid") FROM stdin;
\.


--
-- Data for Name: mfa_challenges; Type: TABLE DATA; Schema: auth; Owner: supabase_auth_admin
--

COPY "auth"."mfa_challenges" ("id", "factor_id", "created_at", "verified_at", "ip_address", "otp_code", "web_authn_session_data") FROM stdin;
\.


--
-- Data for Name: one_time_tokens; Type: TABLE DATA; Schema: auth; Owner: supabase_auth_admin
--

COPY "auth"."one_time_tokens" ("id", "user_id", "token_type", "token_hash", "relates_to", "created_at", "updated_at") FROM stdin;
\.


--
-- Data for Name: refresh_tokens; Type: TABLE DATA; Schema: auth; Owner: supabase_auth_admin
--

COPY "auth"."refresh_tokens" ("instance_id", "id", "token", "user_id", "revoked", "created_at", "updated_at", "parent", "session_id") FROM stdin;
00000000-0000-0000-0000-000000000000	951	57os57npqmmv	36abc818-b3a6-440f-933a-79ff41fe5b67	t	2025-05-20 06:35:18.395758+00	2025-05-20 16:29:16.390395+00	6f3or7uhmyv3	1c926623-c199-4fab-8070-90492612975e
00000000-0000-0000-0000-000000000000	408	KL05RTpevT_wvr86tAJ0Hg	3912d459-b96e-4150-9a2a-fb9135ebc374	t	2025-04-25 21:31:52.23328+00	2025-05-02 21:39:53.797127+00	\N	48a3d712-1cc8-4106-8032-64f26bd53628
00000000-0000-0000-0000-000000000000	710	2yctw4ghnath	36abc818-b3a6-440f-933a-79ff41fe5b67	t	2025-05-14 18:47:16.690019+00	2025-05-14 18:47:16.808043+00	\N	5e56a3d1-46ad-4dcc-b69b-032d6cdff6b7
00000000-0000-0000-0000-000000000000	435	hVSTMrRq1vVPt4o5dFQcZQ	3912d459-b96e-4150-9a2a-fb9135ebc374	f	2025-05-02 21:39:53.80581+00	2025-05-02 21:39:53.80581+00	KL05RTpevT_wvr86tAJ0Hg	48a3d712-1cc8-4106-8032-64f26bd53628
00000000-0000-0000-0000-000000000000	873	6celnc2tppff	36abc818-b3a6-440f-933a-79ff41fe5b67	f	2025-05-18 01:07:43.551513+00	2025-05-18 01:07:43.551513+00	mipxb7is5tas	ebc797ba-dabd-420a-89f5-b05e6a7e9e3e
00000000-0000-0000-0000-000000000000	711	x3jxkoqxhjfb	36abc818-b3a6-440f-933a-79ff41fe5b67	t	2025-05-14 18:47:16.808931+00	2025-05-14 18:47:16.919752+00	2yctw4ghnath	5e56a3d1-46ad-4dcc-b69b-032d6cdff6b7
00000000-0000-0000-0000-000000000000	712	vop7bk3rn2tr	36abc818-b3a6-440f-933a-79ff41fe5b67	t	2025-05-14 18:47:16.92002+00	2025-05-14 18:47:17.024273+00	x3jxkoqxhjfb	5e56a3d1-46ad-4dcc-b69b-032d6cdff6b7
00000000-0000-0000-0000-000000000000	713	zo5wwogzq4g5	36abc818-b3a6-440f-933a-79ff41fe5b67	t	2025-05-14 18:47:17.024554+00	2025-05-14 18:47:17.120205+00	vop7bk3rn2tr	5e56a3d1-46ad-4dcc-b69b-032d6cdff6b7
00000000-0000-0000-0000-000000000000	714	owmi2iigzwtt	36abc818-b3a6-440f-933a-79ff41fe5b67	t	2025-05-14 18:47:17.120482+00	2025-05-14 18:47:17.220475+00	zo5wwogzq4g5	5e56a3d1-46ad-4dcc-b69b-032d6cdff6b7
00000000-0000-0000-0000-000000000000	715	h4gq73hhfu7p	36abc818-b3a6-440f-933a-79ff41fe5b67	t	2025-05-14 18:47:17.220754+00	2025-05-14 18:47:17.498675+00	owmi2iigzwtt	5e56a3d1-46ad-4dcc-b69b-032d6cdff6b7
00000000-0000-0000-0000-000000000000	716	wger5q2u5e7f	36abc818-b3a6-440f-933a-79ff41fe5b67	t	2025-05-14 18:47:17.498982+00	2025-05-14 18:47:17.608184+00	h4gq73hhfu7p	5e56a3d1-46ad-4dcc-b69b-032d6cdff6b7
00000000-0000-0000-0000-000000000000	717	idq3u3qax2ey	36abc818-b3a6-440f-933a-79ff41fe5b67	t	2025-05-14 18:47:17.608519+00	2025-05-14 18:47:17.725225+00	wger5q2u5e7f	5e56a3d1-46ad-4dcc-b69b-032d6cdff6b7
00000000-0000-0000-0000-000000000000	718	qe54lekjsk2s	36abc818-b3a6-440f-933a-79ff41fe5b67	f	2025-05-14 18:47:17.725518+00	2025-05-14 18:47:17.725518+00	idq3u3qax2ey	5e56a3d1-46ad-4dcc-b69b-032d6cdff6b7
00000000-0000-0000-0000-000000000000	719	6pccnkeuh42b	36abc818-b3a6-440f-933a-79ff41fe5b67	t	2025-05-14 18:47:24.269935+00	2025-05-14 18:47:24.378446+00	\N	74bb63a0-f214-43ec-989e-c74f0d5b7b8a
00000000-0000-0000-0000-000000000000	720	va7vlfmqzzfu	36abc818-b3a6-440f-933a-79ff41fe5b67	t	2025-05-14 18:47:24.378747+00	2025-05-14 18:47:24.472933+00	6pccnkeuh42b	74bb63a0-f214-43ec-989e-c74f0d5b7b8a
00000000-0000-0000-0000-000000000000	721	kfbyspzmrjeo	36abc818-b3a6-440f-933a-79ff41fe5b67	f	2025-05-14 18:47:24.473189+00	2025-05-14 18:47:24.473189+00	va7vlfmqzzfu	74bb63a0-f214-43ec-989e-c74f0d5b7b8a
00000000-0000-0000-0000-000000000000	722	w3lxuffghqaq	36abc818-b3a6-440f-933a-79ff41fe5b67	t	2025-05-14 18:47:33.470729+00	2025-05-14 18:47:33.5829+00	\N	15b163ef-87e3-40ae-973c-fc2625f48999
00000000-0000-0000-0000-000000000000	723	b3qyggxcf25o	36abc818-b3a6-440f-933a-79ff41fe5b67	t	2025-05-14 18:47:33.583192+00	2025-05-14 18:47:33.681205+00	w3lxuffghqaq	15b163ef-87e3-40ae-973c-fc2625f48999
00000000-0000-0000-0000-000000000000	724	5ncm2o7ywwvy	36abc818-b3a6-440f-933a-79ff41fe5b67	t	2025-05-14 18:47:33.681476+00	2025-05-14 18:47:33.781507+00	b3qyggxcf25o	15b163ef-87e3-40ae-973c-fc2625f48999
00000000-0000-0000-0000-000000000000	725	xnefwsjti27u	36abc818-b3a6-440f-933a-79ff41fe5b67	t	2025-05-14 18:47:33.781755+00	2025-05-14 18:47:33.877716+00	5ncm2o7ywwvy	15b163ef-87e3-40ae-973c-fc2625f48999
00000000-0000-0000-0000-000000000000	726	6zi3sk2rh2ko	36abc818-b3a6-440f-933a-79ff41fe5b67	f	2025-05-14 18:47:33.878047+00	2025-05-14 18:47:33.878047+00	xnefwsjti27u	15b163ef-87e3-40ae-973c-fc2625f48999
00000000-0000-0000-0000-000000000000	727	on3qmm7tckc3	36abc818-b3a6-440f-933a-79ff41fe5b67	t	2025-05-14 18:48:09.101124+00	2025-05-14 18:48:09.22231+00	\N	08849832-5eee-4a28-af08-7477e7cfc851
00000000-0000-0000-0000-000000000000	728	3rnqjtzq3hst	36abc818-b3a6-440f-933a-79ff41fe5b67	t	2025-05-14 18:48:09.222597+00	2025-05-14 18:48:09.37184+00	on3qmm7tckc3	08849832-5eee-4a28-af08-7477e7cfc851
00000000-0000-0000-0000-000000000000	729	72wi7fiu7h7i	36abc818-b3a6-440f-933a-79ff41fe5b67	t	2025-05-14 18:48:09.372213+00	2025-05-14 18:48:09.492058+00	3rnqjtzq3hst	08849832-5eee-4a28-af08-7477e7cfc851
00000000-0000-0000-0000-000000000000	730	7mhtdy7ion7i	36abc818-b3a6-440f-933a-79ff41fe5b67	t	2025-05-14 18:48:09.49239+00	2025-05-14 18:48:09.611127+00	72wi7fiu7h7i	08849832-5eee-4a28-af08-7477e7cfc851
00000000-0000-0000-0000-000000000000	731	b3xjgvfhbkol	36abc818-b3a6-440f-933a-79ff41fe5b67	t	2025-05-14 18:48:09.611415+00	2025-05-14 18:48:09.71429+00	7mhtdy7ion7i	08849832-5eee-4a28-af08-7477e7cfc851
00000000-0000-0000-0000-000000000000	732	okpd4s7ib6ln	36abc818-b3a6-440f-933a-79ff41fe5b67	t	2025-05-14 18:48:09.715149+00	2025-05-14 18:48:10.023211+00	b3xjgvfhbkol	08849832-5eee-4a28-af08-7477e7cfc851
00000000-0000-0000-0000-000000000000	733	3b4jpukk4laa	36abc818-b3a6-440f-933a-79ff41fe5b67	t	2025-05-14 18:48:10.02351+00	2025-05-14 18:48:10.137859+00	okpd4s7ib6ln	08849832-5eee-4a28-af08-7477e7cfc851
00000000-0000-0000-0000-000000000000	734	r6tqy3ekxdxg	36abc818-b3a6-440f-933a-79ff41fe5b67	t	2025-05-14 18:48:10.138129+00	2025-05-14 18:48:10.26945+00	3b4jpukk4laa	08849832-5eee-4a28-af08-7477e7cfc851
00000000-0000-0000-0000-000000000000	735	5sap6cj4g6pd	36abc818-b3a6-440f-933a-79ff41fe5b67	t	2025-05-14 18:48:10.269732+00	2025-05-14 18:48:10.371417+00	r6tqy3ekxdxg	08849832-5eee-4a28-af08-7477e7cfc851
00000000-0000-0000-0000-000000000000	736	4g6ekvsyfal7	36abc818-b3a6-440f-933a-79ff41fe5b67	t	2025-05-14 18:48:10.371725+00	2025-05-14 18:48:10.485635+00	5sap6cj4g6pd	08849832-5eee-4a28-af08-7477e7cfc851
00000000-0000-0000-0000-000000000000	737	pa3y22aoofep	36abc818-b3a6-440f-933a-79ff41fe5b67	t	2025-05-14 18:48:10.486359+00	2025-05-14 18:48:10.720809+00	4g6ekvsyfal7	08849832-5eee-4a28-af08-7477e7cfc851
00000000-0000-0000-0000-000000000000	738	vuteaopioyqp	36abc818-b3a6-440f-933a-79ff41fe5b67	t	2025-05-14 18:48:10.721084+00	2025-05-14 18:48:13.269109+00	pa3y22aoofep	08849832-5eee-4a28-af08-7477e7cfc851
00000000-0000-0000-0000-000000000000	739	4kjpzmoteytd	36abc818-b3a6-440f-933a-79ff41fe5b67	t	2025-05-14 18:48:13.26939+00	2025-05-14 18:48:13.385945+00	vuteaopioyqp	08849832-5eee-4a28-af08-7477e7cfc851
00000000-0000-0000-0000-000000000000	740	x7vbrhgbyx6w	36abc818-b3a6-440f-933a-79ff41fe5b67	t	2025-05-14 18:48:13.386226+00	2025-05-14 18:48:13.61729+00	4kjpzmoteytd	08849832-5eee-4a28-af08-7477e7cfc851
00000000-0000-0000-0000-000000000000	741	z5ygx443d6p2	36abc818-b3a6-440f-933a-79ff41fe5b67	t	2025-05-14 18:48:13.617554+00	2025-05-14 18:48:13.742376+00	x7vbrhgbyx6w	08849832-5eee-4a28-af08-7477e7cfc851
00000000-0000-0000-0000-000000000000	742	n6bbmn2h4clk	36abc818-b3a6-440f-933a-79ff41fe5b67	t	2025-05-14 18:48:13.74267+00	2025-05-14 18:48:13.855222+00	z5ygx443d6p2	08849832-5eee-4a28-af08-7477e7cfc851
00000000-0000-0000-0000-000000000000	743	pegawosjy2wb	36abc818-b3a6-440f-933a-79ff41fe5b67	t	2025-05-14 18:48:13.855499+00	2025-05-14 18:48:13.956316+00	n6bbmn2h4clk	08849832-5eee-4a28-af08-7477e7cfc851
00000000-0000-0000-0000-000000000000	744	7jp36at4dy74	36abc818-b3a6-440f-933a-79ff41fe5b67	t	2025-05-14 18:48:13.956567+00	2025-05-14 18:48:14.10908+00	pegawosjy2wb	08849832-5eee-4a28-af08-7477e7cfc851
00000000-0000-0000-0000-000000000000	745	z5v2tojioqnv	36abc818-b3a6-440f-933a-79ff41fe5b67	t	2025-05-14 18:48:14.109337+00	2025-05-14 18:48:14.234361+00	7jp36at4dy74	08849832-5eee-4a28-af08-7477e7cfc851
00000000-0000-0000-0000-000000000000	746	b7asfmd4idcd	36abc818-b3a6-440f-933a-79ff41fe5b67	f	2025-05-14 18:48:14.234621+00	2025-05-14 18:48:14.234621+00	z5v2tojioqnv	08849832-5eee-4a28-af08-7477e7cfc851
00000000-0000-0000-0000-000000000000	747	y5gmbfokzsdr	36abc818-b3a6-440f-933a-79ff41fe5b67	t	2025-05-14 18:48:43.615827+00	2025-05-14 18:48:43.771907+00	\N	b027a2cf-e954-4119-873e-bf929aca3d75
00000000-0000-0000-0000-000000000000	748	tikyhr774tsi	36abc818-b3a6-440f-933a-79ff41fe5b67	t	2025-05-14 18:48:43.772209+00	2025-05-14 18:48:43.875377+00	y5gmbfokzsdr	b027a2cf-e954-4119-873e-bf929aca3d75
00000000-0000-0000-0000-000000000000	749	7646u6tba7zz	36abc818-b3a6-440f-933a-79ff41fe5b67	t	2025-05-14 18:48:43.875649+00	2025-05-14 18:48:43.984197+00	tikyhr774tsi	b027a2cf-e954-4119-873e-bf929aca3d75
00000000-0000-0000-0000-000000000000	750	fli6s4qyzqii	36abc818-b3a6-440f-933a-79ff41fe5b67	t	2025-05-14 18:48:43.984513+00	2025-05-14 18:48:44.078737+00	7646u6tba7zz	b027a2cf-e954-4119-873e-bf929aca3d75
00000000-0000-0000-0000-000000000000	751	2fhyzarxjzmo	36abc818-b3a6-440f-933a-79ff41fe5b67	t	2025-05-14 18:48:44.079054+00	2025-05-14 18:48:44.201692+00	fli6s4qyzqii	b027a2cf-e954-4119-873e-bf929aca3d75
00000000-0000-0000-0000-000000000000	752	b6xvd752kgdn	36abc818-b3a6-440f-933a-79ff41fe5b67	t	2025-05-14 18:48:44.201986+00	2025-05-14 18:48:44.529608+00	2fhyzarxjzmo	b027a2cf-e954-4119-873e-bf929aca3d75
00000000-0000-0000-0000-000000000000	753	fxbz3yk4u7ls	36abc818-b3a6-440f-933a-79ff41fe5b67	t	2025-05-14 18:48:44.529931+00	2025-05-14 18:48:44.625175+00	b6xvd752kgdn	b027a2cf-e954-4119-873e-bf929aca3d75
00000000-0000-0000-0000-000000000000	754	7a2vsa3pmwpq	36abc818-b3a6-440f-933a-79ff41fe5b67	t	2025-05-14 18:48:44.625469+00	2025-05-14 18:48:44.725523+00	fxbz3yk4u7ls	b027a2cf-e954-4119-873e-bf929aca3d75
00000000-0000-0000-0000-000000000000	755	2jdej2fpu3ao	36abc818-b3a6-440f-933a-79ff41fe5b67	t	2025-05-14 18:48:44.726331+00	2025-05-14 18:48:44.840326+00	7a2vsa3pmwpq	b027a2cf-e954-4119-873e-bf929aca3d75
00000000-0000-0000-0000-000000000000	420	Nu8EZtt0foJLFSc1geS7uA	3912d459-b96e-4150-9a2a-fb9135ebc374	t	2025-04-28 22:35:45.162409+00	2025-04-28 23:55:23.168618+00	\N	bfd59fca-362e-4e20-84f3-973ba1b0201e
00000000-0000-0000-0000-000000000000	756	5mibn6xb5pj2	36abc818-b3a6-440f-933a-79ff41fe5b67	t	2025-05-14 18:48:44.840613+00	2025-05-14 18:48:44.984429+00	2jdej2fpu3ao	b027a2cf-e954-4119-873e-bf929aca3d75
00000000-0000-0000-0000-000000000000	952	la2snbzmmtuq	5ad0bb87-f4fc-413c-adba-ef4b0b9402d1	t	2025-05-20 07:21:18.307011+00	2025-05-20 08:33:59.628304+00	chp5rmntaivo	3bc105e2-76af-4559-80eb-f6efb8cb99c7
00000000-0000-0000-0000-000000000000	852	mipxb7is5tas	36abc818-b3a6-440f-933a-79ff41fe5b67	t	2025-05-16 23:32:42.469049+00	2025-05-18 01:07:43.5478+00	oemf24p5kfz4	ebc797ba-dabd-420a-89f5-b05e6a7e9e3e
00000000-0000-0000-0000-000000000000	757	2gya4wnprilu	36abc818-b3a6-440f-933a-79ff41fe5b67	t	2025-05-14 18:48:44.984726+00	2025-05-14 18:48:45.201675+00	5mibn6xb5pj2	b027a2cf-e954-4119-873e-bf929aca3d75
00000000-0000-0000-0000-000000000000	874	lgbid75wwfpn	36abc818-b3a6-440f-933a-79ff41fe5b67	f	2025-05-18 01:07:44.383794+00	2025-05-18 01:07:44.383794+00	\N	042808fd-c33f-4579-8318-afb49177173f
00000000-0000-0000-0000-000000000000	957	4a5mcr2xvoju	36abc818-b3a6-440f-933a-79ff41fe5b67	t	2025-05-20 19:00:15.286198+00	2025-05-20 20:03:16.775632+00	pvd75okqvb2g	1c926623-c199-4fab-8070-90492612975e
00000000-0000-0000-0000-000000000000	942	ebkfbff322xy	36abc818-b3a6-440f-933a-79ff41fe5b67	t	2025-05-19 23:21:19.315669+00	2025-05-20 20:07:16.812249+00	re3snaly7bro	4a1fc80b-135d-44c8-af8a-882d01408743
00000000-0000-0000-0000-000000000000	758	43vkvyhy2xwd	36abc818-b3a6-440f-933a-79ff41fe5b67	t	2025-05-14 18:48:45.202698+00	2025-05-14 18:48:46.834343+00	2gya4wnprilu	b027a2cf-e954-4119-873e-bf929aca3d75
00000000-0000-0000-0000-000000000000	875	dwr4dagjzmho	36abc818-b3a6-440f-933a-79ff41fe5b67	t	2025-05-18 01:07:47.202146+00	2025-05-18 03:20:42.465241+00	\N	469f907d-e729-4467-9afb-a06a53f95dad
00000000-0000-0000-0000-000000000000	759	32vseu3lupjd	36abc818-b3a6-440f-933a-79ff41fe5b67	t	2025-05-14 18:48:46.835066+00	2025-05-14 18:48:46.936114+00	43vkvyhy2xwd	b027a2cf-e954-4119-873e-bf929aca3d75
00000000-0000-0000-0000-000000000000	962	sy5xkidgdqj4	36abc818-b3a6-440f-933a-79ff41fe5b67	f	2025-05-20 20:07:16.815938+00	2025-05-20 20:07:16.815938+00	ebkfbff322xy	4a1fc80b-135d-44c8-af8a-882d01408743
00000000-0000-0000-0000-000000000000	760	4re3jkje56hp	36abc818-b3a6-440f-933a-79ff41fe5b67	t	2025-05-14 18:48:46.936433+00	2025-05-14 18:48:47.178045+00	32vseu3lupjd	b027a2cf-e954-4119-873e-bf929aca3d75
00000000-0000-0000-0000-000000000000	963	plvt6hulsa24	36abc818-b3a6-440f-933a-79ff41fe5b67	f	2025-05-20 20:07:17.892684+00	2025-05-20 20:07:17.892684+00	\N	872178f2-e3cc-452d-9ff2-085c036d5411
00000000-0000-0000-0000-000000000000	761	vvvqkwsffgrq	36abc818-b3a6-440f-933a-79ff41fe5b67	t	2025-05-14 18:48:47.178319+00	2025-05-14 18:48:47.285217+00	4re3jkje56hp	b027a2cf-e954-4119-873e-bf929aca3d75
00000000-0000-0000-0000-000000000000	762	toquq337tfki	36abc818-b3a6-440f-933a-79ff41fe5b67	f	2025-05-14 18:48:47.285494+00	2025-05-14 18:48:47.285494+00	vvvqkwsffgrq	b027a2cf-e954-4119-873e-bf929aca3d75
00000000-0000-0000-0000-000000000000	964	5g4u5yffqza7	36abc818-b3a6-440f-933a-79ff41fe5b67	t	2025-05-20 20:07:19.441414+00	2025-05-20 21:05:55.935253+00	\N	27093930-ba02-4970-98eb-710607d8032f
00000000-0000-0000-0000-000000000000	886	5c3ngng2uadb	5ad0bb87-f4fc-413c-adba-ef4b0b9402d1	t	2025-05-18 06:34:47.649459+00	2025-05-18 20:54:34.984928+00	t5eaaxdml5ux	3bc105e2-76af-4559-80eb-f6efb8cb99c7
00000000-0000-0000-0000-000000000000	898	hqyfvywrexie	36abc818-b3a6-440f-933a-79ff41fe5b67	t	2025-05-18 14:05:18.506349+00	2025-05-19 00:43:23.17286+00	\N	1c926623-c199-4fab-8070-90492612975e
00000000-0000-0000-0000-000000000000	904	xpvald3qtiau	36abc818-b3a6-440f-933a-79ff41fe5b67	t	2025-05-18 23:24:59.105401+00	2025-05-19 00:51:53.467406+00	\N	fc755c43-02c8-4c9a-8813-e49266b21221
00000000-0000-0000-0000-000000000000	841	rcuwqoke2cdz	fc1276e7-efc6-4ec5-b2cd-bfab2005930e	f	2025-05-16 22:07:12.609431+00	2025-05-16 22:07:12.609431+00	fZTXw-_QITazwQim2E08Bg	db202db8-5097-4521-a7f5-2e641c94ac72
00000000-0000-0000-0000-000000000000	910	pdz3jytidxac	36abc818-b3a6-440f-933a-79ff41fe5b67	f	2025-05-19 04:28:10.518407+00	2025-05-19 04:28:10.518407+00	hg7kpnysky2t	fc755c43-02c8-4c9a-8813-e49266b21221
00000000-0000-0000-0000-000000000000	970	qkrk7p6s46os	36abc818-b3a6-440f-933a-79ff41fe5b67	t	2025-05-20 21:05:55.938419+00	2025-05-20 22:33:17.170359+00	5g4u5yffqza7	27093930-ba02-4970-98eb-710607d8032f
00000000-0000-0000-0000-000000000000	847	oemf24p5kfz4	36abc818-b3a6-440f-933a-79ff41fe5b67	t	2025-05-16 22:31:49.589385+00	2025-05-16 23:32:42.46548+00	dnrr2g2ur54c	ebc797ba-dabd-420a-89f5-b05e6a7e9e3e
00000000-0000-0000-0000-000000000000	979	driuwqpchxs2	5f096705-11c3-49b1-b42c-d7bd17a75439	f	2025-05-20 22:45:37.460708+00	2025-05-20 22:45:37.460708+00	65ghef5i4xji	fcab9cbe-2679-4174-a5db-f397e680533c
00000000-0000-0000-0000-000000000000	915	v2wpzywq4xrk	5ad0bb87-f4fc-413c-adba-ef4b0b9402d1	t	2025-05-19 06:56:15.014219+00	2025-05-19 08:42:07.811035+00	piziby4vp6cx	3bc105e2-76af-4559-80eb-f6efb8cb99c7
00000000-0000-0000-0000-000000000000	858	757liv3r7l3z	5ad0bb87-f4fc-413c-adba-ef4b0b9402d1	t	2025-05-17 01:03:18.143507+00	2025-05-17 05:49:23.076169+00	fig67dvld7mz	3bc105e2-76af-4559-80eb-f6efb8cb99c7
00000000-0000-0000-0000-000000000000	975	osao5aczx2ly	5f096705-11c3-49b1-b42c-d7bd17a75439	t	2025-05-20 21:59:55.556336+00	2025-05-20 22:58:04.130068+00	35lcqpw5om7n	5c133d3a-4232-489a-811b-aff07f5a03ba
00000000-0000-0000-0000-000000000000	920	ftkct65l2hlh	5f096705-11c3-49b1-b42c-d7bd17a75439	t	2025-05-19 19:32:02.799187+00	2025-05-19 20:31:24.649358+00	7pztixvrfmbz	211c5520-7305-46db-8985-6910f50f4c44
00000000-0000-0000-0000-000000000000	928	ed3bpazq5smo	5f096705-11c3-49b1-b42c-d7bd17a75439	t	2025-05-19 20:31:24.652978+00	2025-05-19 21:30:03.783822+00	ftkct65l2hlh	211c5520-7305-46db-8985-6910f50f4c44
00000000-0000-0000-0000-000000000000	987	utqhdp6cbcuy	36abc818-b3a6-440f-933a-79ff41fe5b67	t	2025-05-21 03:06:36.208605+00	2025-05-21 04:22:44.025652+00	7i37ma3ckwrv	1c926623-c199-4fab-8070-90492612975e
00000000-0000-0000-0000-000000000000	934	mpaaeg2ebog2	5ad0bb87-f4fc-413c-adba-ef4b0b9402d1	t	2025-05-19 21:47:07.063917+00	2025-05-19 22:46:45.826873+00	l7iu6p5so4fo	3bc105e2-76af-4559-80eb-f6efb8cb99c7
00000000-0000-0000-0000-000000000000	938	dqb56alkkjrh	5f096705-11c3-49b1-b42c-d7bd17a75439	t	2025-05-19 22:30:23.513689+00	2025-05-19 23:32:54.618751+00	dwaqtvlrl3c5	211c5520-7305-46db-8985-6910f50f4c44
00000000-0000-0000-0000-000000000000	991	rcfpiraakubn	5ad0bb87-f4fc-413c-adba-ef4b0b9402d1	t	2025-05-21 04:57:27.434939+00	2025-05-21 06:16:03.19305+00	bt5gtznkdapc	3bc105e2-76af-4559-80eb-f6efb8cb99c7
00000000-0000-0000-0000-000000000000	947	tdewsv6q5rzt	5ad0bb87-f4fc-413c-adba-ef4b0b9402d1	t	2025-05-20 05:01:50.203491+00	2025-05-20 06:08:02.848225+00	jdc7ncubnjbd	3bc105e2-76af-4559-80eb-f6efb8cb99c7
00000000-0000-0000-0000-000000000000	999	io5a3gohxxlw	5ad0bb87-f4fc-413c-adba-ef4b0b9402d1	f	2025-05-21 08:16:50.997638+00	2025-05-21 08:16:50.997638+00	ilg6k65hzfxg	3bc105e2-76af-4559-80eb-f6efb8cb99c7
00000000-0000-0000-0000-000000000000	983	u2pu6zjwldoq	36abc818-b3a6-440f-933a-79ff41fe5b67	t	2025-05-20 23:33:10.731085+00	2025-05-21 08:25:47.425082+00	xco7gomwpmcs	27093930-ba02-4970-98eb-710607d8032f
00000000-0000-0000-0000-000000000000	1007	32vhhtew5c5m	386e63ba-dc8f-4af6-9447-44f7976a4a0c	t	2025-05-21 18:10:49.807032+00	2025-05-21 19:09:01.104298+00	\N	9e75b5b1-16ab-4c8e-825e-49d366f51b23
00000000-0000-0000-0000-000000000000	1012	4ec6ybwmakhg	36abc818-b3a6-440f-933a-79ff41fe5b67	f	2025-05-21 19:59:29.810258+00	2025-05-21 19:59:29.810258+00	eeggdda6a7nn	1c926623-c199-4fab-8070-90492612975e
00000000-0000-0000-0000-000000000000	421	4au7IEyFLOWgx05eYcv2Kw	3912d459-b96e-4150-9a2a-fb9135ebc374	t	2025-04-28 23:55:23.170627+00	2025-04-29 20:45:55.753093+00	Nu8EZtt0foJLFSc1geS7uA	bfd59fca-362e-4e20-84f3-973ba1b0201e
00000000-0000-0000-0000-000000000000	882	pc5v33jbppxg	5ad0bb87-f4fc-413c-adba-ef4b0b9402d1	t	2025-05-18 04:51:04.273797+00	2025-05-21 08:26:06.043289+00	ujl2cf7d3tpb	23002a0d-ebc1-4fee-9f6a-892146fb4e72
00000000-0000-0000-0000-000000000000	763	bqa4w4tkwncd	36abc818-b3a6-440f-933a-79ff41fe5b67	t	2025-05-14 18:50:18.869013+00	2025-05-14 18:50:18.992523+00	\N	2dda1cc3-c3c9-47bc-9005-f73647f84331
00000000-0000-0000-0000-000000000000	764	loerfih4jr24	36abc818-b3a6-440f-933a-79ff41fe5b67	t	2025-05-14 18:50:18.993217+00	2025-05-14 18:50:19.14042+00	bqa4w4tkwncd	2dda1cc3-c3c9-47bc-9005-f73647f84331
00000000-0000-0000-0000-000000000000	765	yorif4gc2nm7	36abc818-b3a6-440f-933a-79ff41fe5b67	t	2025-05-14 18:50:19.140774+00	2025-05-14 18:50:19.276156+00	loerfih4jr24	2dda1cc3-c3c9-47bc-9005-f73647f84331
00000000-0000-0000-0000-000000000000	766	xxjtkn5wvu3s	36abc818-b3a6-440f-933a-79ff41fe5b67	t	2025-05-14 18:50:19.276472+00	2025-05-14 18:50:19.408609+00	yorif4gc2nm7	2dda1cc3-c3c9-47bc-9005-f73647f84331
00000000-0000-0000-0000-000000000000	814	lmqjouio7yhx	7b23b8a4-8f26-40a9-86c0-c591b423ea6a	t	2025-05-15 20:31:43.722309+00	2025-05-15 21:30:09.76022+00	lxxwskjnawro	851ff9fd-c7c1-41d0-ab53-677a34b2d691
00000000-0000-0000-0000-000000000000	767	y6zlqlvesdvb	36abc818-b3a6-440f-933a-79ff41fe5b67	t	2025-05-14 18:50:19.4096+00	2025-05-14 18:50:19.515177+00	xxjtkn5wvu3s	2dda1cc3-c3c9-47bc-9005-f73647f84331
00000000-0000-0000-0000-000000000000	768	iwbgyy46irud	36abc818-b3a6-440f-933a-79ff41fe5b67	t	2025-05-14 18:50:19.515576+00	2025-05-14 18:50:19.784909+00	y6zlqlvesdvb	2dda1cc3-c3c9-47bc-9005-f73647f84331
00000000-0000-0000-0000-000000000000	769	ntvdqxl6quuc	36abc818-b3a6-440f-933a-79ff41fe5b67	t	2025-05-14 18:50:19.785325+00	2025-05-14 18:50:19.897021+00	iwbgyy46irud	2dda1cc3-c3c9-47bc-9005-f73647f84331
00000000-0000-0000-0000-000000000000	770	f6gvpfdufki7	36abc818-b3a6-440f-933a-79ff41fe5b67	t	2025-05-14 18:50:19.897296+00	2025-05-14 18:50:19.996798+00	ntvdqxl6quuc	2dda1cc3-c3c9-47bc-9005-f73647f84331
00000000-0000-0000-0000-000000000000	893	r2gyhryilyq7	7b23b8a4-8f26-40a9-86c0-c591b423ea6a	f	2025-05-18 13:17:13.575753+00	2025-05-18 13:17:13.575753+00	moeoopt6sqfu	422ae626-497f-4e14-b7e2-57f7e28226f2
00000000-0000-0000-0000-000000000000	771	ltbp23z442jv	36abc818-b3a6-440f-933a-79ff41fe5b67	t	2025-05-14 18:50:19.997068+00	2025-05-14 18:50:20.123299+00	f6gvpfdufki7	2dda1cc3-c3c9-47bc-9005-f73647f84331
00000000-0000-0000-0000-000000000000	894	5e5lajopa4f2	36abc818-b3a6-440f-933a-79ff41fe5b67	f	2025-05-18 13:18:01.576986+00	2025-05-18 13:18:01.576986+00	\N	1e8e9eba-defd-43b5-9985-8f5cad50dd67
00000000-0000-0000-0000-000000000000	772	6wcsj23hwgnp	36abc818-b3a6-440f-933a-79ff41fe5b67	t	2025-05-14 18:50:20.124087+00	2025-05-14 18:50:20.228961+00	ltbp23z442jv	2dda1cc3-c3c9-47bc-9005-f73647f84331
00000000-0000-0000-0000-000000000000	431	fZTXw-_QITazwQim2E08Bg	fc1276e7-efc6-4ec5-b2cd-bfab2005930e	t	2025-04-29 22:05:27.273912+00	2025-05-16 22:07:12.605034+00	\N	db202db8-5097-4521-a7f5-2e641c94ac72
00000000-0000-0000-0000-000000000000	773	azyc2odxvlnk	36abc818-b3a6-440f-933a-79ff41fe5b67	t	2025-05-14 18:50:20.229884+00	2025-05-14 18:50:20.456232+00	6wcsj23hwgnp	2dda1cc3-c3c9-47bc-9005-f73647f84331
00000000-0000-0000-0000-000000000000	774	yhlwioxcd3ze	36abc818-b3a6-440f-933a-79ff41fe5b67	t	2025-05-14 18:50:20.456509+00	2025-05-14 18:50:23.118528+00	azyc2odxvlnk	2dda1cc3-c3c9-47bc-9005-f73647f84331
00000000-0000-0000-0000-000000000000	836	dnrr2g2ur54c	36abc818-b3a6-440f-933a-79ff41fe5b67	t	2025-05-16 21:33:42.221689+00	2025-05-16 22:31:49.585129+00	\N	ebc797ba-dabd-420a-89f5-b05e6a7e9e3e
00000000-0000-0000-0000-000000000000	775	uwszacbuusss	36abc818-b3a6-440f-933a-79ff41fe5b67	t	2025-05-14 18:50:23.118809+00	2025-05-14 18:50:23.371495+00	yhlwioxcd3ze	2dda1cc3-c3c9-47bc-9005-f73647f84331
00000000-0000-0000-0000-000000000000	899	nyiog2ykqg5e	5ad0bb87-f4fc-413c-adba-ef4b0b9402d1	t	2025-05-18 20:54:34.997083+00	2025-05-18 21:54:29.182977+00	5c3ngng2uadb	3bc105e2-76af-4559-80eb-f6efb8cb99c7
00000000-0000-0000-0000-000000000000	776	jk4vfmxbq4wz	36abc818-b3a6-440f-933a-79ff41fe5b67	t	2025-05-14 18:50:23.371756+00	2025-05-14 18:50:23.500284+00	uwszacbuusss	2dda1cc3-c3c9-47bc-9005-f73647f84331
00000000-0000-0000-0000-000000000000	777	p5nup5ttnc7c	36abc818-b3a6-440f-933a-79ff41fe5b67	t	2025-05-14 18:50:23.501124+00	2025-05-14 18:50:23.610976+00	jk4vfmxbq4wz	2dda1cc3-c3c9-47bc-9005-f73647f84331
00000000-0000-0000-0000-000000000000	848	fig67dvld7mz	5ad0bb87-f4fc-413c-adba-ef4b0b9402d1	t	2025-05-16 22:53:52.701781+00	2025-05-17 01:03:18.137598+00	\N	3bc105e2-76af-4559-80eb-f6efb8cb99c7
00000000-0000-0000-0000-000000000000	778	a5q65y7ad5wa	36abc818-b3a6-440f-933a-79ff41fe5b67	t	2025-05-14 18:50:23.611273+00	2025-05-14 18:50:23.733521+00	p5nup5ttnc7c	2dda1cc3-c3c9-47bc-9005-f73647f84331
00000000-0000-0000-0000-000000000000	779	ewa6y6iuwbeg	36abc818-b3a6-440f-933a-79ff41fe5b67	t	2025-05-14 18:50:23.733823+00	2025-05-14 18:50:24.843995+00	a5q65y7ad5wa	2dda1cc3-c3c9-47bc-9005-f73647f84331
00000000-0000-0000-0000-000000000000	780	7vdefeyyssqi	36abc818-b3a6-440f-933a-79ff41fe5b67	t	2025-05-14 18:50:24.844283+00	2025-05-14 18:50:24.954651+00	ewa6y6iuwbeg	2dda1cc3-c3c9-47bc-9005-f73647f84331
00000000-0000-0000-0000-000000000000	781	aqujxf7gg5yv	36abc818-b3a6-440f-933a-79ff41fe5b67	t	2025-05-14 18:50:24.954931+00	2025-05-14 18:50:25.168801+00	7vdefeyyssqi	2dda1cc3-c3c9-47bc-9005-f73647f84331
00000000-0000-0000-0000-000000000000	906	gzzsjrimosyo	5ad0bb87-f4fc-413c-adba-ef4b0b9402d1	t	2025-05-19 00:43:58.291624+00	2025-05-19 02:42:36.012143+00	at4b5vcferk7	3bc105e2-76af-4559-80eb-f6efb8cb99c7
00000000-0000-0000-0000-000000000000	782	fkyxgrfgwmxh	36abc818-b3a6-440f-933a-79ff41fe5b67	t	2025-05-14 18:50:25.169086+00	2025-05-14 18:50:25.291426+00	aqujxf7gg5yv	2dda1cc3-c3c9-47bc-9005-f73647f84331
00000000-0000-0000-0000-000000000000	783	pd6ids24wbvu	36abc818-b3a6-440f-933a-79ff41fe5b67	t	2025-05-14 18:50:25.291692+00	2025-05-14 18:50:25.392188+00	fkyxgrfgwmxh	2dda1cc3-c3c9-47bc-9005-f73647f84331
00000000-0000-0000-0000-000000000000	905	7qo2ccbhqs2y	36abc818-b3a6-440f-933a-79ff41fe5b67	t	2025-05-19 00:43:23.183263+00	2025-05-19 05:20:05.475158+00	hqyfvywrexie	1c926623-c199-4fab-8070-90492612975e
00000000-0000-0000-0000-000000000000	784	yyxukws5k2p7	36abc818-b3a6-440f-933a-79ff41fe5b67	t	2025-05-14 18:50:25.392464+00	2025-05-14 18:50:25.49516+00	pd6ids24wbvu	2dda1cc3-c3c9-47bc-9005-f73647f84331
00000000-0000-0000-0000-000000000000	785	xasgxx45xhhi	36abc818-b3a6-440f-933a-79ff41fe5b67	t	2025-05-14 18:50:25.495441+00	2025-05-14 18:50:25.595456+00	yyxukws5k2p7	2dda1cc3-c3c9-47bc-9005-f73647f84331
00000000-0000-0000-0000-000000000000	916	7pztixvrfmbz	5f096705-11c3-49b1-b42c-d7bd17a75439	t	2025-05-19 07:22:10.329854+00	2025-05-19 19:32:02.79074+00	6i2dzwmx66d7	211c5520-7305-46db-8985-6910f50f4c44
00000000-0000-0000-0000-000000000000	786	vjlkcf2q3srd	36abc818-b3a6-440f-933a-79ff41fe5b67	t	2025-05-14 18:50:25.595732+00	2025-05-14 18:50:25.698598+00	xasgxx45xhhi	2dda1cc3-c3c9-47bc-9005-f73647f84331
00000000-0000-0000-0000-000000000000	911	jlvsfjtzq2ge	36abc818-b3a6-440f-933a-79ff41fe5b67	t	2025-05-19 04:30:53.710426+00	2025-05-19 19:35:17.075038+00	\N	367618b0-b43e-45da-94a4-9d5a0574f85c
00000000-0000-0000-0000-000000000000	787	qod22si7givy	36abc818-b3a6-440f-933a-79ff41fe5b67	t	2025-05-14 18:50:25.698918+00	2025-05-14 18:50:25.827577+00	vjlkcf2q3srd	2dda1cc3-c3c9-47bc-9005-f73647f84331
00000000-0000-0000-0000-000000000000	921	soo6f3dy2cg7	36abc818-b3a6-440f-933a-79ff41fe5b67	f	2025-05-19 19:35:17.076934+00	2025-05-19 19:35:17.076934+00	jlvsfjtzq2ge	367618b0-b43e-45da-94a4-9d5a0574f85c
00000000-0000-0000-0000-000000000000	788	2bge6547lfhv	36abc818-b3a6-440f-933a-79ff41fe5b67	t	2025-05-14 18:50:25.827863+00	2025-05-14 18:50:25.944022+00	qod22si7givy	2dda1cc3-c3c9-47bc-9005-f73647f84331
00000000-0000-0000-0000-000000000000	922	5w27l6jfiz2l	36abc818-b3a6-440f-933a-79ff41fe5b67	f	2025-05-19 19:35:21.813281+00	2025-05-19 19:35:21.813281+00	\N	c7341647-6eb9-4457-a67e-719c8786c53e
00000000-0000-0000-0000-000000000000	789	fb736rmpqmni	36abc818-b3a6-440f-933a-79ff41fe5b67	t	2025-05-14 18:50:25.944291+00	2025-05-14 18:50:26.048178+00	2bge6547lfhv	2dda1cc3-c3c9-47bc-9005-f73647f84331
00000000-0000-0000-0000-000000000000	790	qfsewhucdfgd	36abc818-b3a6-440f-933a-79ff41fe5b67	t	2025-05-14 18:50:26.048528+00	2025-05-14 18:50:26.150784+00	fb736rmpqmni	2dda1cc3-c3c9-47bc-9005-f73647f84331
00000000-0000-0000-0000-000000000000	791	b4ksbnziyqgj	36abc818-b3a6-440f-933a-79ff41fe5b67	t	2025-05-14 18:50:26.151096+00	2025-05-14 18:50:26.25914+00	qfsewhucdfgd	2dda1cc3-c3c9-47bc-9005-f73647f84331
00000000-0000-0000-0000-000000000000	930	l7iu6p5so4fo	5ad0bb87-f4fc-413c-adba-ef4b0b9402d1	t	2025-05-19 20:46:14.52367+00	2025-05-19 21:47:07.057563+00	qfhefvezlkg6	3bc105e2-76af-4559-80eb-f6efb8cb99c7
00000000-0000-0000-0000-000000000000	792	p2tzxy5fzfsb	36abc818-b3a6-440f-933a-79ff41fe5b67	t	2025-05-14 18:50:26.259455+00	2025-05-14 18:50:26.357495+00	b4ksbnziyqgj	2dda1cc3-c3c9-47bc-9005-f73647f84331
00000000-0000-0000-0000-000000000000	793	bbczbfa55hi4	36abc818-b3a6-440f-933a-79ff41fe5b67	t	2025-05-14 18:50:26.357759+00	2025-05-14 18:50:26.455598+00	p2tzxy5fzfsb	2dda1cc3-c3c9-47bc-9005-f73647f84331
00000000-0000-0000-0000-000000000000	794	qqkljk7vdrqq	36abc818-b3a6-440f-933a-79ff41fe5b67	t	2025-05-14 18:50:26.455905+00	2025-05-14 18:50:26.569205+00	bbczbfa55hi4	2dda1cc3-c3c9-47bc-9005-f73647f84331
00000000-0000-0000-0000-000000000000	795	6upw5zckgvaj	36abc818-b3a6-440f-933a-79ff41fe5b67	f	2025-05-14 18:50:26.569485+00	2025-05-14 18:50:26.569485+00	qqkljk7vdrqq	2dda1cc3-c3c9-47bc-9005-f73647f84331
00000000-0000-0000-0000-000000000000	422	AQ4vBylU7Hpgu9Bi1c184g	3912d459-b96e-4150-9a2a-fb9135ebc374	f	2025-04-29 20:45:55.759681+00	2025-04-29 20:45:55.759681+00	4au7IEyFLOWgx05eYcv2Kw	bfd59fca-362e-4e20-84f3-973ba1b0201e
00000000-0000-0000-0000-000000000000	948	6f3or7uhmyv3	36abc818-b3a6-440f-933a-79ff41fe5b67	t	2025-05-20 05:20:23.014091+00	2025-05-20 06:35:18.391086+00	zvbuxi7yf76z	1c926623-c199-4fab-8070-90492612975e
00000000-0000-0000-0000-000000000000	954	zptbqag4ljah	36abc818-b3a6-440f-933a-79ff41fe5b67	t	2025-05-20 16:29:16.411228+00	2025-05-20 17:48:31.800271+00	57os57npqmmv	1c926623-c199-4fab-8070-90492612975e
00000000-0000-0000-0000-000000000000	854	ujl2cf7d3tpb	5ad0bb87-f4fc-413c-adba-ef4b0b9402d1	t	2025-05-16 23:40:32.355064+00	2025-05-18 04:51:04.27181+00	\N	23002a0d-ebc1-4fee-9f6a-892146fb4e72
00000000-0000-0000-0000-000000000000	807	dvjsgtc4jevk	86315508-992d-4200-a53d-3a2a99f47329	f	2025-05-15 16:12:55.216458+00	2025-05-15 16:12:55.216458+00	\N	38b585e9-9268-42d3-a0ac-88a035a8d5b7
00000000-0000-0000-0000-000000000000	808	yu57nwopzeel	86315508-992d-4200-a53d-3a2a99f47329	f	2025-05-15 16:13:39.38657+00	2025-05-15 16:13:39.38657+00	\N	4d6029a6-9e04-4b70-b168-79d77c684559
00000000-0000-0000-0000-000000000000	809	2ziged6kjejm	7b23b8a4-8f26-40a9-86c0-c591b423ea6a	f	2025-05-15 16:14:29.405415+00	2025-05-15 16:14:29.405415+00	\N	4ec60657-5f2c-4759-a834-509a35f140f6
00000000-0000-0000-0000-000000000000	943	fhhvkddtf2so	5f096705-11c3-49b1-b42c-d7bd17a75439	t	2025-05-19 23:32:54.626097+00	2025-05-20 19:25:43.126255+00	dqb56alkkjrh	211c5520-7305-46db-8985-6910f50f4c44
00000000-0000-0000-0000-000000000000	810	zxhfs6ptw7ty	7b23b8a4-8f26-40a9-86c0-c591b423ea6a	t	2025-05-15 16:15:04.63326+00	2025-05-15 17:13:25.119886+00	\N	851ff9fd-c7c1-41d0-ab53-677a34b2d691
00000000-0000-0000-0000-000000000000	883	t5eaaxdml5ux	5ad0bb87-f4fc-413c-adba-ef4b0b9402d1	t	2025-05-18 05:03:18.272291+00	2025-05-18 06:34:47.635921+00	hajhxpmj5t4t	3bc105e2-76af-4559-80eb-f6efb8cb99c7
00000000-0000-0000-0000-000000000000	958	dkeri63mc2ab	5ad0bb87-f4fc-413c-adba-ef4b0b9402d1	t	2025-05-20 19:03:02.791401+00	2025-05-20 20:10:41.10916+00	jzq5ijelo2fw	3bc105e2-76af-4559-80eb-f6efb8cb99c7
00000000-0000-0000-0000-000000000000	965	ushcki2eet6t	5ad0bb87-f4fc-413c-adba-ef4b0b9402d1	t	2025-05-20 20:10:41.109918+00	2025-05-20 21:14:47.274026+00	dkeri63mc2ab	3bc105e2-76af-4559-80eb-f6efb8cb99c7
00000000-0000-0000-0000-000000000000	895	ja23muo26wgh	7b23b8a4-8f26-40a9-86c0-c591b423ea6a	f	2025-05-18 13:19:34.211219+00	2025-05-18 13:19:34.211219+00	\N	6e9e8735-0c14-45f5-92ed-c1bb97218c6c
00000000-0000-0000-0000-000000000000	900	hsgg47m3sfok	5ad0bb87-f4fc-413c-adba-ef4b0b9402d1	t	2025-05-18 21:54:29.19232+00	2025-05-18 22:54:06.793605+00	nyiog2ykqg5e	3bc105e2-76af-4559-80eb-f6efb8cb99c7
00000000-0000-0000-0000-000000000000	820	2vg7rw3o6ef6	7b23b8a4-8f26-40a9-86c0-c591b423ea6a	t	2025-05-15 22:29:01.632435+00	2025-05-16 21:39:17.243491+00	wyxli35dejlc	851ff9fd-c7c1-41d0-ab53-677a34b2d691
00000000-0000-0000-0000-000000000000	844	w2ae3xjpia4o	5ad0bb87-f4fc-413c-adba-ef4b0b9402d1	f	2025-05-16 22:16:35.82198+00	2025-05-16 22:16:35.82198+00	\N	773fb81f-b640-4fad-97c7-78b6bf2da4bb
00000000-0000-0000-0000-000000000000	837	p3pf3phyf2nd	7b23b8a4-8f26-40a9-86c0-c591b423ea6a	t	2025-05-16 21:39:17.247698+00	2025-05-16 23:04:22.937873+00	2vg7rw3o6ef6	851ff9fd-c7c1-41d0-ab53-677a34b2d691
00000000-0000-0000-0000-000000000000	849	qsav5ctiy52l	7b23b8a4-8f26-40a9-86c0-c591b423ea6a	f	2025-05-16 23:04:22.94276+00	2025-05-16 23:04:22.94276+00	p3pf3phyf2nd	851ff9fd-c7c1-41d0-ab53-677a34b2d691
00000000-0000-0000-0000-000000000000	971	usegh2mdhba4	5ad0bb87-f4fc-413c-adba-ef4b0b9402d1	t	2025-05-20 21:14:47.279631+00	2025-05-20 22:15:14.744844+00	ushcki2eet6t	3bc105e2-76af-4559-80eb-f6efb8cb99c7
00000000-0000-0000-0000-000000000000	907	ndecq4zgc3ba	36abc818-b3a6-440f-933a-79ff41fe5b67	t	2025-05-19 00:51:53.471132+00	2025-05-19 03:28:48.401081+00	xpvald3qtiau	fc755c43-02c8-4c9a-8813-e49266b21221
00000000-0000-0000-0000-000000000000	912	piziby4vp6cx	5ad0bb87-f4fc-413c-adba-ef4b0b9402d1	t	2025-05-19 04:45:09.537224+00	2025-05-19 06:56:14.999802+00	5jcra7ixnwtq	3bc105e2-76af-4559-80eb-f6efb8cb99c7
00000000-0000-0000-0000-000000000000	976	bfr4gfirvu3x	36abc818-b3a6-440f-933a-79ff41fe5b67	t	2025-05-20 22:00:57.334793+00	2025-05-20 22:59:39.247048+00	ov6ex7kw6lzc	1c926623-c199-4fab-8070-90492612975e
00000000-0000-0000-0000-000000000000	917	qfhefvezlkg6	5ad0bb87-f4fc-413c-adba-ef4b0b9402d1	t	2025-05-19 08:42:07.8277+00	2025-05-19 20:46:14.522215+00	v2wpzywq4xrk	3bc105e2-76af-4559-80eb-f6efb8cb99c7
00000000-0000-0000-0000-000000000000	988	bt5gtznkdapc	5ad0bb87-f4fc-413c-adba-ef4b0b9402d1	t	2025-05-21 03:52:56.726706+00	2025-05-21 04:57:27.430549+00	dw6kzzmetyrw	3bc105e2-76af-4559-80eb-f6efb8cb99c7
00000000-0000-0000-0000-000000000000	992	wexff4k2sgzx	36abc818-b3a6-440f-933a-79ff41fe5b67	t	2025-05-21 05:24:50.166307+00	2025-05-21 06:48:33.594811+00	fs5fgp3rggkx	1c926623-c199-4fab-8070-90492612975e
00000000-0000-0000-0000-000000000000	996	ewsy2oruzxnz	36abc818-b3a6-440f-933a-79ff41fe5b67	t	2025-05-21 06:48:33.600603+00	2025-05-21 07:48:42.15626+00	wexff4k2sgzx	1c926623-c199-4fab-8070-90492612975e
00000000-0000-0000-0000-000000000000	1000	pk7s4tm66v44	36abc818-b3a6-440f-933a-79ff41fe5b67	f	2025-05-21 08:25:47.42947+00	2025-05-21 08:25:47.42947+00	u2pu6zjwldoq	27093930-ba02-4970-98eb-710607d8032f
00000000-0000-0000-0000-000000000000	1001	b2dbuqpp62vh	36abc818-b3a6-440f-933a-79ff41fe5b67	f	2025-05-21 08:25:51.96553+00	2025-05-21 08:25:51.96553+00	\N	3951987a-3611-42dc-9c87-bf3a0e50608d
00000000-0000-0000-0000-000000000000	1002	yz56epbsiymj	5ad0bb87-f4fc-413c-adba-ef4b0b9402d1	f	2025-05-21 08:26:06.046235+00	2025-05-21 08:26:06.046235+00	pc5v33jbppxg	23002a0d-ebc1-4fee-9f6a-892146fb4e72
00000000-0000-0000-0000-000000000000	1003	f6gziho3dhee	5ad0bb87-f4fc-413c-adba-ef4b0b9402d1	f	2025-05-21 08:26:14.83142+00	2025-05-21 08:26:14.83142+00	\N	238d872d-b51d-4a21-83ab-fa9e25a26968
00000000-0000-0000-0000-000000000000	980	aihywj523gbc	5f096705-11c3-49b1-b42c-d7bd17a75439	t	2025-05-20 22:58:04.132867+00	2025-05-21 18:07:47.427451+00	osao5aczx2ly	5c133d3a-4232-489a-811b-aff07f5a03ba
00000000-0000-0000-0000-000000000000	1008	t6t7xengb6e4	5f096705-11c3-49b1-b42c-d7bd17a75439	f	2025-05-21 18:43:54.19241+00	2025-05-21 18:43:54.19241+00	\N	79725ac6-0ca2-4144-98be-af92c5b780df
00000000-0000-0000-0000-000000000000	1009	5e42zik35l4q	5f096705-11c3-49b1-b42c-d7bd17a75439	f	2025-05-21 18:43:58.25685+00	2025-05-21 18:43:58.25685+00	\N	e2e1cb75-20f0-4f86-a35e-5a836e36d070
00000000-0000-0000-0000-000000000000	953	j6k3g75uero4	5ad0bb87-f4fc-413c-adba-ef4b0b9402d1	t	2025-05-20 08:33:59.640767+00	2025-05-20 17:29:54.536679+00	la2snbzmmtuq	3bc105e2-76af-4559-80eb-f6efb8cb99c7
00000000-0000-0000-0000-000000000000	811	qbegqgwowbvy	7b23b8a4-8f26-40a9-86c0-c591b423ea6a	t	2025-05-15 17:13:25.128457+00	2025-05-15 19:15:20.334359+00	zxhfs6ptw7ty	851ff9fd-c7c1-41d0-ab53-677a34b2d691
00000000-0000-0000-0000-000000000000	878	54zg6xzpvdgs	36abc818-b3a6-440f-933a-79ff41fe5b67	f	2025-05-18 03:20:42.469136+00	2025-05-18 03:20:42.469136+00	dwr4dagjzmho	469f907d-e729-4467-9afb-a06a53f95dad
00000000-0000-0000-0000-000000000000	861	hajhxpmj5t4t	5ad0bb87-f4fc-413c-adba-ef4b0b9402d1	t	2025-05-17 05:49:23.083389+00	2025-05-18 05:03:18.269788+00	757liv3r7l3z	3bc105e2-76af-4559-80eb-f6efb8cb99c7
00000000-0000-0000-0000-000000000000	955	jzq5ijelo2fw	5ad0bb87-f4fc-413c-adba-ef4b0b9402d1	t	2025-05-20 17:29:54.551574+00	2025-05-20 19:03:02.786964+00	j6k3g75uero4	3bc105e2-76af-4559-80eb-f6efb8cb99c7
00000000-0000-0000-0000-000000000000	959	uawl7nv4dugt	5f096705-11c3-49b1-b42c-d7bd17a75439	f	2025-05-20 19:25:43.130519+00	2025-05-20 19:25:43.130519+00	fhhvkddtf2so	211c5520-7305-46db-8985-6910f50f4c44
00000000-0000-0000-0000-000000000000	896	pzmyc5w74d3p	7b23b8a4-8f26-40a9-86c0-c591b423ea6a	f	2025-05-18 13:26:53.482266+00	2025-05-18 13:26:53.482266+00	\N	15514312-f649-469d-96e7-49281ba9f0ce
00000000-0000-0000-0000-000000000000	879	n4q3hgt4z55m	36abc818-b3a6-440f-933a-79ff41fe5b67	t	2025-05-18 03:20:43.094964+00	2025-05-18 23:17:22.956751+00	\N	ffe42c77-5222-4a0e-9793-2cfc1fac8b99
00000000-0000-0000-0000-000000000000	901	at4b5vcferk7	5ad0bb87-f4fc-413c-adba-ef4b0b9402d1	t	2025-05-18 22:54:06.801794+00	2025-05-19 00:43:58.290792+00	hsgg47m3sfok	3bc105e2-76af-4559-80eb-f6efb8cb99c7
00000000-0000-0000-0000-000000000000	908	5jcra7ixnwtq	5ad0bb87-f4fc-413c-adba-ef4b0b9402d1	t	2025-05-19 02:42:36.024497+00	2025-05-19 04:45:09.529715+00	gzzsjrimosyo	3bc105e2-76af-4559-80eb-f6efb8cb99c7
00000000-0000-0000-0000-000000000000	845	vae6dfojqvht	5f096705-11c3-49b1-b42c-d7bd17a75439	f	2025-05-16 22:18:47.477511+00	2025-05-16 22:18:47.477511+00	\N	dd7bbed3-52d5-4e2c-b607-9c687a8161f0
00000000-0000-0000-0000-000000000000	856	p5oyal32btdp	7b23b8a4-8f26-40a9-86c0-c591b423ea6a	f	2025-05-16 23:54:12.414341+00	2025-05-16 23:54:12.414341+00	\N	5190ee94-aebd-4c95-b127-bd9175b424e0
00000000-0000-0000-0000-000000000000	913	kf7i6xu5tiet	36abc818-b3a6-440f-933a-79ff41fe5b67	t	2025-05-19 05:20:05.47883+00	2025-05-19 16:11:12.516551+00	7qo2ccbhqs2y	1c926623-c199-4fab-8070-90492612975e
00000000-0000-0000-0000-000000000000	918	f5tufo4o5pxg	36abc818-b3a6-440f-933a-79ff41fe5b67	t	2025-05-19 16:11:12.529613+00	2025-05-19 17:26:48.338484+00	kf7i6xu5tiet	1c926623-c199-4fab-8070-90492612975e
00000000-0000-0000-0000-000000000000	977	rgpqt2nv5pip	5ad0bb87-f4fc-413c-adba-ef4b0b9402d1	t	2025-05-20 22:15:14.749591+00	2025-05-20 23:21:20.057332+00	usegh2mdhba4	3bc105e2-76af-4559-80eb-f6efb8cb99c7
00000000-0000-0000-0000-000000000000	932	w4zjilb7uxny	36abc818-b3a6-440f-933a-79ff41fe5b67	t	2025-05-19 21:21:11.237149+00	2025-05-19 22:20:10.642465+00	mm34pqzx4gxa	4a1fc80b-135d-44c8-af8a-882d01408743
00000000-0000-0000-0000-000000000000	981	wlqyaiil7mdn	36abc818-b3a6-440f-933a-79ff41fe5b67	t	2025-05-20 22:59:39.247751+00	2025-05-21 02:04:37.267659+00	bfr4gfirvu3x	1c926623-c199-4fab-8070-90492612975e
00000000-0000-0000-0000-000000000000	940	y6yq3zbeqmi2	5ad0bb87-f4fc-413c-adba-ef4b0b9402d1	t	2025-05-19 22:46:45.834337+00	2025-05-19 23:46:10.090383+00	mpaaeg2ebog2	3bc105e2-76af-4559-80eb-f6efb8cb99c7
00000000-0000-0000-0000-000000000000	985	7i37ma3ckwrv	36abc818-b3a6-440f-933a-79ff41fe5b67	t	2025-05-21 02:04:37.275973+00	2025-05-21 03:06:36.204896+00	wlqyaiil7mdn	1c926623-c199-4fab-8070-90492612975e
00000000-0000-0000-0000-000000000000	989	fs5fgp3rggkx	36abc818-b3a6-440f-933a-79ff41fe5b67	t	2025-05-21 04:22:44.030189+00	2025-05-21 05:24:50.161952+00	utqhdp6cbcuy	1c926623-c199-4fab-8070-90492612975e
00000000-0000-0000-0000-000000000000	997	ilg6k65hzfxg	5ad0bb87-f4fc-413c-adba-ef4b0b9402d1	t	2025-05-21 07:16:42.881814+00	2025-05-21 08:16:50.977869+00	rmj4gt6pavbx	3bc105e2-76af-4559-80eb-f6efb8cb99c7
00000000-0000-0000-0000-000000000000	1004	qg3z6lusyoek	36abc818-b3a6-440f-933a-79ff41fe5b67	t	2025-05-21 08:53:11.477671+00	2025-05-21 18:56:27.760298+00	dbpw3exzshbc	1c926623-c199-4fab-8070-90492612975e
00000000-0000-0000-0000-000000000000	1010	eeggdda6a7nn	36abc818-b3a6-440f-933a-79ff41fe5b67	t	2025-05-21 18:56:27.764681+00	2025-05-21 19:59:29.807243+00	qg3z6lusyoek	1c926623-c199-4fab-8070-90492612975e
00000000-0000-0000-0000-000000000000	950	chp5rmntaivo	5ad0bb87-f4fc-413c-adba-ef4b0b9402d1	t	2025-05-20 06:08:02.854195+00	2025-05-20 07:21:18.296417+00	tdewsv6q5rzt	3bc105e2-76af-4559-80eb-f6efb8cb99c7
00000000-0000-0000-0000-000000000000	956	pvd75okqvb2g	36abc818-b3a6-440f-933a-79ff41fe5b67	t	2025-05-20 17:48:31.802835+00	2025-05-20 19:00:15.282447+00	zptbqag4ljah	1c926623-c199-4fab-8070-90492612975e
00000000-0000-0000-0000-000000000000	812	lxxwskjnawro	7b23b8a4-8f26-40a9-86c0-c591b423ea6a	t	2025-05-15 19:15:20.338696+00	2025-05-15 20:31:43.720131+00	qbegqgwowbvy	851ff9fd-c7c1-41d0-ab53-677a34b2d691
00000000-0000-0000-0000-000000000000	960	7bezevifzv6a	5f096705-11c3-49b1-b42c-d7bd17a75439	t	2025-05-20 20:02:48.052994+00	2025-05-20 21:01:14.955509+00	\N	5c133d3a-4232-489a-811b-aff07f5a03ba
00000000-0000-0000-0000-000000000000	857	moeoopt6sqfu	7b23b8a4-8f26-40a9-86c0-c591b423ea6a	t	2025-05-16 23:56:29.475559+00	2025-05-18 13:17:13.572423+00	\N	422ae626-497f-4e14-b7e2-57f7e28226f2
00000000-0000-0000-0000-000000000000	817	wyxli35dejlc	7b23b8a4-8f26-40a9-86c0-c591b423ea6a	t	2025-05-15 21:30:09.765457+00	2025-05-15 22:29:01.625859+00	lmqjouio7yhx	851ff9fd-c7c1-41d0-ab53-677a34b2d691
00000000-0000-0000-0000-000000000000	897	45ho76bzryai	7b23b8a4-8f26-40a9-86c0-c591b423ea6a	f	2025-05-18 14:02:19.351822+00	2025-05-18 14:02:19.351822+00	\N	e7bba15f-89f5-4806-9c48-fb42e6f7ea6d
00000000-0000-0000-0000-000000000000	902	yr7oxvuzlq6z	36abc818-b3a6-440f-933a-79ff41fe5b67	f	2025-05-18 23:17:22.959579+00	2025-05-18 23:17:22.959579+00	n4q3hgt4z55m	ffe42c77-5222-4a0e-9793-2cfc1fac8b99
00000000-0000-0000-0000-000000000000	903	6at4ynkjhip4	36abc818-b3a6-440f-933a-79ff41fe5b67	f	2025-05-18 23:17:26.410623+00	2025-05-18 23:17:26.410623+00	\N	661b26a7-f968-443f-8d8f-adf6c5e6b07c
00000000-0000-0000-0000-000000000000	909	hg7kpnysky2t	36abc818-b3a6-440f-933a-79ff41fe5b67	t	2025-05-19 03:28:48.403408+00	2025-05-19 04:28:10.508424+00	ndecq4zgc3ba	fc755c43-02c8-4c9a-8813-e49266b21221
00000000-0000-0000-0000-000000000000	961	nr2wsx47axd3	36abc818-b3a6-440f-933a-79ff41fe5b67	t	2025-05-20 20:03:16.777605+00	2025-05-20 21:01:38.706849+00	4a5mcr2xvoju	1c926623-c199-4fab-8070-90492612975e
00000000-0000-0000-0000-000000000000	914	6i2dzwmx66d7	5f096705-11c3-49b1-b42c-d7bd17a75439	t	2025-05-19 06:15:23.728759+00	2025-05-19 07:22:10.326372+00	\N	211c5520-7305-46db-8985-6910f50f4c44
00000000-0000-0000-0000-000000000000	927	mm34pqzx4gxa	36abc818-b3a6-440f-933a-79ff41fe5b67	t	2025-05-19 20:02:41.333575+00	2025-05-19 21:21:11.231754+00	\N	4a1fc80b-135d-44c8-af8a-882d01408743
00000000-0000-0000-0000-000000000000	968	35lcqpw5om7n	5f096705-11c3-49b1-b42c-d7bd17a75439	t	2025-05-20 21:01:14.961011+00	2025-05-20 21:59:55.544955+00	7bezevifzv6a	5c133d3a-4232-489a-811b-aff07f5a03ba
00000000-0000-0000-0000-000000000000	969	ov6ex7kw6lzc	36abc818-b3a6-440f-933a-79ff41fe5b67	t	2025-05-20 21:01:38.707223+00	2025-05-20 22:00:57.331004+00	nr2wsx47axd3	1c926623-c199-4fab-8070-90492612975e
00000000-0000-0000-0000-000000000000	933	dwaqtvlrl3c5	5f096705-11c3-49b1-b42c-d7bd17a75439	t	2025-05-19 21:30:03.787333+00	2025-05-19 22:30:23.508425+00	ed3bpazq5smo	211c5520-7305-46db-8985-6910f50f4c44
00000000-0000-0000-0000-000000000000	974	65ghef5i4xji	5f096705-11c3-49b1-b42c-d7bd17a75439	t	2025-05-20 21:29:12.236964+00	2025-05-20 22:45:37.456716+00	\N	fcab9cbe-2679-4174-a5db-f397e680533c
00000000-0000-0000-0000-000000000000	937	re3snaly7bro	36abc818-b3a6-440f-933a-79ff41fe5b67	t	2025-05-19 22:20:10.652409+00	2025-05-19 23:21:19.309301+00	w4zjilb7uxny	4a1fc80b-135d-44c8-af8a-882d01408743
00000000-0000-0000-0000-000000000000	946	jdc7ncubnjbd	5ad0bb87-f4fc-413c-adba-ef4b0b9402d1	t	2025-05-19 23:46:10.098163+00	2025-05-20 05:01:50.194316+00	y6yq3zbeqmi2	3bc105e2-76af-4559-80eb-f6efb8cb99c7
00000000-0000-0000-0000-000000000000	919	zvbuxi7yf76z	36abc818-b3a6-440f-933a-79ff41fe5b67	t	2025-05-19 17:26:48.350844+00	2025-05-20 05:20:23.007501+00	f5tufo4o5pxg	1c926623-c199-4fab-8070-90492612975e
00000000-0000-0000-0000-000000000000	978	xco7gomwpmcs	36abc818-b3a6-440f-933a-79ff41fe5b67	t	2025-05-20 22:33:17.179818+00	2025-05-20 23:33:10.725806+00	qkrk7p6s46os	27093930-ba02-4970-98eb-710607d8032f
00000000-0000-0000-0000-000000000000	982	ozl6seznue7j	5ad0bb87-f4fc-413c-adba-ef4b0b9402d1	t	2025-05-20 23:21:20.061917+00	2025-05-21 02:53:07.733736+00	rgpqt2nv5pip	3bc105e2-76af-4559-80eb-f6efb8cb99c7
00000000-0000-0000-0000-000000000000	986	dw6kzzmetyrw	5ad0bb87-f4fc-413c-adba-ef4b0b9402d1	t	2025-05-21 02:53:07.73865+00	2025-05-21 03:52:56.721706+00	ozl6seznue7j	3bc105e2-76af-4559-80eb-f6efb8cb99c7
00000000-0000-0000-0000-000000000000	994	rmj4gt6pavbx	5ad0bb87-f4fc-413c-adba-ef4b0b9402d1	t	2025-05-21 06:16:03.19867+00	2025-05-21 07:16:42.877854+00	rcfpiraakubn	3bc105e2-76af-4559-80eb-f6efb8cb99c7
00000000-0000-0000-0000-000000000000	998	dbpw3exzshbc	36abc818-b3a6-440f-933a-79ff41fe5b67	t	2025-05-21 07:48:42.16124+00	2025-05-21 08:53:11.473122+00	ewsy2oruzxnz	1c926623-c199-4fab-8070-90492612975e
00000000-0000-0000-0000-000000000000	1006	lx5oddgtah2f	5f096705-11c3-49b1-b42c-d7bd17a75439	f	2025-05-21 18:07:47.427928+00	2025-05-21 18:07:47.427928+00	aihywj523gbc	5c133d3a-4232-489a-811b-aff07f5a03ba
00000000-0000-0000-0000-000000000000	1011	zg7zl2edid7h	386e63ba-dc8f-4af6-9447-44f7976a4a0c	f	2025-05-21 19:09:01.108264+00	2025-05-21 19:09:01.108264+00	32vhhtew5c5m	9e75b5b1-16ab-4c8e-825e-49d366f51b23
\.


--
-- Data for Name: sso_providers; Type: TABLE DATA; Schema: auth; Owner: supabase_auth_admin
--

COPY "auth"."sso_providers" ("id", "resource_id", "created_at", "updated_at") FROM stdin;
\.


--
-- Data for Name: saml_providers; Type: TABLE DATA; Schema: auth; Owner: supabase_auth_admin
--

COPY "auth"."saml_providers" ("id", "sso_provider_id", "entity_id", "metadata_xml", "metadata_url", "attribute_mapping", "created_at", "updated_at", "name_id_format") FROM stdin;
\.


--
-- Data for Name: saml_relay_states; Type: TABLE DATA; Schema: auth; Owner: supabase_auth_admin
--

COPY "auth"."saml_relay_states" ("id", "sso_provider_id", "request_id", "for_email", "redirect_to", "created_at", "updated_at", "flow_state_id") FROM stdin;
\.


--
-- Data for Name: sso_domains; Type: TABLE DATA; Schema: auth; Owner: supabase_auth_admin
--

COPY "auth"."sso_domains" ("id", "sso_provider_id", "domain", "created_at", "updated_at") FROM stdin;
\.


--
-- Data for Name: Administrador; Type: TABLE DATA; Schema: public; Owner: postgres
--

COPY "public"."Administrador" ("id") FROM stdin;
5f096705-11c3-49b1-b42c-d7bd17a75439
\.


--
-- Data for Name: Departamento; Type: TABLE DATA; Schema: public; Owner: postgres
--

COPY "public"."Departamento" ("ID_Departamento", "Nombre", "Descripcion") FROM stdin;
dd6c79f7-80fd-48b3-97f6-119551d3d2c3	TI	Tecnologias de la informacion
cf57cc7b-7d64-473a-b31e-97fc5736d380	HR	Recursos Humanos
d85d9ef9-0288-4462-bb3b-13c1d86cdf68	UX/UI	Diseo
e4661077-c41c-4f4b-ad46-c5a29baf229a	IA	Inteligencia Artificial
ba0ef5df-4b1e-4262-a8c5-b9b9fa1b9dc0	N	db
\.


--
-- Data for Name: Empleado; Type: TABLE DATA; Schema: public; Owner: postgres
--

COPY "public"."Empleado" ("ID_Empleado", "Nombre", "Rol", "ID_Departamento", "Nivel", "Cargabilidad", "FechaContratacion", "FechaUltNivel", "ID_PeopleLead", "Biografia") FROM stdin;
5f096705-11c3-49b1-b42c-d7bd17a75439	Sergio Ricardo Tellez Loaiza	Admin	dd6c79f7-80fd-48b3-97f6-119551d3d2c3	12	0%	2025-04-25	2025-04-25	66d20503-e75f-43d9-9572-54fa189dfb95	Estudiante de ITC en el tecnologico de Monterrey
900fdfaf-7517-4876-8d20-b83da73a8347	Jorge Betanzo	Developer	d85d9ef9-0288-4462-bb3b-13c1d86cdf68	10	0%	2025-04-25	2025-04-25	66d20503-e75f-43d9-9572-54fa189dfb95	ITC 6 Semestre
36abc818-b3a6-440f-933a-79ff41fe5b67	David	dev	dd6c79f7-80fd-48b3-97f6-119551d3d2c3	1	0%	2025-04-25	2025-04-25	4fde1b00-e11e-41c5-88c8-9e38d71facce	\N
fc1276e7-efc6-4ec5-b2cd-bfab2005930e	Yolanda	Dev	dd6c79f7-80fd-48b3-97f6-119551d3d2c3	11	0%	2025-04-29	2025-04-29	4fde1b00-e11e-41c5-88c8-9e38d71facce	ksd
b5c684f0-24d7-436f-b752-71cd9e361c8f	Ramn Antonio Naranjo Sarmiento	Admin	dd6c79f7-80fd-48b3-97f6-119551d3d2c3	1	0%	2004-10-17	2004-10-17	\N	\N
86315508-992d-4200-a53d-3a2a99f47329	Ricardo	Admin	cf57cc7b-7d64-473a-b31e-97fc5736d380	1	0%	2025-05-15	2025-05-15	\N	\N
7b23b8a4-8f26-40a9-86c0-c591b423ea6a	Jorge Beyanzo	QA	d85d9ef9-0288-4462-bb3b-13c1d86cdf68	10	0%	2025-05-15	2025-05-15	4fde1b00-e11e-41c5-88c8-9e38d71facce	\N
386e63ba-dc8f-4af6-9447-44f7976a4a0c	Pancho	Admin	dd6c79f7-80fd-48b3-97f6-119551d3d2c3	1	0%	2025-05-13	2025-05-13	4fde1b00-e11e-41c5-88c8-9e38d71facce	\N
5ad0bb87-f4fc-413c-adba-ef4b0b9402d1	Isaac Francisco Snchez Veloquio	Developer	ba0ef5df-4b1e-4262-a8c5-b9b9fa1b9dc0	5	0%	2023-03-10	2023-03-10	66d20503-e75f-43d9-9572-54fa189dfb95	\N
54bb3bab-94a3-420a-99da-57717c1c075a	Alfredo Emir Puente Medrano	Lo estoy haciendo todo ahhhhhh!	ba0ef5df-4b1e-4262-a8c5-b9b9fa1b9dc0	1	0%	2005-10-26	2005-10-26	\N	\N
3912d459-b96e-4150-9a2a-fb9135ebc374	Jose	Dev	cf57cc7b-7d64-473a-b31e-97fc5736d380	6	0%	2025-04-25	2025-04-25	66d20503-e75f-43d9-9572-54fa189dfb95	\N
\.


--
-- Data for Name: Capability_Lead; Type: TABLE DATA; Schema: public; Owner: postgres
--

COPY "public"."Capability_Lead" ("ID_CapabilityLead", "ID_Departamento", "ID_Empleado") FROM stdin;
d12c4151-1b84-4db0-8de2-c14bc7dffd13	dd6c79f7-80fd-48b3-97f6-119551d3d2c3	5f096705-11c3-49b1-b42c-d7bd17a75439
544d651e-e128-4450-bc92-3be631a52790	cf57cc7b-7d64-473a-b31e-97fc5736d380	5ad0bb87-f4fc-413c-adba-ef4b0b9402d1
95d8e5dc-85a0-415b-a0ac-4944fa577b31	d85d9ef9-0288-4462-bb3b-13c1d86cdf68	900fdfaf-7517-4876-8d20-b83da73a8347
5b9ea871-5bb5-478e-9d9f-18e14218bf6d	e4661077-c41c-4f4b-ad46-c5a29baf229a	fc1276e7-efc6-4ec5-b2cd-bfab2005930e
7f8d2815-ad54-406b-8c6d-4044a42a485c	ba0ef5df-4b1e-4262-a8c5-b9b9fa1b9dc0	36abc818-b3a6-440f-933a-79ff41fe5b67
\.


--
-- Data for Name: Certificados; Type: TABLE DATA; Schema: public; Owner: postgres
--

COPY "public"."Certificados" ("ID_Certificado", "Nombre", "Fecha_caducidad", "Documento", "ID_Empleado", "Verificacion", "Descripcion") FROM stdin;
9e7f66bc-ab15-4b20-8f0c-bfccc4e4e41d	yolanda	2025-04-29	https://nuyfnqiodjynfkubkqpn.supabase.co/storage/v1/object/public/documentos/fc1276e7-efc6-4ec5-b2cd-bfab2005930e/Application_Form_Incomings%20(2).pdf	fc1276e7-efc6-4ec5-b2cd-bfab2005930e	t	
0aeab33f-4819-4650-a205-924e6c232bd1	cwert	2025-04-30	https://nuyfnqiodjynfkubkqpn.supabase.co/storage/v1/object/public/documentos/36abc818-b3a6-440f-933a-79ff41fe5b67/M5_A00837999.pdf	36abc818-b3a6-440f-933a-79ff41fe5b67	t	
6a687e70-f293-4c02-9498-59d904855e9b	Certificado en certero	\N	Dox.dox	5f096705-11c3-49b1-b42c-d7bd17a75439	f	Si
a8475023-2151-4836-add0-f708a1e67f3c	Introduccin a JavaScript	2026-05-14	https://nuyfnqiodjynfkubkqpn.supabase.co/storage/v1/object/public/documentos/5f096705-11c3-49b1-b42c-d7bd17a75439/CertificadoJS.pdf	5f096705-11c3-49b1-b42c-d7bd17a75439	t	
ac897777-7a53-4d79-937c-13cac2435872	Bases de Datos Intermedio	2026-04-30	https://nuyfnqiodjynfkubkqpn.supabase.co/storage/v1/object/public/documentos/5f096705-11c3-49b1-b42c-d7bd17a75439/CertificadoDB.pdf	5f096705-11c3-49b1-b42c-d7bd17a75439	t	
9a236a16-9e76-4d85-abaf-a1a82c9e5e1a	Introduccin a Linux	2027-07-25	https://nuyfnqiodjynfkubkqpn.supabase.co/storage/v1/object/public/documentos/5f096705-11c3-49b1-b42c-d7bd17a75439/CertificadoLinux.pdf	5f096705-11c3-49b1-b42c-d7bd17a75439	t	
a1f8d261-d7ef-4b2b-b393-ffb9251b2556	Administracin de Proyectos Avanzada	2026-07-25	https://nuyfnqiodjynfkubkqpn.supabase.co/storage/v1/object/public/documentos/5f096705-11c3-49b1-b42c-d7bd17a75439/CertificadoPM.pdf	5f096705-11c3-49b1-b42c-d7bd17a75439	t	
9c765ebd-61ce-4fda-a214-5971068c585e	Certificacin DB	2027-07-25	https://nuyfnqiodjynfkubkqpn.supabase.co/storage/v1/object/public/documentos/5ad0bb87-f4fc-413c-adba-ef4b0b9402d1/CertificadoDBIsaac.pdf	5ad0bb87-f4fc-413c-adba-ef4b0b9402d1	t	
\.


--
-- Data for Name: Contacto; Type: TABLE DATA; Schema: public; Owner: postgres
--

COPY "public"."Contacto" ("PK_Contacto", "Email", "Num_Telefono", "ID_empleado", "Estado", "Pais") FROM stdin;
42cd3f7d-f5d6-4ec0-8f45-dea51996909f	a01198327@tec.mx	\N	5ad0bb87-f4fc-413c-adba-ef4b0b9402d1	\N	\N
122ae824-f15d-4b41-81c5-7cc4c79cdf6a	correoProfesional@gmail.com	81892983740	900fdfaf-7517-4876-8d20-b83da73a8347	Monterrey	Mexico
df0b063b-0d8f-4424-94fa-f09911dfa6a7	a01722728@tec.mx	\N	36abc818-b3a6-440f-933a-79ff41fe5b67	\N	\N
1a6e52e7-2b97-4332-b51c-c27c36095ace	Jose@gmail.com	\N	3912d459-b96e-4150-9a2a-fb9135ebc374	\N	\N
5fc4d1a4-5ff2-49cd-99fc-32739838dc5b	A01741300@tec.mx	6672640278	5f096705-11c3-49b1-b42c-d7bd17a75439	Sinaloa	Mexico
054d8314-cf55-4879-8bcb-5c6e86b6d9be	Yolanda@gmail.com	66748465859	fc1276e7-efc6-4ec5-b2cd-bfab2005930e	monterrey	Mexico
fbcc9523-b9d6-48a9-98d0-3cf0395bc3cc	a00836530@tec.mx	\N	b5c684f0-24d7-436f-b752-71cd9e361c8f	\N	\N
08e30d4c-aeac-463f-8ec8-90357ddaad7a	rantonion2004@outlook.com	\N	386e63ba-dc8f-4af6-9447-44f7976a4a0c	\N	\N
b3d269ef-67ae-4246-8ea6-e796534973da	a01198676@tec.mx	\N	7b23b8a4-8f26-40a9-86c0-c591b423ea6a	\N	\N
71feba02-37b8-4909-9999-9206ea791586	jorgebcarriles@gmail.com	\N	86315508-992d-4200-a53d-3a2a99f47329	\N	\N
614c20c8-989a-40bb-92f0-0d44da39dcf0	emirpuente31@gmail.com	\N	54bb3bab-94a3-420a-99da-57717c1c075a	\N	\N
\.


--
-- Data for Name: Cliente; Type: TABLE DATA; Schema: public; Owner: postgres
--

COPY "public"."Cliente" ("PK_Cliente", "Nombre", "RFC", "ID_Contacto") FROM stdin;
\.


--
-- Data for Name: Cursos; Type: TABLE DATA; Schema: public; Owner: postgres
--

COPY "public"."Cursos" ("ID_Curso", "Nombre", "Fecha_fin_curso", "link", "Descripcion") FROM stdin;
5f5bbec7-f37a-4d7a-83a3-3e2b6780e700	React Development	2025-05-15	https://www.freecodecamp.org/news/learn-javascript-free-js-courses-for-beginners/#heading-learn-javascript-full-course-for-beginners	\N
b855f167-1544-4b59-b7df-0b6cc9e771c0	Leadership Training	2025-03-01	https://www.scrum.org/courses/professional-agile-leadership-essentials-training	\N
008549c6-44fd-4c33-b12c-5509dbe5be02	Linux for Servers	2025-06-13	https://www.netacad.com/courses/linux-essentials?courseLang=en-US	A course to learn linux basics for system administration.
5851613a-0116-4c81-acf2-b669b477a8c0	React Development	\N	https://www.google.com/search?q=never+gonna+give+you+up&sca_esv=178908ee291956e1&sxsrf=AHTn8zrFLIYrpVip5Yamqb7EzRwcUPn-9A%3A1745580309874&ei=FXELaJqfNZmRur8Pjuz46A0&gs_ssp=eJzj4tVP1zc0TEmriK8wSDcxYPQSz0stSy1SSM_Py0tUSM8sS1WozC9VKC0AAANTDVU&oq=never&gs_lp=Egxnd3Mtd2l6LXNlcnAiBW5ldmVyKgIIADIKEC4YgAQYQxiKBTIKEAAYgAQYQxiKBTIKEAAYgAQYQxiKBTIKEAAYgAQYQxiKBTINEC4YgAQYsQMYQxiKBTIFEC4YgAQyCxAuGIAEGLEDGNQCMggQLhiABBixAzIFEAAYgAQyCBAuGIAEGLEDMhkQLhiABBhDGIoFGJcFGNwEGN4EGOAE2AEBSN4cUJAEWOgRcAJ4AZABBZgB8QGgAdIMqgEFMC45LjK4AQPIAQD4AQGYAgigAqAPqAISwgIKEAAYsAMY1gQYR8ICDRAAGIAEGLADGEMYigXCAg4QABiwAxjkAhjWBNgBAcICExAuGIAEGLADGEMYyAMYigXYAQHCAhkQLhiABBiwAxjRAxhDGMcBGMgDGIoF2AEBwgIIEAAYgAQYsQPCAggQABiABBjLAcICBxAuGIAEGArCAgcQIxgnGOoCwgITEAAYgAQYQxi0AhiKBRjqAtgBAcICFhAuGIAEGEMYtAIYyAMYigUY6gLYAQHCAhwQLhiABBjRAxhDGLQCGMcBGMgDGIoFGOoC2AEBwgIMECMYgAQYExgnGIoFwgIKECMYgAQYJxiKBcICBBAjGCfCAhEQLhiABBixAxjRAxiDARjHAcICCxAuGIAEGLEDGIMBwgIOEAAYgAQYsQMYgwEYigXCAgsQABiABBixAxiDAcICDhAuGIAEGLEDGNEDGMcBmAMG8QVRqv3Gjf9Cd4gGAZAGEroGBggBEAEYCZIHBzIuNS43LTGgB4-YArIHBzAuNS43LTG4B5EP&sclient=gws-wiz-serp	Curso react
fe3d17f4-b04f-43ff-960f-10ae65ecffef	Curso de Administracin Municipal	\N	https://maestriasydiplomados.tec.mx/programas/curso-administracion-municipal-programa-en-linea	Curso para aprender administracin
a6933529-e7b5-4c46-9c09-42deed11e379	Curso de analisis de estados financieros	\N	https://maestriasydiplomados.tec.mx/programas/curso-analisis-de-los-estados-financieros-programa-en-linea	Curso para anlisis de estados financieros
94d16417-4d6d-4893-989b-fa6aa3ac2a97	Administracion de costos	\N	https://maestriasydiplomados.tec.mx/programas/administracion-de-costos-virtual	Administracion de costos en linea
66d6cc25-fd94-41bd-b9cf-74560555d85b	Trust course	\N	https://matias.me/nsfw/	Mejora tu confianza
1a6ca356-9275-4141-a0d9-f26a6c73a433	Curso python	\N	https://pathexplorer-esquimales.vercel.app/admin/cursos	AM
4235c4d3-45ed-4dc8-9ca7-d5917cb4b138	C++	\N	https://pathexplorer-esquimales.vercel.app/admin/cursos	a
0533c687-e8d3-47a7-8e8c-b7eca13022e8	Simulacion digital	\N	https://phet.colorado.edu/es/	Curso para aprender a manejar simulaciones
\.


--
-- Data for Name: Habilidades; Type: TABLE DATA; Schema: public; Owner: postgres
--

COPY "public"."Habilidades" ("ID_Habilidad", "Tipo", "Descripcion") FROM stdin;
99609094-6f54-44e7-924e-f2687bc6856d	soft	Comunicacin efectiva
260f88aa-a48f-4c1f-acdf-8d9c9f133366	soft	Trabajo en equipo
b859e31c-d9c5-4da2-97b3-0cae73d1ca8d	soft	Pensamiento crtico
c6d9e2bc-3bd4-4ec9-888a-20fc12df9c91	soft	Gestin del tiempo
c704d03a-5862-4b22-9594-ebb55fbff921	soft	Adaptabilidad
e12a980c-8c80-4e81-9fca-0b58cad7121c	hard	Programacin 
499d3aba-855f-4473-92ef-11cd41854768	hard	Bases de datos
2d8a92fc-0028-498f-9900-38a9ca3233a8	hard	Control de versiones
4bf3924e-4ef8-4436-88bb-1ffcd61750e3	hard	Desarrollo web
e647396c-c1a3-447e-b114-4adc7852a116	hard	Anlisis de datos
0898dd8d-c34e-40a8-af37-a7a44b26b67c	soft	Equipo
25df7aa6-c908-474f-ab78-af2d6eafa30b	hard	c++
d8b934de-18b7-48a6-90e1-0f556e4e1b64	soft	Empatia
\.


--
-- Data for Name: Cursos_Habilidades; Type: TABLE DATA; Schema: public; Owner: postgres
--

COPY "public"."Cursos_Habilidades" ("created_at", "ID_Curso", "ID_Habilidad") FROM stdin;
2025-04-25 21:30:30.251247+00	1a6ca356-9275-4141-a0d9-f26a6c73a433	99609094-6f54-44e7-924e-f2687bc6856d
2025-04-25 21:30:30.251247+00	1a6ca356-9275-4141-a0d9-f26a6c73a433	260f88aa-a48f-4c1f-acdf-8d9c9f133366
2025-04-25 23:12:20.401738+00	4235c4d3-45ed-4dc8-9ca7-d5917cb4b138	99609094-6f54-44e7-924e-f2687bc6856d
2025-04-25 23:12:20.401738+00	4235c4d3-45ed-4dc8-9ca7-d5917cb4b138	260f88aa-a48f-4c1f-acdf-8d9c9f133366
2025-04-25 23:12:20.401738+00	4235c4d3-45ed-4dc8-9ca7-d5917cb4b138	0898dd8d-c34e-40a8-af37-a7a44b26b67c
2025-04-29 20:48:04.448611+00	0533c687-e8d3-47a7-8e8c-b7eca13022e8	e12a980c-8c80-4e81-9fca-0b58cad7121c
2025-04-29 20:48:04.448611+00	0533c687-e8d3-47a7-8e8c-b7eca13022e8	2d8a92fc-0028-498f-9900-38a9ca3233a8
\.


--
-- Data for Name: Delivery_Lead; Type: TABLE DATA; Schema: public; Owner: postgres
--

COPY "public"."Delivery_Lead" ("ID_DeliveryLead", "Nombre", "Rol", "ID_Empleado") FROM stdin;
b4bcad2d-9e33-42c7-b844-0ba90e44392e	\N	\N	5f096705-11c3-49b1-b42c-d7bd17a75439
8583e274-0063-44f3-a6c9-314d3263d285	\N	\N	36abc818-b3a6-440f-933a-79ff41fe5b67
adb9fd06-2c2b-4d0d-84cf-d9f9bdd75e05	\N	\N	5ad0bb87-f4fc-413c-adba-ef4b0b9402d1
82df9561-0f01-4836-b07e-d4f365ea5776	\N	\N	386e63ba-dc8f-4af6-9447-44f7976a4a0c
c7adc339-e954-456d-b091-97b647d85fe0	\N	\N	7b23b8a4-8f26-40a9-86c0-c591b423ea6a
\.


--
-- Data for Name: Empleado_Habilidades; Type: TABLE DATA; Schema: public; Owner: postgres
--

COPY "public"."Empleado_Habilidades" ("ID_Empleado", "ID_Habilidad", "Estado") FROM stdin;
5f096705-11c3-49b1-b42c-d7bd17a75439	260f88aa-a48f-4c1f-acdf-8d9c9f133366	\N
5f096705-11c3-49b1-b42c-d7bd17a75439	c704d03a-5862-4b22-9594-ebb55fbff921	\N
5f096705-11c3-49b1-b42c-d7bd17a75439	4bf3924e-4ef8-4436-88bb-1ffcd61750e3	\N
5f096705-11c3-49b1-b42c-d7bd17a75439	499d3aba-855f-4473-92ef-11cd41854768	\N
900fdfaf-7517-4876-8d20-b83da73a8347	c6d9e2bc-3bd4-4ec9-888a-20fc12df9c91	\N
900fdfaf-7517-4876-8d20-b83da73a8347	260f88aa-a48f-4c1f-acdf-8d9c9f133366	\N
900fdfaf-7517-4876-8d20-b83da73a8347	4bf3924e-4ef8-4436-88bb-1ffcd61750e3	\N
900fdfaf-7517-4876-8d20-b83da73a8347	e12a980c-8c80-4e81-9fca-0b58cad7121c	\N
5f096705-11c3-49b1-b42c-d7bd17a75439	c6d9e2bc-3bd4-4ec9-888a-20fc12df9c91	\N
5f096705-11c3-49b1-b42c-d7bd17a75439	99609094-6f54-44e7-924e-f2687bc6856d	\N
5f096705-11c3-49b1-b42c-d7bd17a75439	2d8a92fc-0028-498f-9900-38a9ca3233a8	\N
36abc818-b3a6-440f-933a-79ff41fe5b67	0898dd8d-c34e-40a8-af37-a7a44b26b67c	\N
36abc818-b3a6-440f-933a-79ff41fe5b67	25df7aa6-c908-474f-ab78-af2d6eafa30b	\N
fc1276e7-efc6-4ec5-b2cd-bfab2005930e	99609094-6f54-44e7-924e-f2687bc6856d	\N
fc1276e7-efc6-4ec5-b2cd-bfab2005930e	d8b934de-18b7-48a6-90e1-0f556e4e1b64	\N
fc1276e7-efc6-4ec5-b2cd-bfab2005930e	e12a980c-8c80-4e81-9fca-0b58cad7121c	\N
fc1276e7-efc6-4ec5-b2cd-bfab2005930e	499d3aba-855f-4473-92ef-11cd41854768	\N
fc1276e7-efc6-4ec5-b2cd-bfab2005930e	25df7aa6-c908-474f-ab78-af2d6eafa30b	\N
5f096705-11c3-49b1-b42c-d7bd17a75439	e647396c-c1a3-447e-b114-4adc7852a116	\N
\.


--
-- Data for Name: Proyectos; Type: TABLE DATA; Schema: public; Owner: postgres
--

COPY "public"."Proyectos" ("ID_Proyecto", "Nombre", "ID_Cliente", "Descripcion", "Status", "ID_DeliveryLead", "fecha_inicio", "fecha_fin", "isReviewed") FROM stdin;
56fd5d4e-d9cf-47b4-b5e3-b74a1fbde544	Proyecto con multiples roles 18 mayo	\N	Desc para Proyecto con multiples roles 18 mayo	active	\N	2025-05-18	2025-05-20	f
69ffe499-0cb5-4627-a745-69ff6819bc7c	Prueba mayo 18 refactor	\N	desc Prueba mayo 18 refactor	active	\N	2025-05-18	2025-05-18	f
bf42e916-52d6-4c1b-a11f-22c39f500f96	Prpyecto nuevo	\N	prueba 	done	adb9fd06-2c2b-4d0d-84cf-d9f9bdd75e05	2025-06-07	2025-06-08	f
2ce2c581-6513-4633-9187-bc905e182284	proyecto de software	\N	spftware xd	active	adb9fd06-2c2b-4d0d-84cf-d9f9bdd75e05	2025-05-29	2025-06-06	f
fc6bbebb-2d44-43a0-8471-32bfaf39dd35	Website construccin	\N	sitio web con next.js para constructora	done	adb9fd06-2c2b-4d0d-84cf-d9f9bdd75e05	2025-04-25	2025-04-24	t
d2385e49-4ad5-420f-941e-67d2d5e098ef	Sitio web	\N	sitio web para un cliente	done	adb9fd06-2c2b-4d0d-84cf-d9f9bdd75e05	2025-05-29	2025-06-08	t
dd8b61fa-b013-46b1-ac31-9b13bd142bec	Website Panaderia	\N	Sitio web para una panaderia	done	adb9fd06-2c2b-4d0d-84cf-d9f9bdd75e05	2025-04-24	2025-04-30	t
f4bc24d5-917a-49ed-9a6d-6fe178654aad	nuevo proyecto de prueba	\N	si	active	adb9fd06-2c2b-4d0d-84cf-d9f9bdd75e05	2025-05-22	2025-06-08	f
978a8123-1fc5-4d47-b4ed-d234de4d1a6b	el nuevo proyecto	\N	peak	active	adb9fd06-2c2b-4d0d-84cf-d9f9bdd75e05	2025-05-22	2025-06-08	f
a2db181c-59d8-4de0-bde9-80f4eb870d1d	Proyecto semana 11	\N	Desc proyecto semana 11	active	\N	2025-05-17	2025-05-18	f
49b5cb63-48d0-40b3-811c-6ca13cf33e17	proyecto 17	\N	desc proy 17	active	\N	2025-05-17	2025-05-26	f
01f1337c-172a-4ab1-8d8d-03adef6d34fe	Proyecto 17.2	\N	Desc proy 17.2	active	\N	2025-05-18	2025-05-20	f
\.


--
-- Data for Name: Empleado_Proyectos; Type: TABLE DATA; Schema: public; Owner: postgres
--

COPY "public"."Empleado_Proyectos" ("ID_Empleado", "ID_Proyecto", "isApproved", "id", "isReviewed") FROM stdin;
5ad0bb87-f4fc-413c-adba-ef4b0b9402d1	f4bc24d5-917a-49ed-9a6d-6fe178654aad	f	56a1029c-5d47-47e3-a8fe-1c780a61205e	f
3912d459-b96e-4150-9a2a-fb9135ebc374	dd8b61fa-b013-46b1-ac31-9b13bd142bec	f	155654f2-aae2-460f-b2d2-2416e1136972	t
5f096705-11c3-49b1-b42c-d7bd17a75439	dd8b61fa-b013-46b1-ac31-9b13bd142bec	f	91fad065-aed8-4b30-af09-bf7fd262aa3f	t
fc1276e7-efc6-4ec5-b2cd-bfab2005930e	dd8b61fa-b013-46b1-ac31-9b13bd142bec	f	f66fe710-ca11-48b2-b446-f431bbef6f25	t
5ad0bb87-f4fc-413c-adba-ef4b0b9402d1	69ffe499-0cb5-4627-a745-69ff6819bc7c	f	d221d923-751a-494e-8778-8a2c1694bb72	f
5ad0bb87-f4fc-413c-adba-ef4b0b9402d1	a2db181c-59d8-4de0-bde9-80f4eb870d1d	f	e1d6da0b-691e-4ce3-8c99-56af8b20f804	f
5ad0bb87-f4fc-413c-adba-ef4b0b9402d1	49b5cb63-48d0-40b3-811c-6ca13cf33e17	f	d3f0474b-1528-4dd5-8282-b2a458fe3ac8	f
5ad0bb87-f4fc-413c-adba-ef4b0b9402d1	bf42e916-52d6-4c1b-a11f-22c39f500f96	t	b1936495-0850-4fa5-880e-0257031bbc3c	f
5ad0bb87-f4fc-413c-adba-ef4b0b9402d1	fc6bbebb-2d44-43a0-8471-32bfaf39dd35	t	a7c50750-e123-43df-9d47-c05d7879b8b5	t
5ad0bb87-f4fc-413c-adba-ef4b0b9402d1	d2385e49-4ad5-420f-941e-67d2d5e098ef	t	82eb60d1-f714-4b8e-a715-3bcfacd3db8a	t
5ad0bb87-f4fc-413c-adba-ef4b0b9402d1	dd8b61fa-b013-46b1-ac31-9b13bd142bec	t	69b46e5e-febf-489f-94eb-ac005938d0a3	t
5ad0bb87-f4fc-413c-adba-ef4b0b9402d1	01f1337c-172a-4ab1-8d8d-03adef6d34fe	t	bf09bb85-9b51-4f3b-9e51-430a85a1c077	f
5ad0bb87-f4fc-413c-adba-ef4b0b9402d1	56fd5d4e-d9cf-47b4-b5e3-b74a1fbde544	f	57ee6c38-1b22-40c4-8174-8a501bf78718	f
5ad0bb87-f4fc-413c-adba-ef4b0b9402d1	2ce2c581-6513-4633-9187-bc905e182284	f	427a24e6-0ac8-4eda-aec7-1759046a9938	f
\.


--
-- Data for Name: Evaluacion_Proyecto; Type: TABLE DATA; Schema: public; Owner: postgres
--

COPY "public"."Evaluacion_Proyecto" ("ID_Evaluacion", "ID_DeliveryLead", "ID_Empleado", "ID_Proyecto", "Calificacion", "Fortalezas", "Areas_Mejora", "esAutoevaluacion") FROM stdin;
69b21ea7-6c84-4a58-9871-56d5c10cd8dd	adb9fd06-2c2b-4d0d-84cf-d9f9bdd75e05	5ad0bb87-f4fc-413c-adba-ef4b0b9402d1	dd8b61fa-b013-46b1-ac31-9b13bd142bec	5	le sabe	puede saber mas	f
e0297cd8-1275-42f8-9ebd-2b49ccc2627a	adb9fd06-2c2b-4d0d-84cf-d9f9bdd75e05	3912d459-b96e-4150-9a2a-fb9135ebc374	dd8b61fa-b013-46b1-ac31-9b13bd142bec	2	sabe escribir	skill issue	f
7012af77-2f53-4fc6-af41-564bd056898a	adb9fd06-2c2b-4d0d-84cf-d9f9bdd75e05	fc1276e7-efc6-4ec5-b2cd-bfab2005930e	dd8b61fa-b013-46b1-ac31-9b13bd142bec	4	si	tambien	f
590a6bc2-8626-4167-b953-57f88317674c	adb9fd06-2c2b-4d0d-84cf-d9f9bdd75e05	5f096705-11c3-49b1-b42c-d7bd17a75439	dd8b61fa-b013-46b1-ac31-9b13bd142bec	4	le sabe	saberle	f
2fcd0e15-9e9a-428a-ab1d-833e622c03bb	adb9fd06-2c2b-4d0d-84cf-d9f9bdd75e05	5ad0bb87-f4fc-413c-adba-ef4b0b9402d1	fc6bbebb-2d44-43a0-8471-32bfaf39dd35	1	skill issue	skill issue	f
ebeb564f-f5ab-4235-93ed-cb3adaf9fc2c	adb9fd06-2c2b-4d0d-84cf-d9f9bdd75e05	5ad0bb87-f4fc-413c-adba-ef4b0b9402d1	d2385e49-4ad5-420f-941e-67d2d5e098ef	4	si	si	f
277094f9-405f-4586-9f99-2a66eff29842	adb9fd06-2c2b-4d0d-84cf-d9f9bdd75e05	5ad0bb87-f4fc-413c-adba-ef4b0b9402d1	dd8b61fa-b013-46b1-ac31-9b13bd142bec	4	affas	asf	t
\.


--
-- Data for Name: People_lead; Type: TABLE DATA; Schema: public; Owner: postgres
--

COPY "public"."People_lead" ("ID", "ID_Empleado") FROM stdin;
66d20503-e75f-43d9-9572-54fa189dfb95	5f096705-11c3-49b1-b42c-d7bd17a75439
4fde1b00-e11e-41c5-88c8-9e38d71facce	36abc818-b3a6-440f-933a-79ff41fe5b67
92360b89-f39a-4a6a-9401-8e0aa6420b12	5ad0bb87-f4fc-413c-adba-ef4b0b9402d1
32db3c78-6b1f-4b8a-9234-ec406ae54ee9	fc1276e7-efc6-4ec5-b2cd-bfab2005930e
3cb8081b-1a2b-4e32-a007-fae5c77735ba	386e63ba-dc8f-4af6-9447-44f7976a4a0c
a1802e13-17ee-428d-8cce-c464ea140559	7b23b8a4-8f26-40a9-86c0-c591b423ea6a
\.


--
-- Data for Name: FeedBack; Type: TABLE DATA; Schema: public; Owner: postgres
--

COPY "public"."FeedBack" ("ID_FeedBack", "ID_People_lead", "ID_Empleado", "Descripcion", "AreaMejora", "Desempeno") FROM stdin;
\.


--
-- Data for Name: Historial; Type: TABLE DATA; Schema: public; Owner: postgres
--

COPY "public"."Historial" ("id", "ID_Empleado", "NombrePosition", "NombreEmpresa", "Fecha_inicio", "Fecha_final", "TipoEmpleo", "Workmode", "Descripcion", "Currentjob") FROM stdin;
\.


--
-- Data for Name: Historial_Habilidades; Type: TABLE DATA; Schema: public; Owner: postgres
--

COPY "public"."Historial_Habilidades" ("id", "ID_Habilidad") FROM stdin;
\.


--
-- Data for Name: Intereses; Type: TABLE DATA; Schema: public; Owner: postgres
--

COPY "public"."Intereses" ("ID_Interes", "Descripcion", "ID_Empleado") FROM stdin;
e72b5d3f-0a9f-4bdb-9966-baac308c8daf	Inteligencia artificial	5f096705-11c3-49b1-b42c-d7bd17a75439
8a53e425-2d31-4341-87d7-64f878b142af	Interfaz grafica	900fdfaf-7517-4876-8d20-b83da73a8347
d86e342a-ae4a-4631-953a-c9eda797cb4c	Desarrollo web	5f096705-11c3-49b1-b42c-d7bd17a75439
8ea40be3-3a42-487c-9a10-85c29b9fd834	C++	5f096705-11c3-49b1-b42c-d7bd17a75439
\.


--
-- Data for Name: Metas; Type: TABLE DATA; Schema: public; Owner: postgres
--

COPY "public"."Metas" ("ID_meta", "Nombre", "Tipo_Meta", "Plazo", "Descripcion", "Fecha_limite", "ID_Empleado", "Registrada", "Estado", "Self_Reflection", "Fecha_Inicio") FROM stdin;
00ef9f34-5762-4d1f-9a3d-f886c809b04d	dffd	capability	Corto	sdfsfd	2025-05-16	386e63ba-dc8f-4af6-9447-44f7976a4a0c	t	Completada	Auto-reflexin	2025-05-16
7a5f2f98-f8a6-4d02-bd05-b50fb5a08e77	Capability	capability	Corto	capabaility	2025-05-21	b5c684f0-24d7-436f-b752-71cd9e361c8f	t	En progreso	\N	2025-05-21
4ea3d89c-82c6-40c3-8a5c-7def29ae5d0e	Meta Proyecto3	capability	Corto	proyecto	2025-05-15	386e63ba-dc8f-4af6-9447-44f7976a4a0c	f	En progreso	\N	2025-05-15
c8875e55-032e-465d-b98e-ea73e9faa9c3	Otra meta 	capability	Corto	Otra meta	2025-05-15	386e63ba-dc8f-4af6-9447-44f7976a4a0c	f	En proceso	\N	2025-05-15
870b2827-2ac7-41bc-ace3-8ae97a36f493	Otro2	Otro	Mediano	dasasdas	2025-05-15	386e63ba-dc8f-4af6-9447-44f7976a4a0c	f	En proceso	\N	2025-05-15
60b81e7f-e2a3-4a3b-a109-5bd89fdccc16	d	capability	Corto	d	2025-05-15	386e63ba-dc8f-4af6-9447-44f7976a4a0c	f	En proceso	\N	2025-05-15
1db889d0-4465-492b-b13d-f2cc25dc0f58	Proyecto	proyecto	Corto	Proyecto111	2025-05-15	386e63ba-dc8f-4af6-9447-44f7976a4a0c	f	En proceso	\N	2025-05-15
4a8f10f5-66d9-4185-bd9e-c4c4b970f111	Otro	Otro	Corto	Otro	2025-05-15	386e63ba-dc8f-4af6-9447-44f7976a4a0c	t	Completada	\N	2025-05-15
81d85dc7-4dd6-4a23-a04c-37b7c6645481	Capability	capability	Corto	ddd	2025-05-15	386e63ba-dc8f-4af6-9447-44f7976a4a0c	t	En progreso	\N	2025-05-15
a461bf30-2881-4b1a-b9cb-9d59953c234f	fsdfd	capability	Corto	sdfsd	2025-05-16	386e63ba-dc8f-4af6-9447-44f7976a4a0c	t	Completada	Reflexion x	2025-05-16
d21ff5fb-288c-4566-af52-2a0fc1f30bb8	Capability12	capability	Corto	Capability	2025-05-17	b5c684f0-24d7-436f-b752-71cd9e361c8f	t	Completada	\N	2025-05-17
73981b4b-e6a1-4f4a-8a18-1e4e7be9c5da	c	capability	Corto	c	2025-05-17	b5c684f0-24d7-436f-b752-71cd9e361c8f	t	Completada	\N	2025-05-17
\.


--
-- Data for Name: Proyecto_Habilidades; Type: TABLE DATA; Schema: public; Owner: postgres
--

COPY "public"."Proyecto_Habilidades" ("ID_Proyecto", "ID_Habilidad") FROM stdin;
\.


--
-- Data for Name: Puesto_proyecto; Type: TABLE DATA; Schema: public; Owner: postgres
--

COPY "public"."Puesto_proyecto" ("id", "created_at", "ID_Empleado", "ID_Proyecto", "Puesto") FROM stdin;
3137a43c-423d-43a6-a83e-7b5c3dc0e063	2023-04-18	5ad0bb87-f4fc-413c-adba-ef4b0b9402d1	dd8b61fa-b013-46b1-ac31-9b13bd142bec	PO
fa3ba70e-eca7-469f-b92e-b45272baaab9	2025-04-01	900fdfaf-7517-4876-8d20-b83da73a8347	fc6bbebb-2d44-43a0-8471-32bfaf39dd35	PL
107565f1-ae68-4643-9883-90212394ef05	2025-05-18	36abc818-b3a6-440f-933a-79ff41fe5b67	fc6bbebb-2d44-43a0-8471-32bfaf39dd35	Desarrollo
\.


--
-- Data for Name: Revisor_Meta; Type: TABLE DATA; Schema: public; Owner: postgres
--

COPY "public"."Revisor_Meta" ("ID_Revisor", "ID_EmpleadoRevisor", "ID_meta", "ID_Empleado", "Retroalimentacion") FROM stdin;
701b8a76-f1ff-47f0-87eb-c75672b2cae4	b5c684f0-24d7-436f-b752-71cd9e361c8f	81d85dc7-4dd6-4a23-a04c-37b7c6645481	386e63ba-dc8f-4af6-9447-44f7976a4a0c	\N
93d7dbec-7de5-4dd7-babe-1315deecd081	b5c684f0-24d7-436f-b752-71cd9e361c8f	4a8f10f5-66d9-4185-bd9e-c4c4b970f111	386e63ba-dc8f-4af6-9447-44f7976a4a0c	\N
8ca94562-f4ae-42f6-a26f-511da757b58d	fc1276e7-efc6-4ec5-b2cd-bfab2005930e	a461bf30-2881-4b1a-b9cb-9d59953c234f	386e63ba-dc8f-4af6-9447-44f7976a4a0c	\N
d4e71fdb-201a-4567-ad5d-bc63c57f7cfe	b5c684f0-24d7-436f-b752-71cd9e361c8f	a461bf30-2881-4b1a-b9cb-9d59953c234f	386e63ba-dc8f-4af6-9447-44f7976a4a0c	\N
4a2f8dac-6efc-4742-90fc-92760bf9de2b	386e63ba-dc8f-4af6-9447-44f7976a4a0c	d21ff5fb-288c-4566-af52-2a0fc1f30bb8	b5c684f0-24d7-436f-b752-71cd9e361c8f	erees un pendejo nada ste saljo bien\n
9ba2c3ba-26be-4272-88b9-3a5f6e77127f	386e63ba-dc8f-4af6-9447-44f7976a4a0c	73981b4b-e6a1-4f4a-8a18-1e4e7be9c5da	b5c684f0-24d7-436f-b752-71cd9e361c8f	pito
06f4a138-dabb-4f15-a323-dd812fce41c6	900fdfaf-7517-4876-8d20-b83da73a8347	00ef9f34-5762-4d1f-9a3d-f886c809b04d	386e63ba-dc8f-4af6-9447-44f7976a4a0c	\N
8c8bb3df-d1a9-4763-b737-2ba8d8e2dd71	b5c684f0-24d7-436f-b752-71cd9e361c8f	00ef9f34-5762-4d1f-9a3d-f886c809b04d	386e63ba-dc8f-4af6-9447-44f7976a4a0c	\N
2b382ed7-a3b2-4517-805f-3dad6ba18e4a	386e63ba-dc8f-4af6-9447-44f7976a4a0c	7a5f2f98-f8a6-4d02-bd05-b50fb5a08e77	b5c684f0-24d7-436f-b752-71cd9e361c8f	\N
a94d4da4-1652-4546-8e30-843da88ee614	b5c684f0-24d7-436f-b752-71cd9e361c8f	4ea3d89c-82c6-40c3-8a5c-7def29ae5d0e	386e63ba-dc8f-4af6-9447-44f7976a4a0c	\N
67ba385c-8f24-4227-91eb-fbfd2fded548	3912d459-b96e-4150-9a2a-fb9135ebc374	4ea3d89c-82c6-40c3-8a5c-7def29ae5d0e	386e63ba-dc8f-4af6-9447-44f7976a4a0c	\N
c76bcf73-5837-48e0-a9cf-42db139dd584	b5c684f0-24d7-436f-b752-71cd9e361c8f	60b81e7f-e2a3-4a3b-a109-5bd89fdccc16	386e63ba-dc8f-4af6-9447-44f7976a4a0c	\N
7c66d874-02f3-4e9b-b269-76862cab3c1e	b5c684f0-24d7-436f-b752-71cd9e361c8f	870b2827-2ac7-41bc-ace3-8ae97a36f493	386e63ba-dc8f-4af6-9447-44f7976a4a0c	\N
50e9e5fb-2456-4af0-a1a1-95ba6a0305f7	7b23b8a4-8f26-40a9-86c0-c591b423ea6a	870b2827-2ac7-41bc-ace3-8ae97a36f493	386e63ba-dc8f-4af6-9447-44f7976a4a0c	\N
aac9de6b-08e7-4bac-9bc2-2473fb8559c7	b5c684f0-24d7-436f-b752-71cd9e361c8f	1db889d0-4465-492b-b13d-f2cc25dc0f58	386e63ba-dc8f-4af6-9447-44f7976a4a0c	\N
b69580a5-1293-44db-9f16-eb91dba7ee7a	7b23b8a4-8f26-40a9-86c0-c591b423ea6a	1db889d0-4465-492b-b13d-f2cc25dc0f58	386e63ba-dc8f-4af6-9447-44f7976a4a0c	\N
\.


--
-- Data for Name: Roles; Type: TABLE DATA; Schema: public; Owner: postgres
--

COPY "public"."Roles" ("id", "role_name", "Proyecto_id", "cantidad") FROM stdin;
eb7deb79-be2d-487f-8774-042b200825c8	Front end	dd8b61fa-b013-46b1-ac31-9b13bd142bec	\N
f1705d4b-e101-4f66-a2fa-1610966fa63b	Back end	dd8b61fa-b013-46b1-ac31-9b13bd142bec	\N
8b25eefd-cf26-4b94-9cce-e447bc3bccff	rol1 semana 11	a2db181c-59d8-4de0-bde9-80f4eb870d1d	\N
fbac4d63-a73b-49e0-bda8-3b789cf949fb		a2db181c-59d8-4de0-bde9-80f4eb870d1d	\N
cbcd6dd2-acad-4ed6-b4cb-5cbf05886d5e	rol proy 17	49b5cb63-48d0-40b3-811c-6ca13cf33e17	\N
f2a9c462-41f5-4af7-aef7-8743281c0d0d		49b5cb63-48d0-40b3-811c-6ca13cf33e17	\N
f99b50b5-5754-4692-82bb-47bbc80bc660	rol proy 17.2	01f1337c-172a-4ab1-8d8d-03adef6d34fe	\N
5b58dfa5-b971-4d4b-85ff-181624018fb4		01f1337c-172a-4ab1-8d8d-03adef6d34fe	\N
ae398723-a8ae-463f-b0fc-5a9424298a6d		fc6bbebb-2d44-43a0-8471-32bfaf39dd35	\N
2c3655f5-3fcd-4a83-b7c7-ceed0bc83554	rol 1 	56fd5d4e-d9cf-47b4-b5e3-b74a1fbde544	\N
0140a7d9-6cb6-4f54-af15-1a2772a17c2c	rol 2	56fd5d4e-d9cf-47b4-b5e3-b74a1fbde544	\N
2d531a85-7c72-4086-a45e-8d7af5637c0c	rol 3	56fd5d4e-d9cf-47b4-b5e3-b74a1fbde544	\N
89e09472-16e2-4e45-8587-fa6f80f49570		56fd5d4e-d9cf-47b4-b5e3-b74a1fbde544	\N
10189277-64d8-4c97-89ba-69b2e6eefef1	rol1 Prueba mayo 18 refactor	69ffe499-0cb5-4627-a745-69ff6819bc7c	\N
1daf32a2-5f88-40cc-af88-317ba73e2cb0		69ffe499-0cb5-4627-a745-69ff6819bc7c	\N
148097e3-75a7-4d19-97f7-fe3276b966ae	Frontend dev	d2385e49-4ad5-420f-941e-67d2d5e098ef	\N
86de76dc-ac91-4025-8cc1-ef758a9bab21	Backend dev	d2385e49-4ad5-420f-941e-67d2d5e098ef	\N
8d55a7a7-9320-492d-b6ae-83ae6a00e176		d2385e49-4ad5-420f-941e-67d2d5e098ef	\N
26df06c7-8099-41bb-a222-a43d81a145cf		bf42e916-52d6-4c1b-a11f-22c39f500f96	\N
dd07bd4b-549a-4747-9cda-39f76605fff5		2ce2c581-6513-4633-9187-bc905e182284	\N
4374e081-2b70-48d5-8cb6-f1454fda15cb		f4bc24d5-917a-49ed-9a6d-6fe178654aad	\N
d2486e13-3ebf-42a2-8eec-90db3f67a6ac		978a8123-1fc5-4d47-b4ed-d234de4d1a6b	\N
\.


--
-- Data for Name: Talent_Lead; Type: TABLE DATA; Schema: public; Owner: postgres
--

COPY "public"."Talent_Lead" ("ID_TalentLead", "ID_Departamento", "Rol", "ID_Empleado") FROM stdin;
8db3166f-8d56-4222-831b-17085911594e	\N	\N	5f096705-11c3-49b1-b42c-d7bd17a75439
1154e943-d47d-4825-9a05-d33118a8b379	\N	\N	36abc818-b3a6-440f-933a-79ff41fe5b67
0dee8a59-34e6-41ae-86a0-6a233f5512d4	\N	\N	5ad0bb87-f4fc-413c-adba-ef4b0b9402d1
8b70ceca-50b7-4e8f-9e45-437cebed58bf	\N	\N	fc1276e7-efc6-4ec5-b2cd-bfab2005930e
32e898b6-898c-475d-abf6-a00f0ea0c578	\N	\N	386e63ba-dc8f-4af6-9447-44f7976a4a0c
984b305f-99a7-4f10-93c0-f28c14d9b47b	\N	\N	7b23b8a4-8f26-40a9-86c0-c591b423ea6a
\.


--
-- Data for Name: Talent_Discussion; Type: TABLE DATA; Schema: public; Owner: postgres
--

COPY "public"."Talent_Discussion" ("ID_TalentDiscussion", "Discussion", "ID_TalentLead", "ID_DeliveryLead", "ID_CapabilityLead", "ID_People_lead") FROM stdin;
\.


--
-- Data for Name: buckets; Type: TABLE DATA; Schema: storage; Owner: supabase_storage_admin
--

COPY "storage"."buckets" ("id", "name", "owner", "created_at", "updated_at", "public", "avif_autodetection", "file_size_limit", "allowed_mime_types", "owner_id") FROM stdin;
documentos	documentos	\N	2025-04-10 21:22:24.069294+00	2025-04-10 21:22:24.069294+00	t	f	\N	\N	\N
profile-pictures	profile-pictures	\N	2025-04-25 05:13:02.609511+00	2025-04-25 05:13:02.609511+00	t	f	\N	\N	\N
\.


--
-- Data for Name: objects; Type: TABLE DATA; Schema: storage; Owner: supabase_storage_admin
--

COPY "storage"."objects" ("id", "bucket_id", "name", "owner", "created_at", "updated_at", "last_accessed_at", "metadata", "version", "owner_id", "user_metadata") FROM stdin;
6063fae3-bab4-4dbc-8686-2269b215d7ff	documentos	9bb0e5e0-bc27-4ee3-b98c-7dcf44abe2e2/Pathexplorer.pdf	d2f63e49-f24d-4cda-8ff8-9056d6ee4bea	2025-04-10 23:12:11.009621+00	2025-04-10 23:12:11.009621+00	2025-04-10 23:12:11.009621+00	{"eTag": "\\"33fe4788feab92ac37048e015d2dc97b\\"", "size": 3418655, "mimetype": "application/pdf", "cacheControl": "max-age=3600", "lastModified": "2025-04-10T23:12:11.000Z", "contentLength": 3418655, "httpStatusCode": 200}	a4d0ba27-bf3a-497f-807a-71b653304e3d	d2f63e49-f24d-4cda-8ff8-9056d6ee4bea	{}
34018ac1-cd59-42c9-ac94-8da929e02fec	documentos	9bb0e5e0-bc27-4ee3-b98c-7dcf44abe2e2/828-2012.pdf	d2f63e49-f24d-4cda-8ff8-9056d6ee4bea	2025-04-11 22:24:42.493307+00	2025-04-11 22:24:42.493307+00	2025-04-11 22:24:42.493307+00	{"eTag": "\\"e748e171f5150ff0adc5197e31d5ea96\\"", "size": 697598, "mimetype": "application/pdf", "cacheControl": "max-age=3600", "lastModified": "2025-04-11T22:24:43.000Z", "contentLength": 697598, "httpStatusCode": 200}	1f4648a0-5dab-4f57-ad56-78f96d20550b	d2f63e49-f24d-4cda-8ff8-9056d6ee4bea	{}
5a6eb71e-ef9e-4910-9a77-1987dad6b310	documentos	9bb0e5e0-bc27-4ee3-b98c-7dcf44abe2e2/29148-2011.pdf	d2f63e49-f24d-4cda-8ff8-9056d6ee4bea	2025-04-11 22:26:18.213406+00	2025-04-11 22:26:18.213406+00	2025-04-11 22:26:18.213406+00	{"eTag": "\\"ac672f2b922b7b109e5510a24e28a701\\"", "size": 631835, "mimetype": "application/pdf", "cacheControl": "max-age=3600", "lastModified": "2025-04-11T22:26:19.000Z", "contentLength": 631835, "httpStatusCode": 200}	a1275135-50d5-42d7-8cc2-6af8130ebc4d	d2f63e49-f24d-4cda-8ff8-9056d6ee4bea	{}
e6746f03-a7a2-4767-b00c-564001160db0	documentos	9bb0e5e0-bc27-4ee3-b98c-7dcf44abe2e2/Data-Backup-Plan-Template_.docx-1.pdf	7dfad126-2905-431a-829b-fcae851fe102	2025-04-22 22:01:32.608499+00	2025-04-22 22:01:32.608499+00	2025-04-22 22:01:32.608499+00	{"eTag": "\\"45ed5302fdcf37830caf98189e96630f\\"", "size": 375174, "mimetype": "application/pdf", "cacheControl": "max-age=3600", "lastModified": "2025-04-22T22:01:33.000Z", "contentLength": 375174, "httpStatusCode": 200}	0b8ddd87-2716-4025-a441-ccd915b79302	7dfad126-2905-431a-829b-fcae851fe102	{}
a648f5fc-09eb-4547-bbd9-4c1b79b99009	documentos	9bb0e5e0-bc27-4ee3-b98c-7dcf44abe2e2/Module Handbook Certificates 25-26_final_02_2025 (1).pdf	412b6cda-4dbd-4bec-832e-1509eaf56414	2025-04-23 18:30:26.299774+00	2025-04-23 18:30:26.299774+00	2025-04-23 18:30:26.299774+00	{"eTag": "\\"bb2be22b8a05c390fb840d333ec3102c\\"", "size": 1069889, "mimetype": "application/pdf", "cacheControl": "max-age=3600", "lastModified": "2025-04-23T18:30:27.000Z", "contentLength": 1069889, "httpStatusCode": 200}	0a5f40d6-a964-416c-8c36-038348924881	412b6cda-4dbd-4bec-832e-1509eaf56414	{}
2252ef02-8752-4b71-b018-217af1e780fa	documentos	9bb0e5e0-bc27-4ee3-b98c-7dcf44abe2e2/M4 Luffy.pdf	7478c90f-4de7-494d-ae79-fc28756dc4ab	2025-04-10 23:08:25.649527+00	2025-04-24 20:18:03.933874+00	2025-04-10 23:08:25.649527+00	{"eTag": "\\"4d5e67c65953b2e674f9ae94879246be\\"", "size": 32834, "mimetype": "application/pdf", "cacheControl": "max-age=3600", "lastModified": "2025-04-24T20:18:04.000Z", "contentLength": 32834, "httpStatusCode": 200}	5ba5279c-f5fe-46af-9dff-2ca0a0d076b1	7478c90f-4de7-494d-ae79-fc28756dc4ab	{}
17ab4b3e-e0c2-4e74-95b6-35a79e3413ab	profile-pictures	.emptyFolderPlaceholder	\N	2025-04-25 05:44:49.092201+00	2025-04-25 05:44:49.092201+00	2025-04-25 05:44:49.092201+00	{"eTag": "\\"d41d8cd98f00b204e9800998ecf8427e\\"", "size": 0, "mimetype": "application/octet-stream", "cacheControl": "max-age=3600", "lastModified": "2025-04-25T05:44:50.000Z", "contentLength": 0, "httpStatusCode": 200}	3c3e76d0-b0e6-4878-80e9-9e926f5ea406	\N	{}
e0ced652-cc8a-44bb-875d-a6f96aa15f72	profile-pictures	b3f42013-85ab-406b-b823-89ab1da60b82/perfil.jpg	\N	2025-04-25 05:45:14.433594+00	2025-04-25 05:45:25.768952+00	2025-04-25 05:45:14.433594+00	{"eTag": "\\"3be5df47860e8e3fd1c71d783a87d471\\"", "size": 120310, "mimetype": "image/jpeg", "cacheControl": "max-age=3600", "lastModified": "2025-04-25T05:45:26.000Z", "contentLength": 120310, "httpStatusCode": 200}	5b0e88dd-f8e0-4820-a5b1-4fef816e4ab0	\N	\N
43d45d96-2775-413e-8db0-6efb450bb075	documentos	7dfad126-2905-431a-829b-fcae851fe102/Data-Backup-Plan-Template_.docx-1.pdf	7dfad126-2905-431a-829b-fcae851fe102	2025-04-25 05:49:08.71233+00	2025-04-25 05:49:08.71233+00	2025-04-25 05:49:08.71233+00	{"eTag": "\\"45ed5302fdcf37830caf98189e96630f\\"", "size": 375174, "mimetype": "application/pdf", "cacheControl": "max-age=3600", "lastModified": "2025-04-25T05:49:09.000Z", "contentLength": 375174, "httpStatusCode": 200}	20f3222f-b16a-4ec1-8014-cfc5d88c82dc	7dfad126-2905-431a-829b-fcae851fe102	{}
787b268b-9805-4080-a958-a9bd6f0363c5	documentos	06e8e948-5dd3-4b5f-b314-25fa5cd5893b/Pathexplorer.pdf	06e8e948-5dd3-4b5f-b314-25fa5cd5893b	2025-04-24 05:22:22.855726+00	2025-04-25 05:53:33.293632+00	2025-04-24 05:22:22.855726+00	{"eTag": "\\"33fe4788feab92ac37048e015d2dc97b\\"", "size": 3418655, "mimetype": "application/pdf", "cacheControl": "max-age=3600", "lastModified": "2025-04-25T05:53:34.000Z", "contentLength": 3418655, "httpStatusCode": 200}	f0e19475-8e05-4d53-b449-c977bc3c73f7	06e8e948-5dd3-4b5f-b314-25fa5cd5893b	{}
531e4efe-ef63-4719-a37e-1b5630e6ede4	profile-pictures	b3f42013-85ab-406b-b823-89ab1da60b82/perfil	ff98b050-236d-4a28-8aea-567f03b9f3c3	2025-04-25 09:50:13.363572+00	2025-04-25 09:50:13.363572+00	2025-04-25 09:50:13.363572+00	{"eTag": "\\"141e3f8e613a194080f10b75ce8729de\\"", "size": 225263, "mimetype": "image/jpeg", "cacheControl": "max-age=3600", "lastModified": "2025-04-25T09:50:14.000Z", "contentLength": 225263, "httpStatusCode": 200}	2e2d8c92-a8fd-4193-8a9b-9ac36215ced2	ff98b050-236d-4a28-8aea-567f03b9f3c3	{}
72d01e3c-eccd-4ab3-8d31-52835ff4e3f9	documentos	06e8e948-5dd3-4b5f-b314-25fa5cd5893b/ERD Proyecto.pdf	06e8e948-5dd3-4b5f-b314-25fa5cd5893b	2025-04-25 10:41:15.170656+00	2025-04-25 10:41:15.170656+00	2025-04-25 10:41:15.170656+00	{"eTag": "\\"25fbc215e220257a3d3c93c613eb0715\\"", "size": 90939, "mimetype": "application/pdf", "cacheControl": "max-age=3600", "lastModified": "2025-04-25T10:41:16.000Z", "contentLength": 90939, "httpStatusCode": 200}	a0f4b149-ec72-4512-966d-e7661cd224c3	06e8e948-5dd3-4b5f-b314-25fa5cd5893b	{}
852cc6c1-224e-494d-bff0-1a2df2e76877	profile-pictures	ff98b050-236d-4a28-8aea-567f03b9f3c3/perfil	ff98b050-236d-4a28-8aea-567f03b9f3c3	2025-04-25 09:55:21.201691+00	2025-04-25 12:12:54.074113+00	2025-04-25 09:55:21.201691+00	{"eTag": "\\"602357e6e3883660c880c07fb1faac77\\"", "size": 540268, "mimetype": "image/png", "cacheControl": "max-age=3600", "lastModified": "2025-04-25T12:12:54.000Z", "contentLength": 540268, "httpStatusCode": 200}	f9ec0ac0-76ed-4e09-9189-98d3ce6807f1	ff98b050-236d-4a28-8aea-567f03b9f3c3	{}
b46d1174-88bc-4fa8-b47a-dd5af162ff24	documentos	ff98b050-236d-4a28-8aea-567f03b9f3c3/Modelos de Agilidad.pdf	ff98b050-236d-4a28-8aea-567f03b9f3c3	2025-04-25 11:20:35.445332+00	2025-04-25 11:20:35.445332+00	2025-04-25 11:20:35.445332+00	{"eTag": "\\"71808cb2fda42c896770a490f5b66a45\\"", "size": 230613, "mimetype": "application/pdf", "cacheControl": "max-age=3600", "lastModified": "2025-04-25T11:20:36.000Z", "contentLength": 230613, "httpStatusCode": 200}	d0b4cf28-b13e-4fd5-9abc-0a6be72b2cad	ff98b050-236d-4a28-8aea-567f03b9f3c3	{}
f57e689f-2084-4862-917c-893a401d0afc	profile-pictures	66297fcd-b66d-4deb-ad5b-f24ba1dfd26a/perfil	7478c90f-4de7-494d-ae79-fc28756dc4ab	2025-04-25 15:17:43.678033+00	2025-04-25 15:17:43.678033+00	2025-04-25 15:17:43.678033+00	{"eTag": "\\"529b591a5f03bed30437fb66e0cd24b5\\"", "size": 35891, "mimetype": "image/png", "cacheControl": "max-age=3600", "lastModified": "2025-04-25T15:17:44.000Z", "contentLength": 35891, "httpStatusCode": 200}	0dab4358-8dcd-4811-87e4-83b1949a16ca	7478c90f-4de7-494d-ae79-fc28756dc4ab	{}
54c97470-5fa6-4e1a-bf68-e93af5e5af52	profile-pictures	7478c90f-4de7-494d-ae79-fc28756dc4ab/perfil	7478c90f-4de7-494d-ae79-fc28756dc4ab	2025-04-25 15:34:41.433792+00	2025-04-25 15:34:41.433792+00	2025-04-25 15:34:41.433792+00	{"eTag": "\\"6d1f5b17c8ab601783daa9faeec96492\\"", "size": 76359, "mimetype": "image/png", "cacheControl": "max-age=3600", "lastModified": "2025-04-25T15:34:42.000Z", "contentLength": 76359, "httpStatusCode": 200}	fa6bff61-35d7-4f33-adb6-655d178e4896	7478c90f-4de7-494d-ae79-fc28756dc4ab	{}
b8fead1e-5a48-4ded-9193-d460412f90dd	documentos	5f096705-11c3-49b1-b42c-d7bd17a75439/CertificadoJS.pdf	5f096705-11c3-49b1-b42c-d7bd17a75439	2025-04-25 20:11:35.711571+00	2025-04-25 20:11:35.711571+00	2025-04-25 20:11:35.711571+00	{"eTag": "\\"9aae1d346f791ebf503fdd6e3ea73f93\\"", "size": 1216724, "mimetype": "application/pdf", "cacheControl": "max-age=3600", "lastModified": "2025-04-25T20:11:36.000Z", "contentLength": 1216724, "httpStatusCode": 200}	2a152c5a-605f-468a-affc-78656507a205	5f096705-11c3-49b1-b42c-d7bd17a75439	{}
7249ff66-a542-41e9-850b-f7a3f9157665	documentos	5f096705-11c3-49b1-b42c-d7bd17a75439/CertificadoDB.pdf	5f096705-11c3-49b1-b42c-d7bd17a75439	2025-04-25 20:14:06.973149+00	2025-04-25 20:14:06.973149+00	2025-04-25 20:14:06.973149+00	{"eTag": "\\"7e567b0769e88d216d259235267c8754\\"", "size": 102000, "mimetype": "application/pdf", "cacheControl": "max-age=3600", "lastModified": "2025-04-25T20:14:07.000Z", "contentLength": 102000, "httpStatusCode": 200}	ba9c775d-ef23-4c36-a54d-a9052ea7224a	5f096705-11c3-49b1-b42c-d7bd17a75439	{}
762a1f8a-2f4c-4634-b5a6-fd4f41647cc8	documentos	5f096705-11c3-49b1-b42c-d7bd17a75439/CertificadoLinux.pdf	5f096705-11c3-49b1-b42c-d7bd17a75439	2025-04-25 20:50:24.197233+00	2025-04-25 20:50:24.197233+00	2025-04-25 20:50:24.197233+00	{"eTag": "\\"361560f19e3a20d3738e9e961fc368e9\\"", "size": 1167535, "mimetype": "application/pdf", "cacheControl": "max-age=3600", "lastModified": "2025-04-25T20:50:25.000Z", "contentLength": 1167535, "httpStatusCode": 200}	c25c24aa-271e-45d2-9d37-14f49e7b3526	5f096705-11c3-49b1-b42c-d7bd17a75439	{}
c7535737-001a-48cb-b87d-3ccaf9dc6873	documentos	5f096705-11c3-49b1-b42c-d7bd17a75439/CertificadoPM.pdf	5f096705-11c3-49b1-b42c-d7bd17a75439	2025-04-25 20:54:50.347127+00	2025-04-25 20:54:50.347127+00	2025-04-25 20:54:50.347127+00	{"eTag": "\\"4085b9434cddc8384525209d6bfc7ee8\\"", "size": 1217186, "mimetype": "application/pdf", "cacheControl": "max-age=3600", "lastModified": "2025-04-25T20:54:51.000Z", "contentLength": 1217186, "httpStatusCode": 200}	fa8cd402-f312-4f99-a97e-6a78e2562e7b	5f096705-11c3-49b1-b42c-d7bd17a75439	{}
f0fa2f72-1985-4975-8391-6f7c54aa29b4	documentos	5ad0bb87-f4fc-413c-adba-ef4b0b9402d1/CertificadoDBIsaac.pdf	5ad0bb87-f4fc-413c-adba-ef4b0b9402d1	2025-04-25 20:58:56.021032+00	2025-04-25 20:58:56.021032+00	2025-04-25 20:58:56.021032+00	{"eTag": "\\"619ee7b1b78de5ea3d4467d23df0a13b\\"", "size": 1222396, "mimetype": "application/pdf", "cacheControl": "max-age=3600", "lastModified": "2025-04-25T20:58:56.000Z", "contentLength": 1222396, "httpStatusCode": 200}	0a1b511e-a0d5-4ea8-8c54-a84569033834	5ad0bb87-f4fc-413c-adba-ef4b0b9402d1	{}
95b16f4d-a301-4d6b-93d5-bee504d16bb5	profile-pictures	5f096705-11c3-49b1-b42c-d7bd17a75439/perfil	3912d459-b96e-4150-9a2a-fb9135ebc374	2025-04-25 18:25:15.951954+00	2025-04-25 21:34:04.254946+00	2025-04-25 18:25:15.951954+00	{"eTag": "\\"ffb0dd63a42feb4bde36b32c953b26bd\\"", "size": 382970, "mimetype": "image/jpeg", "cacheControl": "max-age=3600", "lastModified": "2025-04-25T21:34:04.000Z", "contentLength": 382970, "httpStatusCode": 200}	4d7fa78d-5f40-43ea-8e96-2f250ef7ee33	3912d459-b96e-4150-9a2a-fb9135ebc374	{}
4fb86d28-07fc-42c3-8192-f40d8fb7d0c3	documentos	36abc818-b3a6-440f-933a-79ff41fe5b67/M5_A00837999.pdf	36abc818-b3a6-440f-933a-79ff41fe5b67	2025-04-25 23:17:48.640692+00	2025-04-25 23:17:48.640692+00	2025-04-25 23:17:48.640692+00	{"eTag": "\\"032afdba54f833ece99518099eaf5631\\"", "size": 270519, "mimetype": "application/pdf", "cacheControl": "max-age=3600", "lastModified": "2025-04-25T23:17:49.000Z", "contentLength": 270519, "httpStatusCode": 200}	a7db0436-3097-4172-914e-51fa749e3158	36abc818-b3a6-440f-933a-79ff41fe5b67	{}
54fda307-43a7-43b7-a378-b3a45f8ea241	profile-pictures	fc1276e7-efc6-4ec5-b2cd-bfab2005930e/perfil	fc1276e7-efc6-4ec5-b2cd-bfab2005930e	2025-04-29 22:03:03.901704+00	2025-04-29 22:03:03.901704+00	2025-04-29 22:03:03.901704+00	{"eTag": "\\"c0ab65d262b44960d89f430137980d8e\\"", "size": 2394948, "mimetype": "image/jpeg", "cacheControl": "max-age=3600", "lastModified": "2025-04-29T22:03:04.000Z", "contentLength": 2394948, "httpStatusCode": 200}	53de96dc-8c46-423e-844f-5bce42edcc23	fc1276e7-efc6-4ec5-b2cd-bfab2005930e	{}
195c123b-5da9-46d7-b7a9-20610f1d4fbb	documentos	fc1276e7-efc6-4ec5-b2cd-bfab2005930e/Application_Form_Incomings (2).pdf	fc1276e7-efc6-4ec5-b2cd-bfab2005930e	2025-04-29 22:06:56.504453+00	2025-04-29 22:06:56.504453+00	2025-04-29 22:06:56.504453+00	{"eTag": "\\"4a63ea7baa3da152ea47dd2b03b64706\\"", "size": 41514, "mimetype": "application/pdf", "cacheControl": "max-age=3600", "lastModified": "2025-04-29T22:06:57.000Z", "contentLength": 41514, "httpStatusCode": 200}	a6a86c53-1692-40df-967e-37cdc21277ff	fc1276e7-efc6-4ec5-b2cd-bfab2005930e	{}
fb90cb0d-50c2-4fa0-b176-6113a7d78dac	profile-pictures	386e63ba-dc8f-4af6-9447-44f7976a4a0c/perfil	386e63ba-dc8f-4af6-9447-44f7976a4a0c	2025-05-20 00:00:57.265048+00	2025-05-20 00:00:57.265048+00	2025-05-20 00:00:57.265048+00	{"eTag": "\\"55dd6bdaf7f9bd4f01cc0f4a1b406076\\"", "size": 287377, "mimetype": "image/png", "cacheControl": "max-age=3600", "lastModified": "2025-05-20T00:00:57.000Z", "contentLength": 287377, "httpStatusCode": 200}	4cfcdbbe-7b73-4e85-b714-35bbb953fed5	386e63ba-dc8f-4af6-9447-44f7976a4a0c	{}
\.


--
-- Data for Name: s3_multipart_uploads; Type: TABLE DATA; Schema: storage; Owner: supabase_storage_admin
--

COPY "storage"."s3_multipart_uploads" ("id", "in_progress_size", "upload_signature", "bucket_id", "key", "version", "owner_id", "created_at", "user_metadata") FROM stdin;
\.


--
-- Data for Name: s3_multipart_uploads_parts; Type: TABLE DATA; Schema: storage; Owner: supabase_storage_admin
--

COPY "storage"."s3_multipart_uploads_parts" ("id", "upload_id", "size", "part_number", "bucket_id", "key", "etag", "owner_id", "version", "created_at") FROM stdin;
\.


--
-- Name: refresh_tokens_id_seq; Type: SEQUENCE SET; Schema: auth; Owner: supabase_auth_admin
--

SELECT pg_catalog.setval('"auth"."refresh_tokens_id_seq"', 1012, true);


--
-- PostgreSQL database dump complete
--

RESET ALL;
